sample_id,experimental_condition,predicted_evidence_state,gate_action,gate_reason,output_policy,source_baseline_condition,generated_report,was_model_inference_run,baseline_pair_identifier
IU_1,sufficient,sufficient,generate,Evidence is sufficient and context is consistent.,generate,sufficient,"clinical indication : positive tb test generate a radiology report for this chest x - ray. findings : the lungs are clear without focal consolidation, pleural effusion, or pneumothorax. the heart is normal in size. the mediastinal contours are normal. impression : no acute cardiopulmonary process.",False,IU_1_sufficient
IU_1,irrelevant,irrelevant,discount_context,Provided clinical context is not relevant to the imaging task.,discount_context,insufficient,generate a radiology report for this chest x - ray. findings : the lungs are clear without consolidation or edema. there is no pleural effusion or pneumothorax. the cardiomediastinal silhouette is normal. impression : no acute cardiopulmonary process.,False,IU_1_irrelevant
IU_1,conflicting,conflicting,qualify_or_abstain,Clinical context conflicts with available evidence.,qualify_or_abstain,conflicting,[WARNING: Clinical context conflict detected] clinical indication : pleural effusion is present. generate a radiology report for this chest x - ray. findings : frontal and lateral chest radiographs demonstrate a normal cardiomediastinal silhouette and well - aerated lungs which are clear. there is no pleural effusion or pneumothorax. the visualized upper abdomen is unremarkable. impression : normal chest radiograph.,False,IU_1_conflicting
IU_1,insufficient,incomplete,qualify,Relevant clinical context is incomplete.,qualify,insufficient,[QUALIFIED: Incomplete clinical context] generate a radiology report for this chest x - ray. findings : the lungs are clear without consolidation or edema. there is no pleural effusion or pneumothorax. the cardiomediastinal silhouette is normal. impression : no acute cardiopulmonary process.,False,IU_1_insufficient
IU_2,sufficient,sufficient,generate,Evidence is sufficient and context is consistent.,generate,sufficient,"clinical indication : preop bariatric surgery. generate a radiology report for this chest x - ray. findings : the lungs are clear without focal consolidation, pleural effusion or pneumothorax. the heart is normal in size. the mediastinal contours are normal. impression : no acute cardiopulmonary process.",False,IU_2_sufficient
IU_2,irrelevant,irrelevant,discount_context,Provided clinical context is not relevant to the imaging task.,discount_context,insufficient,generate a radiology report for this chest x - ray. findings : the lungs are clear without consolidation or edema. there is no pleural effusion or pneumothorax. the cardiomediastinal silhouette is normal. impression : no acute cardiopulmonary process.,False,IU_2_irrelevant
IU_2,conflicting,conflicting,qualify_or_abstain,Clinical context conflicts with available evidence.,qualify_or_abstain,conflicting,"[WARNING: Clinical context conflict detected] clinical indication : there is no cardiomegaly. generate a radiology report for this chest x - ray. findings : frontal and lateral chest radiographs demonstrate a normal cardiomediastinal silhouette and well - aerated lungs which are clear. there is no focal consolidation, pleural effusion, or pneumothorax. the visualized upper abdomen is unremarkable. impression : normal chest radiograph.",False,IU_2_conflicting
IU_2,insufficient,incomplete,qualify,Relevant clinical context is incomplete.,qualify,insufficient,[QUALIFIED: Incomplete clinical context] generate a radiology report for this chest x - ray. findings : the lungs are clear without consolidation or edema. there is no pleural effusion or pneumothorax. the cardiomediastinal silhouette is normal. impression : no acute cardiopulmonary process.,False,IU_2_insufficient
IU_4,sufficient,sufficient,generate,Evidence is sufficient and context is consistent.,generate,sufficient,clinical indication : xxxx - year - old xxxx with xxxx. generate a radiology report for this chest x - ray. findings : the lungs are well expanded and clear. cardiomediastinal and hilar contours are unremarkable. there is no pleural effusion or pneumothorax. impression : unremarkable chest x - ray.,False,IU_4_sufficient
IU_4,irrelevant,irrelevant,discount_context,Provided clinical context is not relevant to the imaging task.,discount_context,insufficient,generate a radiology report for this chest x - ray. findings : the lungs are clear without consolidation or edema. there is no pleural effusion or pneumothorax : the cardiomediastinal silhouette is normal. impression : no acute cardiopulmonary process.,False,IU_4_irrelevant
IU_4,insufficient,incomplete,qualify,Relevant clinical context is incomplete.,qualify,insufficient,[QUALIFIED: Incomplete clinical context] generate a radiology report for this chest x - ray. findings : the lungs are clear without consolidation or edema. there is no pleural effusion or pneumothorax : the cardiomediastinal silhouette is normal. impression : no acute cardiopulmonary process.,False,IU_4_insufficient
IU_5,sufficient,sufficient,generate,Evidence is sufficient and context is consistent.,generate,sufficient,clinical indication : chest and nasal congestion. generate a radiology report for this chest x - ray. findings : frontal and lateral chest radiographs demonstrate a normal cardiomediastinal silhouette and well - aerated lungs which are clear. there is no pleural effusion or pneumothorax. impression : no acute cardiopulmonary process.,False,IU_5_sufficient
IU_5,incomplete,sufficient,generate,Evidence is sufficient and context is consistent.,generate,incomplete,clinical indication : nasal congestion. generate a radiology report for this chest x - ray. findings : frontal and lateral chest radiographs demonstrate unremarkable cardiomediastinal and hilar contours. lungs are clear. no pleural effusion or pneumothorax evident. no osseous abnormality identified. impression : normal chest radiograph.,False,IU_5_incomplete
IU_5,irrelevant,irrelevant,discount_context,Provided clinical context is not relevant to the imaging task.,discount_context,insufficient,generate a radiology report for this chest x - ray. findings : the lungs are clear without consolidation or edema. there is no pleural effusion or pneumothorax. the cardiomediastinal silhouette is normal. impression : no acute cardiopulmonary process.,False,IU_5_irrelevant
IU_5,conflicting,conflicting,qualify_or_abstain,Clinical context conflicts with available evidence.,qualify_or_abstain,conflicting,[WARNING: Clinical context conflict detected] clinical indication : pleural effusion is present. generate a radiology report for this chest x - ray. findings : frontal and lateral chest radiographs demonstrate a normal cardiomediastinal silhouette and well - aerated lungs which are clear. there is no pleural effusion or pneumothorax. impression : normal chest radiograph.,False,IU_5_conflicting
IU_5,insufficient,incomplete,qualify,Relevant clinical context is incomplete.,qualify,insufficient,[QUALIFIED: Incomplete clinical context] generate a radiology report for this chest x - ray. findings : the lungs are clear without consolidation or edema. there is no pleural effusion or pneumothorax. the cardiomediastinal silhouette is normal. impression : no acute cardiopulmonary process.,False,IU_5_insufficient
IU_6,sufficient,sufficient,generate,Evidence is sufficient and context is consistent.,generate,sufficient,clinical indication : evaluate for infection generate a radiology report for this chest x - ray. findings : the lungs are clear. the cardiac and mediastinal contours are normal. there are no pleural effusions. no pneumothorax is seen. impression : no acute cardiac or pulmonary process.,False,IU_6_sufficient
IU_6,irrelevant,irrelevant,discount_context,Provided clinical context is not relevant to the imaging task.,discount_context,insufficient,generate a radiology report for this chest x - ray. findings : the lungs are clear without consolidation or edema. there is no pleural effusion or pneumothorax. the cardiomediastinal silhouette is normal. impression : no acute cardiopulmonary process.,False,IU_6_irrelevant
IU_6,conflicting,conflicting,qualify_or_abstain,Clinical context conflicts with available evidence.,qualify_or_abstain,conflicting,[WARNING: Clinical context conflict detected] clinical indication : focal airspace consolidation is present. generate a radiology report for this chest x - ray. findings : the lungs are clear. the heart size is normal. the mediastinal contours are normal. there are no pleural effusions. no pneumothorax is seen. impression : no acute cardiac or pulmonary process.,False,IU_6_conflicting
IU_6,insufficient,incomplete,qualify,Relevant clinical context is incomplete.,qualify,insufficient,[QUALIFIED: Incomplete clinical context] generate a radiology report for this chest x - ray. findings : the lungs are clear without consolidation or edema. there is no pleural effusion or pneumothorax. the cardiomediastinal silhouette is normal. impression : no acute cardiopulmonary process.,False,IU_6_insufficient
IU_7,sufficient,sufficient,generate,Evidence is sufficient and context is consistent.,generate,sufficient,"clinical indication : preop lumbar surgery generate a radiology report for this chest x - ray. findings : the lungs are clear without focal consolidation, pleural effusion, or pneumothorax. the heart is normal in size. the mediastinal and hilar contours are within normal limits. impression : no acute cardiopulmonary process.",False,IU_7_sufficient
IU_7,irrelevant,irrelevant,discount_context,Provided clinical context is not relevant to the imaging task.,discount_context,insufficient,generate a radiology report for this chest x - ray. findings : the lungs are clear without consolidation or edema. there is no pleural effusion or pneumothorax. the cardiomediastinal silhouette is normal. impression : no acute cardiopulmonary process.,False,IU_7_irrelevant
IU_7,conflicting,conflicting,qualify_or_abstain,Clinical context conflicts with available evidence.,qualify_or_abstain,conflicting,[WARNING: Clinical context conflict detected] clinical indication : there is no basilar atelectasis. generate a radiology report for this chest x - ray. findings : the lungs are clear without consolidation or edema. there is no pleural effusion or pneumothorax. the cardiomediastinal silhouette is normal. impression : no acute cardiopulmonary process.,False,IU_7_conflicting
IU_7,insufficient,incomplete,qualify,Relevant clinical context is incomplete.,qualify,insufficient,[QUALIFIED: Incomplete clinical context] generate a radiology report for this chest x - ray. findings : the lungs are clear without consolidation or edema. there is no pleural effusion or pneumothorax. the cardiomediastinal silhouette is normal. impression : no acute cardiopulmonary process.,False,IU_7_insufficient
IU_8,sufficient,sufficient,generate,Evidence is sufficient and context is consistent.,generate,sufficient,"clinical indication : xxxx - year - old with xxxx on xxxx. dyspnea. history of mitral valve prolapse. generate a radiology report for this chest x - ray. findings : the lungs are well expanded and clear. the cardiomediastinal silhouette, hilar contours, and pleural surfaces are normal. there is no pleural effusion or pneumothorax. impression : normal radiograph of the chest.",False,IU_8_sufficient
IU_8,incomplete,sufficient,generate,Evidence is sufficient and context is consistent.,generate,incomplete,clinical indication : history of mitral valve prolapse. generate a radiology report for this chest x - ray. findings : the lungs are clear without consolidation or edema. there is no pleural effusion or pneumothorax. the cardiomediastinal silhouette is normal. impression : no acute cardiopulmonary process.,False,IU_8_incomplete
IU_8,irrelevant,irrelevant,discount_context,Provided clinical context is not relevant to the imaging task.,discount_context,insufficient,generate a radiology report for this chest x - ray. findings : the lungs are clear without consolidation or edema. there is no pleural effusion or pneumothorax. the cardiomediastinal silhouette is normal. impression : normal chest x - ray.,False,IU_8_irrelevant
IU_8,conflicting,conflicting,qualify_or_abstain,Clinical context conflicts with available evidence.,qualify_or_abstain,conflicting,[WARNING: Clinical context conflict detected] clinical indication : a focal airspace opacity is present. generate a radiology report for this chest x - ray. findings : the lungs are clear. the heart size is normal. the mediastinal contours are normal. there are no pleural effusions. no pneumothorax is seen. impression : no acute cardiac or pulmonary process.,False,IU_8_conflicting
IU_8,insufficient,incomplete,qualify,Relevant clinical context is incomplete.,qualify,insufficient,[QUALIFIED: Incomplete clinical context] generate a radiology report for this chest x - ray. findings : the lungs are clear without consolidation or edema. there is no pleural effusion or pneumothorax. the cardiomediastinal silhouette is normal. impression : normal chest x - ray.,False,IU_8_insufficient
IU_9,sufficient,sufficient,generate,Evidence is sufficient and context is consistent.,generate,sufficient,"clinical indication : chest pain today. history of stent placement 7 + years ago. generate a radiology report for this chest x - ray. findings : the lungs are clear without focal consolidation, pleural effusion or pneumothorax. the heart size is normal. the mediastinal contours are normal. impression : no acute cardiopulmonary process.",False,IU_9_sufficient
IU_9,incomplete,sufficient,generate,Evidence is sufficient and context is consistent.,generate,incomplete,"clinical indication : history of stent placement 7 + years ago. generate a radiology report for this chest x - ray. findings : the lungs are clear without focal consolidation, pleural effusion, or pneumothorax. the heart size is normal. the cardiac, hilar, and mediastinal contours are within normal limits. impression : no acute cardiopulmonary abnormality.",False,IU_9_incomplete
IU_9,irrelevant,irrelevant,discount_context,Provided clinical context is not relevant to the imaging task.,discount_context,insufficient,generate a radiology report for this chest x - ray. findings : the lungs are clear without consolidation or edema. there is no pleural effusion or pneumothorax. the cardiomediastinal silhouette is normal. impression : no acute cardiopulmonary process.,False,IU_9_irrelevant
IU_9,insufficient,incomplete,qualify,Relevant clinical context is incomplete.,qualify,insufficient,[QUALIFIED: Incomplete clinical context] generate a radiology report for this chest x - ray. findings : the lungs are clear without consolidation or edema. there is no pleural effusion or pneumothorax. the cardiomediastinal silhouette is normal. impression : no acute cardiopulmonary process.,False,IU_9_insufficient
IU_10,sufficient,sufficient,generate,Evidence is sufficient and context is consistent.,generate,sufficient,"clinical indication : xxxx - year - old male, chest pain. generate a radiology report for this chest x - ray. findings : lungs are fully expanded and clear. cardiomediastinal and hilar contours are normal. there is no pleural effusion or pneumothorax. impression : normal chest radiograph.",False,IU_10_sufficient
IU_10,incomplete,sufficient,generate,Evidence is sufficient and context is consistent.,generate,incomplete,clinical indication : chest pain. generate a radiology report for this chest x - ray. findings : the lungs are clear. the hilar and cardiomediastinal contours are normal. there is no pneumothorax or pleural effusion. pulmonary vascularity is normal. impression : normal radiographs of the chest.,False,IU_10_incomplete
IU_10,irrelevant,irrelevant,discount_context,Provided clinical context is not relevant to the imaging task.,discount_context,insufficient,generate a radiology report for this chest x - ray. findings : the lungs are clear without consolidation or edema. there is no pleural effusion or pneumothorax. the cardiomediastinal silhouette is normal. impression : no acute cardiopulmonary process.,False,IU_10_irrelevant
IU_10,conflicting,conflicting,qualify_or_abstain,Clinical context conflicts with available evidence.,qualify_or_abstain,conflicting,[WARNING: Clinical context conflict detected] clinical indication : pleural effusion is present. generate a radiology report for this chest x - ray. findings : frontal and lateral chest radiographs demonstrate a normal cardiomediastinal silhouette and well - aerated lungs which are clear. there is no pleural effusion or pneumothorax. impression : normal chest radiograph.,False,IU_10_conflicting
IU_10,insufficient,incomplete,qualify,Relevant clinical context is incomplete.,qualify,insufficient,[QUALIFIED: Incomplete clinical context] generate a radiology report for this chest x - ray. findings : the lungs are clear without consolidation or edema. there is no pleural effusion or pneumothorax. the cardiomediastinal silhouette is normal. impression : no acute cardiopulmonary process.,False,IU_10_insufficient
IU_11,sufficient,sufficient,generate,Evidence is sufficient and context is consistent.,generate,sufficient,"clinical indication : fatigue, weakness, anterior chest pain generate a radiology report for this chest x - ray. findings : the lungs are clear without focal consolidation, pleural effusion, or pneumothorax. heart size is normal. mediastinal silhouette and hilar contours are normal. impression : no pneumonia.",False,IU_11_sufficient
IU_11,incomplete,sufficient,generate,Evidence is sufficient and context is consistent.,generate,incomplete,"clinical indication : anterior chest pain generate a radiology report for this chest x - ray. findings : the lungs are clear without focal consolidation, pleural effusion, or pneumothorax. heart size is normal. mediastinal silhouette and hilar contours are normal. impression : normal chest radiographs.",False,IU_11_incomplete
IU_11,irrelevant,irrelevant,discount_context,Provided clinical context is not relevant to the imaging task.,discount_context,insufficient,generate a radiology report for this chest x - ray. findings : the lungs are clear without consolidation or edema. there is no pleural effusion or pneumothorax. the cardiomediastinal silhouette is normal. impression : normal chest x - ray.,False,IU_11_irrelevant
IU_11,conflicting,conflicting,qualify_or_abstain,Clinical context conflicts with available evidence.,qualify_or_abstain,conflicting,[WARNING: Clinical context conflict detected] clinical indication : pleural effusion is present. generate a radiology report for this chest x - ray. findings : frontal and lateral chest radiographs demonstrate a normal cardiomediastinal silhouette and well - aerated lungs which are clear. there is no pleural effusion or pneumothorax. impression : normal chest radiograph.,False,IU_11_conflicting
IU_11,insufficient,incomplete,qualify,Relevant clinical context is incomplete.,qualify,insufficient,[QUALIFIED: Incomplete clinical context] generate a radiology report for this chest x - ray. findings : the lungs are clear without consolidation or edema. there is no pleural effusion or pneumothorax. the cardiomediastinal silhouette is normal. impression : normal chest x - ray.,False,IU_11_insufficient
IU_12,irrelevant,irrelevant,discount_context,Provided clinical context is not relevant to the imaging task.,discount_context,insufficient,generate a radiology report for this chest x - ray. findings : the lungs are clear without consolidation or edema. there is no pleural effusion or pneumothorax. the cardiomediastinal silhouette is normal. impression : no acute cardiopulmonary process.,False,IU_12_irrelevant
IU_12,insufficient,incomplete,qualify,Relevant clinical context is incomplete.,qualify,insufficient,[QUALIFIED: Incomplete clinical context] generate a radiology report for this chest x - ray. findings : the lungs are clear without consolidation or edema. there is no pleural effusion or pneumothorax. the cardiomediastinal silhouette is normal. impression : no acute cardiopulmonary process.,False,IU_12_insufficient
IU_13,irrelevant,irrelevant,discount_context,Provided clinical context is not relevant to the imaging task.,discount_context,insufficient,generate a radiology report for this chest x - ray. findings : the lungs are clear without consolidation or edema. there is no pleural effusion or pneumothorax. the cardiomediastinal silhouette is normal. impression : no acute cardiopulmonary process.,False,IU_13_irrelevant
IU_13,insufficient,incomplete,qualify,Relevant clinical context is incomplete.,qualify,insufficient,[QUALIFIED: Incomplete clinical context] generate a radiology report for this chest x - ray. findings : the lungs are clear without consolidation or edema. there is no pleural effusion or pneumothorax. the cardiomediastinal silhouette is normal. impression : no acute cardiopulmonary process.,False,IU_13_insufficient
IU_14,sufficient,sufficient,generate,Evidence is sufficient and context is consistent.,generate,sufficient,"clinical indication : xxxx - year - old female, chest pain generate a radiology report for this chest x - ray. findings : the lungs are well expanded and clear. cardiomediastinal and hilar contours are unremarkable. there is no pleural effusion or pneumothorax. impression : unremarkable chest x - ray.",False,IU_14_sufficient
IU_14,incomplete,sufficient,generate,Evidence is sufficient and context is consistent.,generate,incomplete,clinical indication : chest pain generate a radiology report for this chest x - ray. findings : frontal and lateral chest radiographs demonstrate a normal cardiomediastinal silhouette and well - aerated lungs which are clear. there is no pleural effusion or pneumothorax. impression : normal chest radiograph.,False,IU_14_incomplete
IU_14,irrelevant,irrelevant,discount_context,Provided clinical context is not relevant to the imaging task.,discount_context,insufficient,generate a radiology report for this chest x - ray. findings : the lungs are clear without consolidation or edema. there is no pleural effusion or pneumothorax. the cardiomediastinal silhouette is normal. impression : normal chest x - ray.,False,IU_14_irrelevant
IU_14,conflicting,conflicting,qualify_or_abstain,Clinical context conflicts with available evidence.,qualify_or_abstain,conflicting,[WARNING: Clinical context conflict detected] clinical indication : pulmonary edema is present. generate a radiology report for this chest x - ray. findings : the lungs are clear without consolidation or edema. there is no pleural effusion or pneumothorax. the cardiomediastinal silhouette is normal. impression : no acute cardiopulmonary process.,False,IU_14_conflicting
IU_14,insufficient,incomplete,qualify,Relevant clinical context is incomplete.,qualify,insufficient,[QUALIFIED: Incomplete clinical context] generate a radiology report for this chest x - ray. findings : the lungs are clear without consolidation or edema. there is no pleural effusion or pneumothorax. the cardiomediastinal silhouette is normal. impression : normal chest x - ray.,False,IU_14_insufficient
IU_15,irrelevant,irrelevant,discount_context,Provided clinical context is not relevant to the imaging task.,discount_context,insufficient,generate a radiology report for this chest x - ray. findings : the lungs are clear without focal consolidation. no pleural effusion or pneumothorax is seen. the cardiac and mediastinal silhouettes are unremarkable. no displaced fracture is seen. impression : no acute cardiopulmonary process.,False,IU_15_irrelevant
IU_15,insufficient,incomplete,qualify,Relevant clinical context is incomplete.,qualify,insufficient,[QUALIFIED: Incomplete clinical context] generate a radiology report for this chest x - ray. findings : the lungs are clear without focal consolidation. no pleural effusion or pneumothorax is seen. the cardiac and mediastinal silhouettes are unremarkable. no displaced fracture is seen. impression : no acute cardiopulmonary process.,False,IU_15_insufficient
IU_17,sufficient,sufficient,generate,Evidence is sufficient and context is consistent.,generate,sufficient,"clinical indication : xxxx - year - old female, chest pain. generate a radiology report for this chest x - ray. findings : the lungs are well expanded and clear. cardiomediastinal and hilar contours are unremarkable. there is no pleural effusion or pneumothorax. impression : unremarkable chest radiographic examination.",False,IU_17_sufficient
IU_17,incomplete,sufficient,generate,Evidence is sufficient and context is consistent.,generate,incomplete,clinical indication : chest pain. generate a radiology report for this chest x - ray. findings : the lungs are clear without consolidation or edema. there is no pleural effusion or pneumothorax. the cardiomediastinal silhouette is normal. impression : no acute cardiopulmonary process.,False,IU_17_incomplete
IU_17,irrelevant,irrelevant,discount_context,Provided clinical context is not relevant to the imaging task.,discount_context,insufficient,generate a radiology report for this chest x - ray. findings : the lungs are clear without consolidation or edema. there is no pleural effusion or pneumothorax. the cardiomediastinal silhouette is normal. impression : no acute cardiopulmonary process.,False,IU_17_irrelevant
IU_17,conflicting,conflicting,qualify_or_abstain,Clinical context conflicts with available evidence.,qualify_or_abstain,conflicting,[WARNING: Clinical context conflict detected] clinical indication : pleural effusion is present. generate a radiology report for this chest x - ray. findings : frontal and lateral chest radiographs demonstrate a normal cardiomediastinal silhouette and well - aerated lungs which are clear. there is no pleural effusion or pneumothorax. impression : normal chest radiograph.,False,IU_17_conflicting
IU_17,insufficient,incomplete,qualify,Relevant clinical context is incomplete.,qualify,insufficient,[QUALIFIED: Incomplete clinical context] generate a radiology report for this chest x - ray. findings : the lungs are clear without consolidation or edema. there is no pleural effusion or pneumothorax. the cardiomediastinal silhouette is normal. impression : no acute cardiopulmonary process.,False,IU_17_insufficient
IU_18,sufficient,sufficient,generate,Evidence is sufficient and context is consistent.,generate,sufficient,"clinical indication : xxxx - year - old male, pain generate a radiology report for this chest x - ray. findings : lungs are clear. cardiomediastinal and hilar contours are unremarkable. there is no pleural effusion or pneumothorax. impression : unremarkable chest radiograph.",False,IU_18_sufficient
IU_18,incomplete,sufficient,generate,Evidence is sufficient and context is consistent.,generate,incomplete,clinical indication : pain generate a radiology report for this chest x - ray. findings : the lungs are clear without consolidation or edema. there is no pleural effusion or pneumothorax. the cardiomediastinal silhouette is normal. impression : no acute cardiopulmonary process.,False,IU_18_incomplete
IU_18,irrelevant,irrelevant,discount_context,Provided clinical context is not relevant to the imaging task.,discount_context,insufficient,generate a radiology report for this chest x - ray. findings : the lungs are clear without consolidation or edema. there is no pleural effusion or pneumothorax. the cardiomediastinal silhouette is normal. impression : no acute cardiopulmonary process.,False,IU_18_irrelevant
IU_18,conflicting,conflicting,qualify_or_abstain,Clinical context conflicts with available evidence.,qualify_or_abstain,conflicting,[WARNING: Clinical context conflict detected] clinical indication : pulmonary edema is present. generate a radiology report for this chest x - ray. findings : the lungs are clear without consolidation or edema. there is no pleural effusion or pneumothorax. the cardiomediastinal silhouette is normal. impression : no acute cardiopulmonary process.,False,IU_18_conflicting
IU_18,insufficient,incomplete,qualify,Relevant clinical context is incomplete.,qualify,insufficient,[QUALIFIED: Incomplete clinical context] generate a radiology report for this chest x - ray. findings : the lungs are clear without consolidation or edema. there is no pleural effusion or pneumothorax. the cardiomediastinal silhouette is normal. impression : no acute cardiopulmonary process.,False,IU_18_insufficient
IU_19,sufficient,sufficient,generate,Evidence is sufficient and context is consistent.,generate,sufficient,"clinical indication : xxxx, preop for abdominal aortic aneurysm repair generate a radiology report for this chest x - ray. findings : the lungs are clear without focal consolidation, pleural effusion, or pneumothorax. the pulmonary vasculature is not engorged. the cardiac silhouette is normal in size. the mediastinal and hilar contours are within normal limits. impression : no acute cardiopulmonary process.",False,IU_19_sufficient
IU_19,irrelevant,irrelevant,discount_context,Provided clinical context is not relevant to the imaging task.,discount_context,insufficient,"generate a radiology report for this chest x - ray. findings : the lungs are well expanded and clear. there is no focal consolidation, effusion, or pneumothorax. cardiac and mediastinal contours are normal. impression : normal chest x - ray.",False,IU_19_irrelevant
IU_19,conflicting,conflicting,qualify_or_abstain,Clinical context conflicts with available evidence.,qualify_or_abstain,conflicting,[WARNING: Clinical context conflict detected] clinical indication : pleural effusion is present. generate a radiology report for this chest x - ray. findings : frontal and lateral chest radiographs demonstrate a normal cardiomediastinal silhouette and well - aerated lungs which are clear. there is no pleural effusion or pneumothorax. impression : normal chest radiograph.,False,IU_19_conflicting
IU_19,insufficient,incomplete,qualify,Relevant clinical context is incomplete.,qualify,insufficient,"[QUALIFIED: Incomplete clinical context] generate a radiology report for this chest x - ray. findings : the lungs are well expanded and clear. there is no focal consolidation, effusion, or pneumothorax. cardiac and mediastinal contours are normal. impression : normal chest x - ray.",False,IU_19_insufficient
IU_20,sufficient,sufficient,generate,Evidence is sufficient and context is consistent.,generate,sufficient,"clinical indication : xxxx - year - old female with xxxx. generate a radiology report for this chest x - ray. findings : frontal and lateral chest radiographs demonstrate a normal cardiomediastinal silhouette and well - aerated lungs which are clear. there is no focal consolidation, pleural effusion, or pneumothorax. the visualized upper abdomen is unremarkable. impression : normal chest radiograph.",False,IU_20_sufficient
IU_20,irrelevant,irrelevant,discount_context,Provided clinical context is not relevant to the imaging task.,discount_context,insufficient,generate a radiology report for this chest x - ray. findings : the lungs are clear without consolidation or edema. there is no pleural effusion or pneumothorax. the cardiomediastinal silhouette is normal. impression : no acute cardiopulmonary process.,False,IU_20_irrelevant
IU_20,conflicting,conflicting,qualify_or_abstain,Clinical context conflicts with available evidence.,qualify_or_abstain,conflicting,"[WARNING: Clinical context conflict detected] clinical indication : a pneumothorax is present. generate a radiology report for this chest x - ray. findings : the heart size is normal. the hilar and mediastinal contours are within normal limits. there is no pneumothorax, focal consolidation, or pleural effusion. impression : no pneumothorax.",False,IU_20_conflicting
IU_20,insufficient,incomplete,qualify,Relevant clinical context is incomplete.,qualify,insufficient,[QUALIFIED: Incomplete clinical context] generate a radiology report for this chest x - ray. findings : the lungs are clear without consolidation or edema. there is no pleural effusion or pneumothorax. the cardiomediastinal silhouette is normal. impression : no acute cardiopulmonary process.,False,IU_20_insufficient
IU_22,sufficient,sufficient,generate,Evidence is sufficient and context is consistent.,generate,sufficient,clinical indication : xxxx - year - old woman with xxxx for 3 weeks. generate a radiology report for this chest x - ray. findings : normal cardiomediastinal and hilar contours. lungs are clear. no pleural effusion or pneumothorax. impression : normal chest radiograph.,False,IU_22_sufficient
IU_22,irrelevant,irrelevant,discount_context,Provided clinical context is not relevant to the imaging task.,discount_context,insufficient,"generate a radiology report for this chest x - ray. findings : the lungs are clear without focal consolidation, pleural effusion, or pneumothorax. the heart size is normal. the cardiac, hilar, and mediastinal contours are within normal limits. impression : no acute cardiopulmonary abnormality.",False,IU_22_irrelevant
IU_22,conflicting,conflicting,qualify_or_abstain,Clinical context conflicts with available evidence.,qualify_or_abstain,conflicting,"[WARNING: Clinical context conflict detected] clinical indication : a pneumothorax is present. generate a radiology report for this chest x - ray. findings : the heart size is normal. the hilar and mediastinal contours are within normal limits. there is no pneumothorax, focal consolidation, or pleural effusion. impression : no pneumothorax.",False,IU_22_conflicting
IU_22,insufficient,incomplete,qualify,Relevant clinical context is incomplete.,qualify,insufficient,"[QUALIFIED: Incomplete clinical context] generate a radiology report for this chest x - ray. findings : the lungs are clear without focal consolidation, pleural effusion, or pneumothorax. the heart size is normal. the cardiac, hilar, and mediastinal contours are within normal limits. impression : no acute cardiopulmonary abnormality.",False,IU_22_insufficient
IU_23,sufficient,sufficient,generate,Evidence is sufficient and context is consistent.,generate,sufficient,"clinical indication : nausea, vomiting, preop for surgery generate a radiology report for this chest x - ray. findings : the lungs are clear without focal consolidation, pleural effusion, or pneumothorax. the heart size is normal. the cardiac, hilar, and mediastinal contours are within normal limits. impression : no acute cardiopulmonary process.",False,IU_23_sufficient
IU_23,incomplete,sufficient,generate,Evidence is sufficient and context is consistent.,generate,incomplete,"clinical indication : preop for surgery generate a radiology report for this chest x - ray. findings : the lungs are clear without focal consolidation, pleural effusion, or pneumothorax. the heart is normal in size. the mediastinal contours are normal. impression : no acute cardiopulmonary process.",False,IU_23_incomplete
IU_23,irrelevant,irrelevant,discount_context,Provided clinical context is not relevant to the imaging task.,discount_context,insufficient,generate a radiology report for this chest x - ray. findings : the lungs are clear without consolidation or edema. there is no pleural effusion or pneumothorax. the cardiomediastinal silhouette is normal. impression : no acute cardiopulmonary process.,False,IU_23_irrelevant
IU_23,conflicting,conflicting,qualify_or_abstain,Clinical context conflicts with available evidence.,qualify_or_abstain,conflicting,[WARNING: Clinical context conflict detected] clinical indication : a pleural effusion is present. generate a radiology report for this chest x - ray. findings : the lungs are clear. the heart size is normal. the mediastinal contours are normal. there are no pleural effusions. no pneumothorax is seen. impression : no acute cardiac or pulmonary process.,False,IU_23_conflicting
IU_23,insufficient,incomplete,qualify,Relevant clinical context is incomplete.,qualify,insufficient,[QUALIFIED: Incomplete clinical context] generate a radiology report for this chest x - ray. findings : the lungs are clear without consolidation or edema. there is no pleural effusion or pneumothorax. the cardiomediastinal silhouette is normal. impression : no acute cardiopulmonary process.,False,IU_23_insufficient
