selection_order,uid,sample_id,clinical_context,comparison,findings,impression,frontal_image,lateral_image,has_frontal,has_lateral,selection_seed,selection_method,selection_status,evidentiary_method,evidentiary_perturbed_context,removed_evidence_text,all_six_states_eligible
1,32,IU_32,WEAKNESS OF MUSCLES; hx XXXX nodules; XXXX for changes in lungs,,The heart is normal in size. The mediastinum is unremarkable. Mild blunting of right costophrenic XXXX. The lungs are otherwise grossly clear.,No acute disease.,external_data/IU-Xray/images/IU_32_frontal.jpg,external_data/IU-Xray/images/IU_32_lateral.jpg,True,True,20260928,phase16e_tiered_uid_order_with_screened_donor_matching,FINAL_BENCHMARK_ELIGIBLE,clause_clinical_removal,"hx XXXX nodules, XXXX for changes in lungs.",WEAKNESS OF MUSCLES,True
2,36,IU_36,"XXXX-year-old female with chest pain, rule out pneumonia..","Two-view chest radiograph dated XXXX, XXXX..","The lungs are clear bilaterally. Specifically, no evidence of focal consolidation, pneumothorax, or pleural effusion.. Cardio mediastinal silhouette is unremarkable. Visualized osseous structures of the thorax are without acute abnormality.",No acute cardiopulmonary abnormality..,external_data/IU-Xray/images/IU_36_frontal.jpg,external_data/IU-Xray/images/IU_36_lateral.jpg,True,True,20260928,phase16e_tiered_uid_order_with_screened_donor_matching,FINAL_BENCHMARK_ELIGIBLE,clause_clinical_removal,"XXXX-year-old female, rule out pneumonia.",chest pain,True
3,44,IU_44,XXXX-year-old with XXXX for 5 days. Previously seen for vomiting and ear pain.,None.,"The heart, pulmonary XXXX and mediastinum are within normal limits. There is no pleural effusion or pneumothorax. There is no focal air space opacity to suggest a pneumonia.",No acute cardiopulmonary disease.,external_data/IU-Xray/images/IU_44_frontal.jpg,,True,False,20260928,phase16e_tiered_uid_order_with_screened_donor_matching,FINAL_BENCHMARK_ELIGIBLE,clause_clinical_removal,"XXXX-year-old, XXXX for 5 days, ear pain.",Previously seen for vomiting,True
4,49,IU_49,XXXX-year-old with osteoarthritis of the hip scheduled for total hip replacement. Preoperative evaluation.,None.,"The heart, pulmonary XXXX and mediastinum are within normal limits. There is no pleural effusion or pneumothorax. There is no focal air space opacity to suggest a pneumonia. There are degenerative changes of the thoracic spine. There is a calcified granuloma identified in the right suprahilar region. The aorta is mildly tortuous and ectatic. There is asymmetric right apical smooth pleural thickening. There are severe degenerative changes of the XXXX.",No acute cardiopulmonary disease.,external_data/IU-Xray/images/IU_49_frontal.jpg,external_data/IU-Xray/images/IU_49_lateral.jpg,True,True,20260928,phase16e_tiered_uid_order_with_screened_donor_matching,FINAL_BENCHMARK_ELIGIBLE,clause_clinical_removal,"XXXX-year-old, Preoperative evaluation.",osteoarthritis of the hip scheduled for total hip replacement,True
5,53,IU_53,"Dizziness, hypoxia.","PA and lateral views of the chest on XXXX, XXXX.",There extremely low lung volumes. there is right basilar opacity. There is no pneumothorax. There is no large pleural effusion. Cardiac silhouette and mediastinal contours are within normal limits.,"Low lung volumes with right basilar atelectasis. Otherwise, no acute cardiopulmonary disease.",external_data/IU-Xray/images/IU_53_frontal.jpg,external_data/IU-Xray/images/IU_53_lateral.jpg,True,True,20260928,phase16e_tiered_uid_order_with_screened_donor_matching,FINAL_BENCHMARK_ELIGIBLE,clause_clinical_removal,hypoxia.,Dizziness,True
6,66,IU_66,Hematemesis; BACK PAIN 724.5,"XXXX, XXXX.","Chest. Both lungs are clear and expanded with no pleural air collections or parenchymal consolidations. Heart and mediastinum remain normal. Lumbosacral spine. XXXX, disc spaces, and alignment are normal. Sacrum and sacroiliac joints are normal.",1. Chest. No active disease. 2. Lumbar spine negative.,external_data/IU-Xray/images/IU_66_frontal.jpg,external_data/IU-Xray/images/IU_66_lateral.jpg,True,True,20260928,phase16e_tiered_uid_order_with_screened_donor_matching,FINAL_BENCHMARK_ELIGIBLE,clause_clinical_removal,"BACK PAIN 724, 5.",Hematemesis,True
7,67,IU_67,"XXXX-year-old, MVA, chest pain",None.,There are low volumes with bronchovascular crowding. No focal infiltrate or effusion. Heart and mediastinal contours within normal limits. No displaced fracture identified.,Low volumes with bronchovascular crowding. No acute abnormality.,external_data/IU-Xray/images/IU_67_frontal.jpg,external_data/IU-Xray/images/IU_67_lateral.jpg,True,True,20260928,phase16e_tiered_uid_order_with_screened_donor_matching,FINAL_BENCHMARK_ELIGIBLE,clause_clinical_removal,"XXXX-year-old, chest pain.",MVA,True
8,74,IU_74,Bilateral rib pain and shortness of breath.,,Lungs appear to be clear other than a calcified granuloma on left. Heart is not enlarged. There are atherosclerotic changes of the aorta. There is increased kyphosis of the thoracic spine and there are multiple XXXX deformities. A stimulator is seen.,No acute pulmonary disease. Multiple thoracic XXXX deformities XXXX due to osteoporosis.,,external_data/IU-Xray/images/IU_74_lateral.jpg,False,True,20260928,phase16e_tiered_uid_order_with_screened_donor_matching,FINAL_BENCHMARK_ELIGIBLE,clause_clinical_removal,shortness of breath.,Bilateral rib pain,True
9,175,IU_175,Nausea and vomiting,,"Mild cardiomegaly unchanged. Stable superior mediastinal contour with tortuous aorta. Normal pulmonary vascularity. Unchanged elevated right hemidiaphragm with minimal right base subsegmental atelectasis. Minimal XXXX left basal airspace opacity. Unchanged blunting of the right lateral costophrenic XXXX, scarring versus XXXX effusion. No pneumothorax. No acute osseous findings.","Minimal XXXX left base atelectasis/infiltrate. Otherwise, stable exam.",external_data/IU-Xray/images/IU_175_frontal.jpg,,True,False,20260928,phase16e_tiered_uid_order_with_screened_donor_matching,FINAL_BENCHMARK_ELIGIBLE,clause_clinical_removal,vomiting.,Nausea,True
10,185,IU_185,HYPERTENSION; preop hernia repair,,The heart is normal in size. The mediastinum is stable. Lungs are mildly hypoinflated. Increased XXXX opacities on lateral projection XXXX reflect bronchovascular crowding. There is no acute infiltrate or pleural effusion.,No acute disease.,external_data/IU-Xray/images/IU_185_frontal.jpg,external_data/IU-Xray/images/IU_185_lateral.jpg,True,True,20260928,phase16e_tiered_uid_order_with_screened_donor_matching,FINAL_BENCHMARK_ELIGIBLE,clause_clinical_removal,preop hernia repair.,HYPERTENSION,True
11,190,IU_190,Right sided rib pain. Rule out infiltrate,XXXX,The heart is normal in size. The mediastinum is unremarkable. The lungs are clear. There is no obvious lytic or destructive lesion. No displaced rib fracture is evident.,No acute disease.,external_data/IU-Xray/images/IU_190_frontal.jpg,external_data/IU-Xray/images/IU_190_lateral.jpg,True,True,20260928,phase16e_tiered_uid_order_with_screened_donor_matching,FINAL_BENCHMARK_ELIGIBLE,clause_clinical_removal,Rule out infiltrate.,Right sided rib pain,True
12,195,IU_195,XXXX-year-old female with coughing and wheezing.,None.,Clear lungs bilaterally. No pneumothorax or pleural effusion. Normal cardiac contours,1. No acute cardiopulmonary abnormalities,external_data/IU-Xray/images/IU_195_frontal.jpg,external_data/IU-Xray/images/IU_195_lateral.jpg,True,True,20260928,phase16e_tiered_uid_order_with_screened_donor_matching,FINAL_BENCHMARK_ELIGIBLE,clause_clinical_removal,"XXXX-year-old female, wheezing.",coughing,True
13,227,IU_227,"XXXX-year-old male with dyspnea, chest pain",Chest XXXX,"Heart is enlarged. There is prominence of the central pulmonary vasculature. Mild diffuse interstitial opacities bilaterally, predominantly in the bases, with no focal consolidation, pleural effusion, or pneumothoraces. XXXX and soft tissues are unremarkable.",Cardiomegaly with pulmonary interstitial edema and XXXX bilateral pleural effusions. .,external_data/IU-Xray/images/IU_227_frontal.jpg,external_data/IU-Xray/images/IU_227_lateral.jpg,True,True,20260928,phase16e_tiered_uid_order_with_screened_donor_matching,FINAL_BENCHMARK_ELIGIBLE,clause_clinical_removal,"XXXX-year-old male, chest pain.",dyspnea,True
14,247,IU_247,"Chest pain, dyspnea.",None.,The cardiomediastinal silhouette is normal in size and contour. Lungs are clear without focal areas of consolidation. No pneumothorax or large pleural effusion. No acute bone abnormality.,No acute cardiopulmonary process.,external_data/IU-Xray/images/IU_247_frontal.jpg,external_data/IU-Xray/images/IU_247_lateral.jpg,True,True,20260928,phase16e_tiered_uid_order_with_screened_donor_matching,FINAL_BENCHMARK_ELIGIBLE,clause_clinical_removal,dyspnea.,Chest pain,True
15,253,IU_253,"XXXX-year-old male, status post chest tube with pneumothorax","XXXX, XXXX at XXXX hours",Redemonstration of moderate left pneumothorax which is unchanged from comparison. Left pleural catheter is again seen overlying the left upper lung at the level of the left 5th and 6th ribs. No focal consolidation. Cardiomediastinal silhouette is normal.,No change in moderate left pneumothorax with left pleural drainage catheter again seen overlying the left upper lung.,external_data/IU-Xray/images/IU_253_frontal.jpg,external_data/IU-Xray/images/IU_253_lateral.jpg,True,True,20260928,phase16e_tiered_uid_order_with_screened_donor_matching,FINAL_BENCHMARK_ELIGIBLE,clause_clinical_removal,"XXXX-year-old male, pneumothorax.",status post chest tube,True
16,254,IU_254,"XXXX-year-old female MVA, chest pain",,Lungs are clear. Heart size normal. Scattered thoracic spine spurring.,No acute cardiopulmonary finding.,external_data/IU-Xray/images/IU_254_frontal.jpg,external_data/IU-Xray/images/IU_254_lateral.jpg,True,True,20260928,phase16e_tiered_uid_order_with_screened_donor_matching,FINAL_BENCHMARK_ELIGIBLE,clause_clinical_removal,chest pain.,XXXX-year-old female MVA,True
17,270,IU_270,"Chest pain, renal failure. Anterior chest pain. Dehydrated, EtOH.",None.,"The cardiomediastinal silhouette and pulmonary vasculature are within normal limits in size. The lungs are clear of focal airspace disease, pneumothorax, or pleural effusion. There are no acute bony findings.",No acute cardiopulmonary findings. .,external_data/IU-Xray/images/IU_270_frontal.jpg,external_data/IU-Xray/images/IU_270_lateral.jpg,True,True,20260928,phase16e_tiered_uid_order_with_screened_donor_matching,FINAL_BENCHMARK_ELIGIBLE,clause_clinical_removal,"renal failure, Anterior chest pain, Dehydrated, EtOH.",Chest pain,True
18,275,IU_275,"Chest pain, dyspnea","Chest 2 views PA and lateral XXXX, XXXX a.m.","Lungs are clear bilaterally. There is no focal consolidation, pleural effusion, or pneumothoraces. Cardiomediastinal silhouette is within normal limits. XXXX are unremarkable.",No acute cardiopulmonary abnormality.,external_data/IU-Xray/images/IU_275_frontal.jpg,external_data/IU-Xray/images/IU_275_lateral.jpg,True,True,20260928,phase16e_tiered_uid_order_with_screened_donor_matching,FINAL_BENCHMARK_ELIGIBLE,clause_clinical_removal,dyspnea.,Chest pain,True
19,282,IU_282,"Preop hernia repair, asthma.",None.,"Mediastinal contours are within normal limits. Heart size is within normal limits. No focal consolidation, pneumothorax or pleural effusion.",No acute cardiopulmonary abnormality.,external_data/IU-Xray/images/IU_282_frontal.jpg,external_data/IU-Xray/images/IU_282_lateral.jpg,True,True,20260928,phase16e_tiered_uid_order_with_screened_donor_matching,FINAL_BENCHMARK_ELIGIBLE,clause_clinical_removal,asthma.,Preop hernia repair,True
20,287,IU_287,"Dyspnea, nausea and vomiting, XXXX","XXXX, XXXX",Heart size is normal. The lungs are grossly clear. No pleural effusions or pneumothoraces. The hilar and mediastinal contours are stable. Normal pulmonary vascularity. No overt edema.,No acute abnormality.,external_data/IU-Xray/images/IU_287_frontal.jpg,external_data/IU-Xray/images/IU_287_lateral.jpg,True,True,20260928,phase16e_tiered_uid_order_with_screened_donor_matching,FINAL_BENCHMARK_ELIGIBLE,clause_clinical_removal,"nausea, vomiting, XXXX.",Dyspnea,True
21,290,IU_290,Occasional chest pain and shortness of breath.,,The lungs are clear. There are multiple surgical XXXX seen near the apical regions and lower cervical region bilaterally. The heart and mediastinum are normal. There is a screw in the right shoulder. The soft tissues are normal.,1. No active disease. 2. There are numerous small surgical clips seen overlying the upper thorax bilaterally and the lower cervical region of uncertain significance.,external_data/IU-Xray/images/IU_290_frontal.jpg,external_data/IU-Xray/images/IU_290_lateral.jpg,True,True,20260928,phase16e_tiered_uid_order_with_screened_donor_matching,FINAL_BENCHMARK_ELIGIBLE,clause_clinical_removal,shortness of breath.,Occasional chest pain,True
22,297,IU_297,"Chest pain, dyspnea.","XXXX, XXXX.","Cardiac silhouette is within normal limits in size. The lungs are hypoinflated with mild bronchovascular crowding. There is mild, XXXX opacity projected over the left lung base. This is partly due to overlying soft tissues, however, there is partial obscuration of the lateral left hemidiaphragm. The lungs are otherwise grossly clear. There is no pneumothorax or pleural effusion. There are no acute bony findings. There are degenerative endplate changes throughout the thoracic spine.","Low lung volumes with mild, XXXX left basilar opacity, atelectasis versus infiltrate. .",external_data/IU-Xray/images/IU_297_frontal.jpg,external_data/IU-Xray/images/IU_297_lateral.jpg,True,True,20260928,phase16e_tiered_uid_order_with_screened_donor_matching,FINAL_BENCHMARK_ELIGIBLE,clause_clinical_removal,dyspnea.,Chest pain,True
23,303,IU_303,"XXXX, asthma, preop hip replacement",XXXX,"The heart is normal in size. The mediastinum is Stable. Rectal balloon is noted. Lungs are mildly hypoinflated. There is again eventration of the hemidiaphragms/ Bochdalek hernia, posteriorly as seen on the lateral projection. Bilateral pleural thickening is noted. There are streaky opacities in the lung bases unchanged, XXXX chronic atelectasis.","Mild bilateral streaky opacities, XXXX atelectasis. No acute infiltrate.",external_data/IU-Xray/images/IU_303_frontal.jpg,,True,False,20260928,phase16e_tiered_uid_order_with_screened_donor_matching,FINAL_BENCHMARK_ELIGIBLE,clause_clinical_removal,"XXXX, preop hip replacement.",asthma,True
24,304,IU_304,Chest pain and shortness of breath x1 hour.,,"The XXXX examination consists of frontal and lateral radiographs of the chest. A total of 3 images were obtained. The cardiomediastinal contours are within normal limits allowing for low lung volumes and patient rotation. There is XXXX XXXX atelectasis. No consolidation, pleural effusion or pneumothorax. Calcified right infrahilar lymph XXXX again seen. Partially visualized lower cervical spine fusion XXXX.",Lung lines without evidence of acute cardiopulmonary process.,external_data/IU-Xray/images/IU_304_frontal.jpg,external_data/IU-Xray/images/IU_304_lateral.jpg,True,True,20260928,phase16e_tiered_uid_order_with_screened_donor_matching,FINAL_BENCHMARK_ELIGIBLE,clause_clinical_removal,shortness of breath x1 hour.,Chest pain,True
25,313,IU_313,"Slurred speech, confusion, weakness, shortness of breath.",None.,"The XXXX examination consists of frontal and lateral radiographs of the chest. The cardiac silhouette is moderately enlarged with a cardiothoracic ratio of 16.2/24.7. Diffuse coarse interstitial opacity seen throughout the lungs with perihilar and lower lobe predominance. There is right greater than left bibasilar consolidation. There are small pleural effusions, right larger than left. No evidence of pneumothorax. Dense atherosclerotic calcification seen involving the thoracic and upper abdominal aorta.",Enlarged cardiac silhouette with coarse perihilar and lower lobe interstitial opacities may be due to diffuse infection or heart failure. Small pleural effusions.,external_data/IU-Xray/images/IU_313_frontal.jpg,,True,False,20260928,phase16e_tiered_uid_order_with_screened_donor_matching,FINAL_BENCHMARK_ELIGIBLE,clause_clinical_removal,"Slurred speech, confusion, shortness of breath.",weakness,True
26,317,IU_317,COPD. Preoperative evaluation.,None available.,Normal heart size. Normal mediastinal silhouette. No pneumothorax or pleural effusion. No suspicious focal air space opacity.,No acute abnormality.,external_data/IU-Xray/images/IU_317_frontal.jpg,external_data/IU-Xray/images/IU_317_lateral.jpg,True,True,20260928,phase16e_tiered_uid_order_with_screened_donor_matching,FINAL_BENCHMARK_ELIGIBLE,clause_clinical_removal,Preoperative evaluation.,COPD,True
27,329,IU_329,"COPD, asthma, cancer","XXXX, XXXX",Stable borderline enlarged cardiac contour. Calcified mediastinal lymph XXXX. Prominent right paratracheal stripe. Emphysema. No active pulmonary disease. Mild spondylosis.,"Stable appearance of the chest, see above.",external_data/IU-Xray/images/IU_329_frontal.jpg,external_data/IU-Xray/images/IU_329_lateral.jpg,True,True,20260928,phase16e_tiered_uid_order_with_screened_donor_matching,FINAL_BENCHMARK_ELIGIBLE,clause_clinical_removal,"asthma, cancer.",COPD,True
28,340,IU_340,"XXXX-year-old female, left arm pain and nausea",,"Heart size moderately enlarged, stable mediastinal contours. Lateral view curvilinear densities over the heart suggestive of coronary artery stents. Diaphragm eventration. No focal alveolar consolidation, no definite pleural effusion seen. No typical findings of pulmonary edema.","Cardiomegaly, no acute pulmonary findings",external_data/IU-Xray/images/IU_340_frontal.jpg,external_data/IU-Xray/images/IU_340_lateral.jpg,True,True,20260928,phase16e_tiered_uid_order_with_screened_donor_matching,FINAL_BENCHMARK_ELIGIBLE,clause_clinical_removal,"XXXX-year-old female, nausea.",left arm pain,True
29,341,IU_341,"hx of smoking, not feeling well ; right foot XXXX.",,"Two-view chest. Both lungs are clear and expanded. Heart and mediastinum normal. Right foot. Hindfoot, midfoot, forefoot XXXX are intact with no fractures or bone destruction.",1. Chest. No active disease. 2. Right foot. Negative.,external_data/IU-Xray/images/IU_341_frontal.jpg,external_data/IU-Xray/images/IU_341_lateral.jpg,True,True,20260928,phase16e_tiered_uid_order_with_screened_donor_matching,FINAL_BENCHMARK_ELIGIBLE,clause_clinical_removal,"not feeling well, right foot XXXX.",hx of smoking,True
30,372,IU_372,XXXX-year-old male with chest pain. History of cancer.,Chest radiograph XXXX.,Left retrocardiac airspace disease with blunted posterior costophrenic XXXX on lateral view suggesting small pleural effusion. Normal heart size. Right PICC is unchanged with tip at the caval atrial junction.,Left retrocardiac airspace disease could reflect atelectasis and possible scarring. Small left pleural effusion.,external_data/IU-Xray/images/IU_372_frontal.jpg,external_data/IU-Xray/images/IU_372_lateral.jpg,True,True,20260928,phase16e_tiered_uid_order_with_screened_donor_matching,FINAL_BENCHMARK_ELIGIBLE,clause_clinical_removal,"XXXX-year-old male, History of cancer.",chest pain,True
31,382,IU_382,XXXX year-old female with hemoptysis. History of sarcoidosis.,"CT chest with contrast, dated XXXX.","Stable, normal cardiac size, mediastinum, and central pulmonary vasculature. Marked bullous emphysematous changes and traction bronchiectasis, again most notable involving the bilateral upper lobes. Stable prominent ovoid opacity (4.3 x 2.8 XXXX) XXXX a large left upper lobe XXXX, XXXX reflecting a superimposed aspergilloma-as more readily demonstrated on the previous CT chest study from XXXX. No XXXX areas of alveolar airspace consolidation are identified. No evidence of pleural effusion or pneumothorax.","1. Marked bullous emphysematous changes and traction bronchiectasis, again most notable involving the bilateral upper lobes. Stable suspected superimposed left upper lobe aspergilloma - as more readily demonstrated on the previous CT chest study from XXXX.",external_data/IU-Xray/images/IU_382_frontal.jpg,external_data/IU-Xray/images/IU_382_lateral.jpg,True,True,20260928,phase16e_tiered_uid_order_with_screened_donor_matching,FINAL_BENCHMARK_ELIGIBLE,clause_clinical_removal,"XXXX year-old female, History of sarcoidosis.",hemoptysis,True
32,388,IU_388,"Abnormal breath sounds, high blood pressure",,"Cardiomegaly is unchanged. Stable superior mediastinal contour with tortuous calcified aorta. Normal pulmonary vascularity. No focal air space consolidation, pleural effusion, or pneumothorax. No acute bony abnormality. Changes of prior right mastectomy.",Stable appearance of the chest. No acute cardiopulmonary findings.,external_data/IU-Xray/images/IU_388_frontal.jpg,external_data/IU-Xray/images/IU_388_lateral.jpg,True,True,20260928,phase16e_tiered_uid_order_with_screened_donor_matching,FINAL_BENCHMARK_ELIGIBLE,clause_clinical_removal,high blood pressure.,Abnormal breath sounds,True
33,400,IU_400,"XXXX-year-old woman with dyspnea and XXXX x3 days, history of asthma.","Two-view chest rehabilitation dated XXXX, XXXX.","The lungs are clear bilaterally. Specifically, no evidence of focal consolidation, pneumothorax, or pleural effusion. Stable small right basilar calcified granuloma. Cardio mediastinal silhouette is unremarkable. Visualized osseous structures of the thorax are without acute abnormality.",No acute cardiopulmonary abnormality.,external_data/IU-Xray/images/IU_400_frontal.jpg,,True,False,20260928,phase16e_tiered_uid_order_with_screened_donor_matching,FINAL_BENCHMARK_ELIGIBLE,clause_clinical_removal,"XXXX-year-old woman, XXXX x3 days, history of asthma.",dyspnea,True
34,417,IU_417,"The patient is a XXXX-year-old female scheduled for right breast surgery, for XXXX cancer diagnosis. History of XXXX.",XXXX,"Stable calcified granulomas. The trachea is midline. Negative for pneumothorax, pleural effusion or focal airspace consolidation. The heart size is normal.",1. No acute cardiopulmonary abnormality.,external_data/IU-Xray/images/IU_417_frontal.jpg,external_data/IU-Xray/images/IU_417_lateral.jpg,True,True,20260928,phase16e_tiered_uid_order_with_screened_donor_matching,FINAL_BENCHMARK_ELIGIBLE,clause_clinical_removal,"for XXXX cancer diagnosis, History of XXXX.",The patient is a XXXX-year-old female scheduled for right breast surgery,True
35,437,IU_437,"XXXX-year-old male, preoperative evaluation. History of thyroid cancer.",CT chest XXXX (part of XXXX/CT scan),"There are postoperative changes of sternotomy. There is cardiomegaly. The contour of the ascending aorta is prominent, consistent with known ascending aortic aneurysm. The lungs appear clear. No focal airspace consolidation. No pleural effusion or pneumothorax. There are minimal degenerative changes of the spine.","1. No acute pulmonary abnormality demonstrated. 2. Stable cardiomegaly. 3. Prominent contour of the ascending aorta, consistent with known ascending aortic aneurysm.",external_data/IU-Xray/images/IU_437_frontal.jpg,external_data/IU-Xray/images/IU_437_lateral.jpg,True,True,20260928,phase16e_tiered_uid_order_with_screened_donor_matching,FINAL_BENCHMARK_ELIGIBLE,clause_clinical_removal,"XXXX-year-old male, History of thyroid cancer.",preoperative evaluation,True
36,451,IU_451,Bilateral hip pain with osteoarthritis. Possible hip replacement.,,On the right there is marked narrowing of the hip joint space uniformly throughout. Osteophyte formation is present with some sclerosis and subchondral cyst formation vertically along the superior acetabulum and femoral head. I do not see evidence for fracture or destructive process. AP view of the femur shows no femoral XXXX destructive process or other significant abnormality. For of the Left hip shows near-complete obliteration of the joint space with severe subchondral sclerosis and cystic formation in both the superior acetabulum and superior aspect of the femoral head. No fracture or destructive process is identified. Surgical markers were XXXX in the images and left hip for the purpose of surgical planning. PA and lateral chest show the lungs to be clear. There may be some hyperinflation. No pleural effusion is identified. The heart is normal in size. There are calcified mediastinal lymph XXXX. The skeletal structures appear normal.,1.Severe arthritic changes in both hips left worse than right. 2. Possible COPD but no acute pulmonary disease.,external_data/IU-Xray/images/IU_451_frontal.jpg,external_data/IU-Xray/images/IU_451_lateral.jpg,True,True,20260928,phase16e_tiered_uid_order_with_screened_donor_matching,FINAL_BENCHMARK_ELIGIBLE,clause_clinical_removal,"osteoarthritis, Possible hip replacement.",Bilateral hip pain,True
37,458,IU_458,XXXX H/O SMOKING XXXX FOR CAUSES. PAIN IN NECK AND XXXX.,,The lungs are clear. The heart and pulmonary XXXX are normal. The pleural spaces are clear. Mediastinal contours are normal. Bony overlap in the lung apices could obscure a small pulmonary nodule.,No acute cardiopulmonary disease,external_data/IU-Xray/images/IU_458_frontal.jpg,external_data/IU-Xray/images/IU_458_lateral.jpg,True,True,20260928,phase16e_tiered_uid_order_with_screened_donor_matching,FINAL_BENCHMARK_ELIGIBLE,clause_clinical_removal,"PAIN IN NECK, XXXX.",XXXX H/O SMOKING XXXX FOR CAUSES,True
38,460,IU_460,Chest pain and dizziness,Chest x-XXXX XXXX,"The lungs and pleural spaces show no acute abnormality. Heart size and pulmonary vascularity within normal limits. Mild tortuosity of the thoracic aorta, unchanged",1. No acute pulmonary abnormality.,external_data/IU-Xray/images/IU_460_frontal.jpg,external_data/IU-Xray/images/IU_460_lateral.jpg,True,True,20260928,phase16e_tiered_uid_order_with_screened_donor_matching,FINAL_BENCHMARK_ELIGIBLE,clause_clinical_removal,dizziness.,Chest pain,True
39,461,IU_461,"XXXX, throat pain, right ear pain",,"The cardiomediastinal silhouette is normal size and configuration. Pulmonary vasculature within normal limits. The lungs are well-aerated. There is no pneumothorax, pleural effusion, or focal consolidation.",No acute cardiopulmonary disease. .,external_data/IU-Xray/images/IU_461_frontal.jpg,external_data/IU-Xray/images/IU_461_lateral.jpg,True,True,20260928,phase16e_tiered_uid_order_with_screened_donor_matching,FINAL_BENCHMARK_ELIGIBLE,clause_clinical_removal,"XXXX, right ear pain.",throat pain,True
40,463,IU_463,"Preoperative, knee surgery.",None available.,There is a approximately 4 cm opacity with one XXXX margin and the other ill-defined in the lateral lower left lung is seen on the PA view. This is not definitely seen on the lateral view. There is no pneumothorax or pleural effusion. The cardiac silhouette is within normal limits. There are T-spine osteophytes. There is no pneumothorax or pleural effusion. There are calcified hilar lymph XXXX there,Approximately 4.8 cm mass in the left lower hemithorax. This is favored to be arising from the chest wall and be pleural based. A CT of the chest is recommended for further evaluation. Critical result notification documented through Primordial.,external_data/IU-Xray/images/IU_463_frontal.jpg,external_data/IU-Xray/images/IU_463_lateral.jpg,True,True,20260928,phase16e_tiered_uid_order_with_screened_donor_matching,FINAL_BENCHMARK_ELIGIBLE,clause_clinical_removal,knee surgery.,Preoperative,True
41,475,IU_475,Syncope. Chest and abdominal pain.,None.,Frontal and lateral views of the chest show normal size and configuration of the cardiac silhouette. Normal pulmonary vasculature and central airways. No focal airspace consolidation or pleural effusion.,"No acute or active cardiac, pulmonary or pleural disease.",external_data/IU-Xray/images/IU_475_frontal.jpg,external_data/IU-Xray/images/IU_475_lateral.jpg,True,True,20260928,phase16e_tiered_uid_order_with_screened_donor_matching,FINAL_BENCHMARK_ELIGIBLE,clause_clinical_removal,"Chest, abdominal pain.",Syncope,True
42,486,IU_486,"Infection, XXXX, shortness of breath",Chest x-XXXX XXXX,"The lungs and pleural spaces show no acute abnormality. XXXX scar in the right lateral midlung. Adjacent focal pleural thickening is noted. Chronic blunting of both lateral costophrenic XXXX. Heart size and pulmonary vascularity within normal limits. Tortuous, ectatic thoracic aorta, unchanged. XXXX sternotomy XXXX intact.",1. No acute pulmonary abnormality.,external_data/IU-Xray/images/IU_486_frontal.jpg,,True,False,20260928,phase16e_tiered_uid_order_with_screened_donor_matching,FINAL_BENCHMARK_ELIGIBLE,clause_clinical_removal,"XXXX, shortness of breath.",Infection,True
43,493,IU_493,"Preop XXXX choli, chest pain, wheezing, gastroesophageal reflux disease, obstructive apnea. Obesity","XXXX, XXXX.",Stable appearing bilateral calcified lymph XXXX. The cardiac silhouette and mediastinal contours are within normal limits. No focal opacity. No large pleural effusion. There is no pneumothorax.,No acute cardiopulmonary abnormality.,external_data/IU-Xray/images/IU_493_frontal.jpg,external_data/IU-Xray/images/IU_493_lateral.jpg,True,True,20260928,phase16e_tiered_uid_order_with_screened_donor_matching,FINAL_BENCHMARK_ELIGIBLE,clause_clinical_removal,"chest pain, wheezing, gastroesophageal reflux disease, obstructive apnea, Obesity.",Preop XXXX choli,True
44,494,IU_494,"XXXX-year-old female, breast cancer, preoperative evaluation.",None.,"Heart size within normal limits. Mediastinal contours unremarkable. Pulmonary vascularity is normal. Right lung is clear. XXXX opacities left lung base may represent atelectasis versus scarring. No focal consolidation. No pleural effusion, no pneumothorax. Bony structures unremarkable.","Atelectasis versus scar left lung base. Otherwise unremarkable. XXXX XXXX for the opportunity to assist in the care of your patient. If there are any questions about this examination please XXXX. XXXX, XXXX certified radiologist, at XXXX.",external_data/IU-Xray/images/IU_494_frontal.jpg,external_data/IU-Xray/images/IU_494_lateral.jpg,True,True,20260928,phase16e_tiered_uid_order_with_screened_donor_matching,FINAL_BENCHMARK_ELIGIBLE,clause_clinical_removal,"XXXX-year-old female, preoperative evaluation.",breast cancer,True
45,498,IU_498,"XXXX-year-old male, chest pain, no shortness of breath, XXXX.",,"Large medial right upper lobe mass lesion, measuring approximately 5.8 cm x 6.0 cm in diameter. No pneumothorax. No pleural effusions. Lungs clear. Heart size within normal limits. Degenerative changes thoracic spine.",Large medial right upper lobe mass highly concerning for primary lung cancer. XXXX chest with intravenous contrast for further evaluation. XXXX XXXX XXXX. XXXX's XXXX was notified of this result at XXXXPM XXXX/XXXX and accepted receipt. Results were faxed. .,external_data/IU-Xray/images/IU_498_frontal.jpg,external_data/IU-Xray/images/IU_498_lateral.jpg,True,True,20260928,phase16e_tiered_uid_order_with_screened_donor_matching,FINAL_BENCHMARK_ELIGIBLE,clause_clinical_removal,"XXXX-year-old male, no shortness of breath, XXXX.",chest pain,True
46,502,IU_502,"The patient is a XXXX-year-old male with abdominal pain, question of small bowel obstruction. XXXX onset XXXX and wheezing in bilateral lung XXXX.","XXXX chest, XXXX abdominal CT.","Chest. The trachea is midline. Negative for pneumothorax, pleural effusion or focal airspace consolidation. The heart size is normal. Abdomen. No pneumoperitoneum. There is a normal bowel XXXX pattern. Air and stool visible throughout the entire large colon including the rectum. No abnormally dilated small bowel loops. No evidence for intussusception or small bowel obstruction. No pathologic calcifications XXXX over the abdomen or pelvis. XXXX XXXX are without fracture or destructive lesion, though there are mild degenerative changes throughout the lumbar spine. Small hiatal hernia is not as well demonstrated on this exam.",Chest. 1. No acute cardiopulmonary abnormality. Abdomen. 1. No acute intra-abdominal process. Negative for obstruction.,external_data/IU-Xray/images/IU_502_frontal.jpg,external_data/IU-Xray/images/IU_502_lateral.jpg,True,True,20260928,phase16e_tiered_uid_order_with_screened_donor_matching,FINAL_BENCHMARK_ELIGIBLE,clause_clinical_removal,"The patient is a XXXX-year-old male, question of small bowel obstruction, XXXX onset XXXX, wheezing in bilateral lung XXXX.",abdominal pain,True
47,519,IU_519,"The patient is a XXXX-year-old male with XXXX, shortness of breath. History of smoking 30 years ago.",None.,"No pneumothorax, pleural effusion or airspace consolidation. Cardiomediastinal size is within normal limits. XXXX XXXX intact.",No acute cardiopulmonary abnormality. .,external_data/IU-Xray/images/IU_519_frontal.jpg,external_data/IU-Xray/images/IU_519_lateral.jpg,True,True,20260928,phase16e_tiered_uid_order_with_screened_donor_matching,FINAL_BENCHMARK_ELIGIBLE,clause_clinical_removal,"The patient is a XXXX-year-old male, XXXX, History of smoking 30 years ago.",shortness of breath,True
48,527,IU_527,XXXX-year-old male with shortness of breath and chest pain.,None.,"Cardiac and mediastinal XXXX appear normal. No visible pneumothorax, focal airspace opacity, or pleural effusion is seen. No visible free air under the diaphragm. The osseous structures appear intact.",No acute radiographic cardiopulmonary process. .,external_data/IU-Xray/images/IU_527_frontal.jpg,,True,False,20260928,phase16e_tiered_uid_order_with_screened_donor_matching,FINAL_BENCHMARK_ELIGIBLE,clause_clinical_removal,"XXXX-year-old male, chest pain.",shortness of breath,True
49,551,IU_551,XXXX XXXX with COPD/emphysema and dyspnea on exertion.,Chest radiograph XXXX.,"Lungs are hyperinflated with flattening of the diaphragms and increased AP chest diameter, compatible with emphysema. There is no evidence of focal infiltrate, pneumothorax, pleural effusion, or identified mass lesion. There is normal cardiomediastinal contours.","1. No acute cardiopulmonary abnormality, findings compatible with emphysema.",external_data/IU-Xray/images/IU_551_frontal.jpg,external_data/IU-Xray/images/IU_551_lateral.jpg,True,True,20260928,phase16e_tiered_uid_order_with_screened_donor_matching,FINAL_BENCHMARK_ELIGIBLE,clause_clinical_removal,"XXXX XXXX, dyspnea on exertion.",COPD/emphysema,True
50,567,IU_567,Abdominal pain and wheezing,XXXX,"Heart size upper normal but stable. Mediastinal contours within normal limits.. Minimal right middle lobe atelectasis. No focal airspace consolidation, pleural effusion, or pneumothorax. Degenerative endplate changes of the spine.",1. No acute radiographic cardiopulmonary process.,external_data/IU-Xray/images/IU_567_frontal.jpg,external_data/IU-Xray/images/IU_567_lateral.jpg,True,True,20260928,phase16e_tiered_uid_order_with_screened_donor_matching,FINAL_BENCHMARK_ELIGIBLE,clause_clinical_removal,wheezing.,Abdominal pain,True
51,577,IU_577,"Intermittent back pain x2-3 days, now right-sided chest pain under ribs.",None.,"The XXXX examination consists of frontal and lateral radiographs of the chest. The cardiomediastinal contours are within normal limits. Pulmonary vascularity is within normal limits. No focal consolidation, pleural effusion, or pneumothorax identified. The visualized osseous structures and upper abdomen are unremarkable.",No evidence of acute cardiopulmonary process.,external_data/IU-Xray/images/IU_577_frontal.jpg,external_data/IU-Xray/images/IU_577_lateral.jpg,True,True,20260928,phase16e_tiered_uid_order_with_screened_donor_matching,FINAL_BENCHMARK_ELIGIBLE,clause_clinical_removal,now right-sided chest pain under ribs.,Intermittent back pain x2-3 days,True
52,581,IU_581,Dyspnea. Asthma.,"XXXX, XXXX.",Frontal and lateral views of the chest show an unchanged cardiomediastinal silhouette. No XXXX focal airspace consolidation or pleural effusion.,"No acute or active cardiac, pulmonary or pleural disease.",external_data/IU-Xray/images/IU_581_frontal.jpg,external_data/IU-Xray/images/IU_581_lateral.jpg,True,True,20260928,phase16e_tiered_uid_order_with_screened_donor_matching,FINAL_BENCHMARK_ELIGIBLE,clause_clinical_removal,Asthma.,Dyspnea,True
53,585,IU_585,",786.50 UNSPEC CHEST PAIN, pt states chronic lung infections, pt taking meds for rheumatoid arthritis, no hx ca, nonsmoker","XXXX, XXXX.","There are prominent epicardial fat pads, unchanged from prior. The cardiomediastinal silhouette and pulmonary vasculature are within normal limits. There is no pneumothorax or pleural effusion. There are no focal areas of consolidation. There is atherosclerosis of the aortic XXXX. Unchanged streaky opacities in the bilateral costophrenic sulci XXXX represent chronic scarring or atelectasis.",No acute cardiopulmonary abnormality.,external_data/IU-Xray/images/IU_585_frontal.jpg,external_data/IU-Xray/images/IU_585_lateral.jpg,True,True,20260928,phase16e_tiered_uid_order_with_screened_donor_matching,FINAL_BENCHMARK_ELIGIBLE,clause_clinical_removal,"786, pt states chronic lung infections, pt taking meds for rheumatoid arthritis, no hx ca, nonsmoker.",50 UNSPEC CHEST PAIN,True
54,586,IU_586,XXXX-year-old with shortness of breath. Atelectasis versus infiltrate.,None.,The heart size is moderately enlarged. The pulmonary XXXX and mediastinum are within normal limits. There is no pleural effusion or pneumothorax. Again noted is XXXX and left midlung airspace opacity XXXX atelectasis. There is left basilar opacity XXXX atelectasis as well. There is improved right midlung opacity. There are mild degenerative changes of the spine. XXXX sternotomy XXXX are intact. Extensive atherosclerotic disease.,Probable left midlung and left basilar atelectasis. Cardiomegaly.,external_data/IU-Xray/images/IU_586_frontal.jpg,,True,False,20260928,phase16e_tiered_uid_order_with_screened_donor_matching,FINAL_BENCHMARK_ELIGIBLE,clause_clinical_removal,"XXXX-year-old, Atelectasis versus infiltrate.",shortness of breath,True
55,590,IU_590,Abdominal pain. Recent pneumonia.,,"The cardiomediastinal silhouette is normal size and configuration. Pulmonary vasculature within normal limits. There is right middle lobe airspace disease, may reflect atelectasis or pneumonia. No pleural effusion. No pneumothorax. Elevated right hemidiaphragm.",Right middle lobe airspace disease may reflect atelectasis or pneumonia. .,external_data/IU-Xray/images/IU_590_frontal.jpg,external_data/IU-Xray/images/IU_590_lateral.jpg,True,True,20260928,phase16e_tiered_uid_order_with_screened_donor_matching,FINAL_BENCHMARK_ELIGIBLE,clause_clinical_removal,Recent pneumonia.,Abdominal pain,True
56,594,IU_594,"Pain, weakness",None available.,There are T-spine osteophytes. There calcified costochondral cartilages. There is loss of disc XXXX of a midthoracic vertebral body. There are streaky opacities in both lung bases which may represent atelectasis or scarring. No pneumothorax. The heart is borderline enlarged.,"1. Borderline cardiomegaly. 2. Age-indeterminate, XXXX chronic, XXXX deformity in the midthoracic spine.",external_data/IU-Xray/images/IU_594_frontal.jpg,external_data/IU-Xray/images/IU_594_lateral.jpg,True,True,20260928,phase16e_tiered_uid_order_with_screened_donor_matching,FINAL_BENCHMARK_ELIGIBLE,clause_clinical_removal,weakness.,Pain,True
57,595,IU_595,XXXX-year-old with hypoxia and shortness of breath. XXXX.,None.,"The heart, pulmonary XXXX and mediastinum are within normal limits. There is no pleural effusion or pneumothorax. There is no focal air space opacity to suggest a pneumonia.",No acute cardiopulmonary disease.,external_data/IU-Xray/images/IU_595_frontal.jpg,external_data/IU-Xray/images/IU_595_lateral.jpg,True,True,20260928,phase16e_tiered_uid_order_with_screened_donor_matching,FINAL_BENCHMARK_ELIGIBLE,clause_clinical_removal,"XXXX-year-old, shortness of breath, XXXX.",hypoxia,True
58,597,IU_597,XXXX-year-old female with right-sided pleuritic chest pain. Laparoscopic surgery yesterday.,,"There are XXXX bilateral lower lobe opacities. No pleural effusion. No pneumothorax is identified. Heart size and mediastinal contour are within normal limits. There is lucency beneath the diaphragm, consistent with pneumoperitoneum. Cholecystectomy clips are noted in the right upper quadrant.","1. XXXX bilateral lower lobe opacities. The appearance XXXX subsegmental atelectasis. 2. Pneumoperitoneum, XXXX postoperative secondary to recent laparoscopic surgery.",,external_data/IU-Xray/images/IU_597_lateral.jpg,False,True,20260928,phase16e_tiered_uid_order_with_screened_donor_matching,FINAL_BENCHMARK_ELIGIBLE,clause_clinical_removal,"XXXX-year-old female, Laparoscopic surgery yesterday.",right-sided pleuritic chest pain,True
59,600,IU_600,XXXX-year-old male. Shortness of breath. Syncope. Seizure.,None.,"The cardiomediastinal silhouette is normal in size and contour. Calcified left hilar lymph XXXX/granulomas. No focal consolidation, pneumothorax or large pleural effusion. Old fracture, right mid clavicle.",Negative for acute abnormality.,external_data/IU-Xray/images/IU_600_frontal.jpg,external_data/IU-Xray/images/IU_600_lateral.jpg,True,True,20260928,phase16e_tiered_uid_order_with_screened_donor_matching,FINAL_BENCHMARK_ELIGIBLE,clause_clinical_removal,"XXXX-year-old male, Syncope, Seizure.",Shortness of breath,True
60,604,IU_604,Bone marrow transplant evaluation. AML.,XXXX.,The heart size and pulmonary vascularity appear within normal limits. The lungs are free of focal airspace disease. No pleural effusion or pneumothorax is seen. PICC line is in XXXX. The tip is in the upper right atrium.,1. No evidence of active disease.,external_data/IU-Xray/images/IU_604_frontal.jpg,external_data/IU-Xray/images/IU_604_lateral.jpg,True,True,20260928,phase16e_tiered_uid_order_with_screened_donor_matching,FINAL_BENCHMARK_ELIGIBLE,clause_clinical_removal,AML.,Bone marrow transplant evaluation,True
61,628,IU_628,Shortness of breath with XXXX for 4 days. History of COPD.,"XXXX, XXXX.",Frontal and lateral views of the chest with overlying external cardiac monitor leads show an unchanged cardiomediastinal silhouette. Cardiac silhouette at the upper limits of normal in size. Tortuous ectatic aorta. The aortic XXXX is near 5 cm in diameter. There is a retrocardiac left paraspinal bulge concerning for a descending thoracic aortic aneurysm. There is biapical scarring. No XXXX focal airspace consolidation or pleural effusion. XXXX spine spondylitic changes.,1. Stable aneurysmal enlargement of the XXXX and descending aorta. Chest CTA could be obtained as a XXXX. 2. Borderline heart size. 3. No acute pulmonary disease process.,external_data/IU-Xray/images/IU_628_frontal.jpg,external_data/IU-Xray/images/IU_628_lateral.jpg,True,True,20260928,phase16e_tiered_uid_order_with_screened_donor_matching,FINAL_BENCHMARK_ELIGIBLE,clause_clinical_removal,"XXXX for 4 days, History of COPD.",Shortness of breath,True
62,633,IU_633,"XXXX-year-old female with asthma, recent pneumonia",None available,The lungs are clear. There is no focal airspace consolidation. No pleural effusion or pneumothorax. Heart size and mediastinal contour are within normal limits. There are multilevel degenerative changes of the spine.,No evidence of active disease.,external_data/IU-Xray/images/IU_633_frontal.jpg,external_data/IU-Xray/images/IU_633_lateral.jpg,True,True,20260928,phase16e_tiered_uid_order_with_screened_donor_matching,FINAL_BENCHMARK_ELIGIBLE,clause_clinical_removal,"XXXX-year-old female, recent pneumonia.",asthma,True
63,645,IU_645,"Weakness, vomiting, chest pain.",None.,"Heart size and mediastinal contours appear normal limits. No focal pulmonary opacity, pleural effusion or pneumothorax. No acute bony abnormality. Degenerative changes of the spine.",No acute cardiopulmonary abnormality.,external_data/IU-Xray/images/IU_645_frontal.jpg,external_data/IU-Xray/images/IU_645_lateral.jpg,True,True,20260928,phase16e_tiered_uid_order_with_screened_donor_matching,FINAL_BENCHMARK_ELIGIBLE,clause_clinical_removal,"vomiting, chest pain.",Weakness,True
64,653,IU_653,"History of testicular cancer, evaluate for metastatic disease",CT chest XXXX.,Heart size and vascularity normal. Lungs clear. No effusions or pneumothorax. Limited degenerative change of the spine,No radiographic evidence for thoracic metastases.,external_data/IU-Xray/images/IU_653_frontal.jpg,external_data/IU-Xray/images/IU_653_lateral.jpg,True,True,20260928,phase16e_tiered_uid_order_with_screened_donor_matching,FINAL_BENCHMARK_ELIGIBLE,clause_clinical_removal,evaluate for metastatic disease.,History of testicular cancer,True
65,655,IU_655,Chest pain. Shortness of breath worse at XXXX for 3 days.,None.,Normal heart size and mediastinal contours. The lungs are hyperinflated but clear. No pneumothorax or pleural effusion. No acute bony abnormalities.,No acute cardiopulmonary process. .,external_data/IU-Xray/images/IU_655_frontal.jpg,external_data/IU-Xray/images/IU_655_lateral.jpg,True,True,20260928,phase16e_tiered_uid_order_with_screened_donor_matching,FINAL_BENCHMARK_ELIGIBLE,clause_clinical_removal,Shortness of breath worse at XXXX for 3 days.,Chest pain,True
66,688,IU_688,XXXX-year-old with pain with history of strangulated hernia.,CT abdomen pelvis from XXXX dated yesterday.,KUB. Centered over the mid abdomen there are multiple air-filled dilated loops of small bowel measuring the XXXX of which measure up to about 3.7 cm in diameter. There is also an extremely dilated XXXX in the same region which measures 5.9 cm in diameter. There is extensive soft tissue pannus. Prior abdominal surgery. Chest. There is XXXX left basilar opacity. No visualized pneumothorax. The heart size is normal. There is mild elevation of the left hemidiaphragm. There are no large pleural effusions. There is thickening of the fissure.,"KUB 1. There are numerous air-filled dilated loops of small bowel over the mid abdomen. These findings are consistent with small bowel obstruction. Chest 1. Left basilar airspace disease, XXXX atelectasis. .",external_data/IU-Xray/images/IU_688_frontal.jpg,external_data/IU-Xray/images/IU_688_lateral.jpg,True,True,20260928,phase16e_tiered_uid_order_with_screened_donor_matching,FINAL_BENCHMARK_ELIGIBLE,clause_clinical_removal,"XXXX-year-old, history of strangulated hernia.",pain,True
67,702,IU_702,"XXXX-year-old woman with lung cancer, shortness of breath..","CT of the chest and two-view chest radiograph dated XXXX, XXXX..","The left lung is grossly clear. The right lung demonstrates a large right pleural effusion with associated atelectatic collapse of the right middle lobe and partial collapse of the right lower lobe. XXXX opacities are seen within the aerated right lung, XXXX subsegmental atelectasis. No focal consolidation or pneumothorax identified. No acute osseous abnormality. Cardio mediastinal silhouette is stable compared to prior examinations.",Large right pleural effusion with associated passive atelectasis of the right middle and lower lobes. Grossly clear left lung.,external_data/IU-Xray/images/IU_702_frontal.jpg,,True,False,20260928,phase16e_tiered_uid_order_with_screened_donor_matching,FINAL_BENCHMARK_ELIGIBLE,clause_clinical_removal,"XXXX-year-old woman, shortness of breath.",lung cancer,True
68,729,IU_729,XXXX-year-old woman with chest pain and shortness of breath..,None.,"No focal consolidation, pneumothorax, or pleural effusion identified. However, there is a 1.7 cm nodular opacity within the right hilum, which may represent partially calcified granuloma or lymphadenopathy. Scattered calcified granulomas also seen. Heart size is upper limit normal. No acute bony abnormality.","1. No acute cardiopulmonary abnormality. 2. 1.7 cm nodular opacity within the right hilum, there is XXXX large lymph node or partially calcified granuloma. Followup XXXX radiograph to assess stability may be of benefit.",external_data/IU-Xray/images/IU_729_frontal.jpg,external_data/IU-Xray/images/IU_729_lateral.jpg,True,True,20260928,phase16e_tiered_uid_order_with_screened_donor_matching,FINAL_BENCHMARK_ELIGIBLE,clause_clinical_removal,"XXXX-year-old woman, shortness of breath.",chest pain,True
69,753,IU_753,XXXX-year-old with XXXX. Pain with breathing that started last XXXX.,Two views of the chest dated XXXX.,"The heart, pulmonary XXXX and mediastinum are within normal limits. There is no pleural effusion or pneumothorax. There is no focal air space opacity to suggest a pneumonia. There are mild degenerative changes of the spine.",No acute cardiopulmonary disease.,external_data/IU-Xray/images/IU_753_frontal.jpg,external_data/IU-Xray/images/IU_753_lateral.jpg,True,True,20260928,phase16e_tiered_uid_order_with_screened_donor_matching,FINAL_BENCHMARK_ELIGIBLE,clause_clinical_removal,"XXXX-year-old, XXXX, breathing that started last XXXX.",Pain,True
70,772,IU_772,The patient is a XXXX-year-old female with chest pain and XXXX onset right hand numbness and inability to XXXX. History of heart bypass surgery many years ago.,,"XXXX sternotomy XXXX and numerous mediastinal clips appear stable in position. There is aortic atherosclerotic calcification. The thoracic aorta is tortuous. Stable widening of the upper mediastinum. Stable cardiomegaly. Prominent mitral annular calcification demonstrated on the lateral view. No pneumothorax, pleural effusion or airspace consolidation. XXXX XXXX appear intact.","1. No acute cardiopulmonary abnormality. 2. Stable cardiomegaly, tortuous thoracic aorta and atherosclerotic calcification. .",external_data/IU-Xray/images/IU_772_frontal.jpg,,True,False,20260928,phase16e_tiered_uid_order_with_screened_donor_matching,FINAL_BENCHMARK_ELIGIBLE,clause_clinical_removal,"The patient is a XXXX-year-old female, XXXX onset right hand numbness, inability to XXXX, History of heart bypass surgery many years ago.",chest pain,True
71,782,IU_782,Dyspnea. Shortness of breath. Extremity numbness.,None.,Frontal and lateral views of the chest with overlying external cardiac monitor leads show an unchanged cardiomediastinal silhouette. No XXXX focal airspace consolidation or pleural effusion.,"No acute or active cardiac, pulmonary or pleural disease.",external_data/IU-Xray/images/IU_782_frontal.jpg,external_data/IU-Xray/images/IU_782_lateral.jpg,True,True,20260928,phase16e_tiered_uid_order_with_screened_donor_matching,FINAL_BENCHMARK_ELIGIBLE,clause_clinical_removal,"Shortness of breath, Extremity numbness.",Dyspnea,True
72,783,IU_783,COPD with chronic bronchitis.,"XXXX, XXXX.",There is a calcified granuloma in the left upper lung zone. The lungs are otherwise clear. There is hyperinflation. The heart and mediastinum are normal. The skeletal structures and soft tissues are normal for age.,No acute pulmonary disease.,external_data/IU-Xray/images/IU_783_frontal.jpg,external_data/IU-Xray/images/IU_783_lateral.jpg,True,True,20260928,phase16e_tiered_uid_order_with_screened_donor_matching,FINAL_BENCHMARK_ELIGIBLE,clause_clinical_removal,chronic bronchitis.,COPD,True
73,784,IU_784,Vomiting and right-sided abdominal pain,None.,Normal heart size. Tortuous calcified aorta. Scattered granulomas. No lobar pneumonia. Probable XXXX post your recess effusions. Kyphotic degenerated osteopenic thoracic spine.,Probable XXXX posterior recess effusions with mild basilar atelectasis. No lobar pneumonia.,external_data/IU-Xray/images/IU_784_frontal.jpg,external_data/IU-Xray/images/IU_784_lateral.jpg,True,True,20260928,phase16e_tiered_uid_order_with_screened_donor_matching,FINAL_BENCHMARK_ELIGIBLE,clause_clinical_removal,right-sided abdominal pain.,Vomiting,True
74,793,IU_793,"Dyspnea, shortness of breath, lightheadedness.",,"The XXXX examination consists of frontal and lateral radiographs of the chest. The cardiomediastinal contours are within normal limits. Pulmonary vascularity is within normal limits. No focal consolidation, pleural effusion, or pneumothorax identified. Oval sclerotic density projecting over the inferior right glenoid may represent synovial osteochondromatosis or cortical XXXX XXXX. This is unchanged 31 17 XXXX. The remaining osseous structures and visualized upper abdomen are unremarkable in appearance.",No evidence of acute cardiopulmonary process.,external_data/IU-Xray/images/IU_793_frontal.jpg,external_data/IU-Xray/images/IU_793_lateral.jpg,True,True,20260928,phase16e_tiered_uid_order_with_screened_donor_matching,FINAL_BENCHMARK_ELIGIBLE,clause_clinical_removal,"shortness of breath, lightheadedness.",Dyspnea,True
75,803,IU_803,XXXX-year-old female with history of asthma and dyspnea on exertion.,None.,"There is a left chest wall cardiac XXXX generator with 2 leads, one projecting over the right atrium and one projecting over the right XXXX. The heart is near top normal in size with normal appearance of the cardiomediastinal silhouette. The lungs are clear without focal air space opacity, pleural effusion, or pneumothorax. There are degenerative changes in the thoracic spine.",No acute cardiopulmonary finding.,,external_data/IU-Xray/images/IU_803_lateral.jpg,False,True,20260928,phase16e_tiered_uid_order_with_screened_donor_matching,FINAL_BENCHMARK_ELIGIBLE,clause_clinical_removal,"XXXX-year-old female, dyspnea on exertion.",history of asthma,True
76,806,IU_806,"Pain, productive XXXX, shortness of breath.","XXXX, XXXX.","The cardiac silhouette is borderline enlarged. Pulmonary vasculature is normal in caliber. Nipple shadows and dense breast tissue overlie the lung bases. The lungs are grossly clear of focal airspace disease, pneumothorax, or pleural effusion. There are no acute bony findings.",Borderline cardiomegaly. No acute findings. .,external_data/IU-Xray/images/IU_806_frontal.jpg,external_data/IU-Xray/images/IU_806_lateral.jpg,True,True,20260928,phase16e_tiered_uid_order_with_screened_donor_matching,FINAL_BENCHMARK_ELIGIBLE,clause_clinical_removal,"productive XXXX, shortness of breath.",Pain,True
77,814,IU_814,Shortness of breath and chest pain for one XXXX,,There is a calcified granuloma in the lateral left base. There is no pleural effusion or pneumothorax. The heart is not significantly enlarged. There are calcified left hilar lymph XXXX. There are atherosclerotic changes of the aorta. Arthritic changes of the skeletal structures are noted as well as scoliosis and lumbar region.,Old granulomatous disease and senescent changes but no acute pulmonary disease.,external_data/IU-Xray/images/IU_814_frontal.jpg,external_data/IU-Xray/images/IU_814_lateral.jpg,True,True,20260928,phase16e_tiered_uid_order_with_screened_donor_matching,FINAL_BENCHMARK_ELIGIBLE,clause_clinical_removal,chest pain for one XXXX.,Shortness of breath,True
78,827,IU_827,"Chest pain, XXXX with dyspnea",XXXX,The heart is normal in size. The mediastinum is unremarkable. XXXX scarring and emphysematous changes noted. The lungs are grossly clear.,No acute disease.,external_data/IU-Xray/images/IU_827_frontal.jpg,external_data/IU-Xray/images/IU_827_lateral.jpg,True,True,20260928,phase16e_tiered_uid_order_with_screened_donor_matching,FINAL_BENCHMARK_ELIGIBLE,clause_clinical_removal,"XXXX, dyspnea.",Chest pain,True
79,854,IU_854,Preoperative evaluation prior to prostate cancer surgery. Evaluate for metastatic disease.,,The lungs appear clear. The heart and pulmonary XXXX appear normal. The pleural spaces are clear. These XXXX't contours appear normal. There is a XXXX fracture of the midthoracic vertebral body. This vertebral body does not appear sclerotic. The age of this fracture is unknown. There are healed fractures of several left anterior ribs. There is a healed left clavicle fracture.,"1. No acute cardiopulmonary disease. No evidence of pulmonary nodules. 2. A single nonsclerotic mid thoracic vertebral XXXX fracture is present. Without a comparison study, the age of this fracture is unknown. Metastatic disease is possible, however given the nonsclerotic appearance, is not XXXX. 3. Healed left clavicle and left anterior rib fractures.",external_data/IU-Xray/images/IU_854_frontal.jpg,external_data/IU-Xray/images/IU_854_lateral.jpg,True,True,20260928,phase16e_tiered_uid_order_with_screened_donor_matching,FINAL_BENCHMARK_ELIGIBLE,clause_clinical_removal,Evaluate for metastatic disease.,Preoperative evaluation prior to prostate cancer surgery,True
80,871,IU_871,XXXX-year-old female with chest pain and pelvic pain.,None available.,Chest. Heart size within normal limits. No focal airspace disease. No pneumothorax or effusions. Pelvis. There are numerous clips overlying the pelvis and lower abdomen. Nonobstructive bowel XXXX pattern. No pathologic calcifications. Hip joint spaces are symmetric and normal. Sacroiliac joints are unremarkable. No fractures or dislocations.,1. Chest. No acute cardiopulmonary findings. 2. Pelvis. No acute osseous findings.,external_data/IU-Xray/images/IU_871_frontal.jpg,external_data/IU-Xray/images/IU_871_lateral.jpg,True,True,20260928,phase16e_tiered_uid_order_with_screened_donor_matching,FINAL_BENCHMARK_ELIGIBLE,clause_clinical_removal,"XXXX-year-old female, pelvic pain.",chest pain,True
81,885,IU_885,"XXXX-year-old XXXX with ongoing shortness of breath and history of pneumonia. Additional history of myocardial infarction, pacemaker/defibrillator placement, coronary stents, and valve replacement. Smoking history of 50 years.",None available.,"Heart size, mediastinal contour, and pulmonary vascularity are within normal limits. Postsurgical changes include left chest pacemaker/ICD with XXXX tips over the right atrium and right ventricle, sternotomy XXXX, and graft markers, and upper anterior mediastinal surgical clips. No focal consolidation, suspicious pulmonary opacity, large pleural effusion, or pneumothorax is identified. Specifically, no evidence of pneumonia. Visualized osseous structures appear intact.",No acute cardiopulmonary abnormality. Postsurgical changes as described above. .,,external_data/IU-Xray/images/IU_885_lateral.jpg,False,True,20260928,phase16e_tiered_uid_order_with_screened_donor_matching,FINAL_BENCHMARK_ELIGIBLE,clause_clinical_removal,"XXXX-year-old XXXX, history of pneumonia, Additional history of myocardial infarction, pacemaker/defibrillator placement, coronary stents, valve replacement, Smoking history of 50 years.",ongoing shortness of breath,True
82,927,IU_927,"XXXX-year-old XXXX with abdominal pain, cramping, nausea, vomiting, diarrhea, dehydration. Chest pain and shortness of breath..","Portable chest radiograph dated XXXX, XXXX.","Heart size, mediastinal contour, and pulmonary vascularity are within normal limits. Stable tortuosity of the thoracic aorta. No focal consolidation, pleural effusion, or pneumothorax is identified. No acute osseous abnormality identified.",No acute cardiopulmonary abnormality. .,external_data/IU-Xray/images/IU_927_frontal.jpg,external_data/IU-Xray/images/IU_927_lateral.jpg,True,True,20260928,phase16e_tiered_uid_order_with_screened_donor_matching,FINAL_BENCHMARK_ELIGIBLE,clause_clinical_removal,"XXXX-year-old XXXX, cramping, nausea, vomiting, diarrhea, dehydration, Chest pain, shortness of breath.",abdominal pain,True
83,936,IU_936,EVALUATE FOR METASTATIC DISEASE; Surgery sched for XXXX. No chest complaints.,,The heart is normal in size. The mediastinum is unremarkable. The lungs are clear.,No acute disease.,external_data/IU-Xray/images/IU_936_frontal.jpg,,True,False,20260928,phase16e_tiered_uid_order_with_screened_donor_matching,FINAL_BENCHMARK_ELIGIBLE,clause_clinical_removal,"Surgery sched for XXXX, No chest complaints.",EVALUATE FOR METASTATIC DISEASE,True
84,960,IU_960,"XXXX-year-old female, MVA, chest pain",,"No focal consolidation, pneumothorax or definite pleural effusion. Heart size within normal limits for technique, no mediastinal widening seen. No acute osseous injury XXXX demonstrated. Dextroscoliosis noted.",No acute findings. Please note that fractures may not be demonstrated and consider additional imaging as clinically warranted.,external_data/IU-Xray/images/IU_960_frontal.jpg,external_data/IU-Xray/images/IU_960_lateral.jpg,True,True,20260928,phase16e_tiered_uid_order_with_screened_donor_matching,FINAL_BENCHMARK_ELIGIBLE,clause_clinical_removal,"XXXX-year-old female, chest pain.",MVA,True
85,963,IU_963,XXXX-year-old with pain and shortness of breath. Low energy.,Two views of the chest dated XXXX.,"The heart, pulmonary XXXX and mediastinum are within normal limits. There is no pleural effusion or pneumothorax. There is no focal air space opacity to suggest a pneumonia. There are minimal degenerative changes of the spine.",No acute cardiopulmonary disease.,external_data/IU-Xray/images/IU_963_frontal.jpg,external_data/IU-Xray/images/IU_963_lateral.jpg,True,True,20260928,phase16e_tiered_uid_order_with_screened_donor_matching,FINAL_BENCHMARK_ELIGIBLE,clause_clinical_removal,"XXXX-year-old, shortness of breath, Low energy.",pain,True
86,965,IU_965,"Patient with ampullary adenocarcinoma, preoperative evaluation",,The lungs appear clear. Heart and pulmonary XXXX appear normal. Mediastinal contours are normal. Pleural spaces are clear. There appears to the contrast XXXX within small colonic diverticula in the splenic flexure region.,1. No acute cardiopulmonary disease,external_data/IU-Xray/images/IU_965_frontal.jpg,external_data/IU-Xray/images/IU_965_lateral.jpg,True,True,20260928,phase16e_tiered_uid_order_with_screened_donor_matching,FINAL_BENCHMARK_ELIGIBLE,clause_clinical_removal,"Patient, preoperative evaluation.",ampullary adenocarcinoma,True
87,975,IU_975,"Preop, neck infection.","Chest radiograph from XXXX, XXXX.",Cardiac silhouette and mediastinal contours are within this. There is no opacity. There is no pneumothorax. No large pleural effusion. Hyperlucent right apex with hyperinflation consistent with emphysematous changes.,Emphysematous changes without acute cardiopulmonary disease.,external_data/IU-Xray/images/IU_975_frontal.jpg,external_data/IU-Xray/images/IU_975_lateral.jpg,True,True,20260928,phase16e_tiered_uid_order_with_screened_donor_matching,FINAL_BENCHMARK_ELIGIBLE,clause_clinical_removal,neck infection.,Preop,True
88,989,IU_989,Nausea and vomiting,None.,The cardiac contours are normal. The lungs are clear. Thoracic spondylosis. Prior cholecystectomy,No acute process.,external_data/IU-Xray/images/IU_989_frontal.jpg,external_data/IU-Xray/images/IU_989_lateral.jpg,True,True,20260928,phase16e_tiered_uid_order_with_screened_donor_matching,FINAL_BENCHMARK_ELIGIBLE,clause_clinical_removal,vomiting.,Nausea,True
89,991,IU_991,XXXX-year-old with pneumonia. Shortness of breath and XXXX.,Rib radiographs dated XXXX.,The heart size is upper limits of normal. The pulmonary XXXX and mediastinum are within normal limits. There is no pleural effusion or pneumothorax. There is mild streaky perihilar opacity without confluent airspace opacity to suggest a bacterial pneumonia.,Minimal perihilar opacity which could indicate an atypical pneumonia.,external_data/IU-Xray/images/IU_991_frontal.jpg,external_data/IU-Xray/images/IU_991_lateral.jpg,True,True,20260928,phase16e_tiered_uid_order_with_screened_donor_matching,FINAL_BENCHMARK_ELIGIBLE,clause_clinical_removal,"XXXX-year-old, Shortness of breath, XXXX.",pneumonia,True
90,1001,IU_1001,"dyspnea, subjective fevers, arthritis, immigrant from Bangladesh",,Interstitial markings are diffusely prominent throughout both lungs. Heart size is normal. Pulmonary XXXX normal.,Diffuse fibrosis. No visible focal acute disease.,external_data/IU-Xray/images/IU_1001_frontal.jpg,external_data/IU-Xray/images/IU_1001_lateral.jpg,True,True,20260928,phase16e_tiered_uid_order_with_screened_donor_matching,FINAL_BENCHMARK_ELIGIBLE,clause_clinical_removal,"subjective fevers, arthritis, immigrant from Bangladesh.",dyspnea,True
91,1008,IU_1008,"XXXX-year-old male, abdominal pain and vomiting.","Chest x-XXXX XXXX, XXXX",Heart size and mediastinal contours are normal in appearance. No consolidative airspace opacities. No radiographic evidence of pleural effusion or pneumothorax. Visualized osseous structures appear intact.,No acute cardiopulmonary abnormality.,external_data/IU-Xray/images/IU_1008_frontal.jpg,external_data/IU-Xray/images/IU_1008_lateral.jpg,True,True,20260928,phase16e_tiered_uid_order_with_screened_donor_matching,FINAL_BENCHMARK_ELIGIBLE,clause_clinical_removal,"XXXX-year-old male, vomiting.",abdominal pain,True
92,1025,IU_1025,XXXX-year-old female. Pain. Emesis.,None.,"The cardiomediastinal silhouette is normal in size and contour. No focal consolidation, pneumothorax or large pleural effusion. Calcified granuloma, right base. Normal XXXX.",Negative for acute abnormality.,external_data/IU-Xray/images/IU_1025_frontal.jpg,external_data/IU-Xray/images/IU_1025_lateral.jpg,True,True,20260928,phase16e_tiered_uid_order_with_screened_donor_matching,FINAL_BENCHMARK_ELIGIBLE,clause_clinical_removal,"XXXX-year-old female, Emesis.",Pain,True
93,1034,IU_1034,"10 XXXX hx of XXXX, SOB, wheezing in XXXX XXXX","XXXX, XXXX.",The heart and lungs have XXXX XXXX in the interval. Both lungs are clear and expanded. Right middle lobe calcified granuloma is unchanged. Heart and mediastinum unchanged. No change hiatus hernia.,No active disease.,external_data/IU-Xray/images/IU_1034_frontal.jpg,external_data/IU-Xray/images/IU_1034_lateral.jpg,True,True,20260928,phase16e_tiered_uid_order_with_screened_donor_matching,FINAL_BENCHMARK_ELIGIBLE,clause_clinical_removal,"10 XXXX hx of XXXX, wheezing in XXXX XXXX.",SOB,True
94,1059,IU_1059,History of pneumonia. Hemoptysis.,XXXX.,Stable cardiomediastinal silhouette with tortuous aorta. Prior granulomatous disease. No pneumothorax or pleural effusion. Stable retrocardiac airspace opacity.,Stable retrocardiac airspace opacity.,external_data/IU-Xray/images/IU_1059_frontal.jpg,,True,False,20260928,phase16e_tiered_uid_order_with_screened_donor_matching,FINAL_BENCHMARK_ELIGIBLE,clause_clinical_removal,Hemoptysis.,History of pneumonia,True
95,1097,IU_1097,XXXX onset shortness of breath. Hypoxia with oxygen saturation at 79% on room air. 98% on 6 liters.,None.,"Heart size and mediastinal contours are within normal limits. Diffuse bilateral calcified sequelae of prior granulomatous infection. No pulmonary vascular congestion. No XXXX edema. No focal consolidation. There is no visible pleural effusion or pneumothorax. There is mild anterior wedging of a lower thoracic vertebral body, approximately T11 level.",1. No acute cardiopulmonary abnormality. 2. Mild age indeterminate anterior wedging at the T11 level.,external_data/IU-Xray/images/IU_1097_frontal.jpg,external_data/IU-Xray/images/IU_1097_lateral.jpg,True,True,20260928,phase16e_tiered_uid_order_with_screened_donor_matching,FINAL_BENCHMARK_ELIGIBLE,clause_clinical_removal,"Hypoxia, oxygen saturation at 79% on room air, 98% on 6 liters.",XXXX onset shortness of breath,True
96,1114,IU_1114,Low back pain and left chest pain,,The heart is normal in size. The mediastinum is unremarkable. The lungs are clear.,No acute disease.,external_data/IU-Xray/images/IU_1114_frontal.jpg,external_data/IU-Xray/images/IU_1114_lateral.jpg,True,True,20260928,phase16e_tiered_uid_order_with_screened_donor_matching,FINAL_BENCHMARK_ELIGIBLE,clause_clinical_removal,left chest pain.,Low back pain,True
97,1165,IU_1165,Chest pain. Shortness of breath. The patient's lower abdomen was shielded for this exam.,None.,"Frontal and lateral views of the chest show normal size and configuration of the cardiac silhouette. Normal mediastinal contour, pulmonary XXXX and vasculature, central airways and lung volumes. No pleural effusion.","No acute or active cardiac, pulmonary or pleural disease.",external_data/IU-Xray/images/IU_1165_frontal.jpg,,True,False,20260928,phase16e_tiered_uid_order_with_screened_donor_matching,FINAL_BENCHMARK_ELIGIBLE,clause_clinical_removal,"Shortness of breath, The patient's lower abdomen was shielded for this exam.",Chest pain,True
98,1172,IU_1172,Midsternal chest pain radiating to left arm. Shortness of breath.,"XXXX, XXXX.","The cardiomediastinal silhouette and pulmonary vasculature are within normal limits in size. The lungs are clear of focal airspace disease, pneumothorax, or pleural effusion. There are no acute bony findings.",No acute cardiopulmonary findings.,external_data/IU-Xray/images/IU_1172_frontal.jpg,,True,False,20260928,phase16e_tiered_uid_order_with_screened_donor_matching,FINAL_BENCHMARK_ELIGIBLE,clause_clinical_removal,Shortness of breath.,Midsternal chest pain radiating to left arm,True
99,1173,IU_1173,XXXX-year-old female with shortness of breath. History of COPD.,"XXXX, XXXX","PA and moderate loss of the chest demonstrate stable moderate cardiomediastinal silhouette with atherosclerotic calcifications of the aortic XXXX and mild aortic ectasia. Emphysematous changes with flattening of the hemidiaphragms. Blunting of the costophrenic XXXX, and XXXX secondary to scarring/emphysematous changes. No evidence of focal airspace consolidation large pleural effusion or pneumothorax. Visualized osseous structures appear intact.",Emphysematous changes without evidence of focal airspace disease or pulmonary edema.,external_data/IU-Xray/images/IU_1173_frontal.jpg,external_data/IU-Xray/images/IU_1173_lateral.jpg,True,True,20260928,phase16e_tiered_uid_order_with_screened_donor_matching,FINAL_BENCHMARK_ELIGIBLE,clause_clinical_removal,"XXXX-year-old female, History of COPD.",shortness of breath,True
100,1205,IU_1205,XXXX-year-old with dyspnea. Preop for bariatric studies.,None.,Normal heart size. Clear lungs without pneumothorax or pleural effusion.,Normal chest exam.,external_data/IU-Xray/images/IU_1205_frontal.jpg,external_data/IU-Xray/images/IU_1205_lateral.jpg,True,True,20260928,phase16e_tiered_uid_order_with_screened_donor_matching,FINAL_BENCHMARK_ELIGIBLE,clause_clinical_removal,"XXXX-year-old, Preop for bariatric studies.",dyspnea,True
