selection_order,uid,sample_id,clinical_context,comparison,findings,impression,frontal_image,lateral_image,has_frontal,has_lateral,selection_seed,selection_method,phase16d_selection_status,phase16d_selection_reason
1,169,IU_169,XXXX and congestion,None.,The lungs and pleural spaces show no acute abnormality. Heart size and pulmonary vascularity within normal limits.,1. No acute pulmonary abnormality.,external_data/IU-Xray/images/IU_169_frontal.jpg,external_data/IU-Xray/images/IU_169_lateral.jpg,True,True,20260928,pandas_sample_seed_20260928_sorted_uid,retained_valid_original,Retained from Phase 16B; all six Phase 16C generation records succeeded.
2,181,IU_181,"XXXX-year-old male, COPD, XXXX, XXXX.","Chest x-XXXX XXXX, XXXX",Normal heart size mediastinal contours. Eventration of the right hemidiaphragm. No focal airspace consolidation. No pleural effusion or pneumothorax.,No acute cardiopulmonary abnormality.,external_data/IU-Xray/images/IU_181_frontal.jpg,external_data/IU-Xray/images/IU_181_lateral.jpg,True,True,20260928,pandas_sample_seed_20260928_sorted_uid,retained_valid_original,Retained from Phase 16B; all six Phase 16C generation records succeeded.
3,220,IU_220,Metastatic colon cancer,"XXXX, XXXX 10",The heart is normal in size. The mediastinum is stable. Left-sided chest XXXX is again visualized with tip at cavoatrial junction. There is no pneumothorax. Numerous bilateral pulmonary nodules have increased in size and number XXXX compared to prior study. The dominant nodule/mass in the left midlung is also mildly increased. There is no pleural effusion.,Interval increase in size and number of innumerable bilateral pulmonary nodules consistent with worsening metastatic disease.,external_data/IU-Xray/images/IU_220_frontal.jpg,external_data/IU-Xray/images/IU_220_lateral.jpg,True,True,20260928,pandas_sample_seed_20260928_sorted_uid,retained_valid_original,Retained from Phase 16B; all six Phase 16C generation records succeeded.
4,253,IU_253,"XXXX-year-old male, status post chest tube with pneumothorax","XXXX, XXXX at XXXX hours",Redemonstration of moderate left pneumothorax which is unchanged from comparison. Left pleural catheter is again seen overlying the left upper lung at the level of the left 5th and 6th ribs. No focal consolidation. Cardiomediastinal silhouette is normal.,No change in moderate left pneumothorax with left pleural drainage catheter again seen overlying the left upper lung.,external_data/IU-Xray/images/IU_253_frontal.jpg,external_data/IU-Xray/images/IU_253_lateral.jpg,True,True,20260928,pandas_sample_seed_20260928_sorted_uid,retained_valid_original,Retained from Phase 16B; all six Phase 16C generation records succeeded.
5,280,IU_280,chest pain,"XXXX, XXXX.",The heart and lungs have XXXX XXXX in the interval. Both lungs are clear and expanded. Heart and mediastinum normal.,No active disease.,external_data/IU-Xray/images/IU_280_frontal.jpg,external_data/IU-Xray/images/IU_280_lateral.jpg,True,True,20260928,pandas_sample_seed_20260928_sorted_uid,retained_valid_original,Retained from Phase 16B; all six Phase 16C generation records succeeded.
6,282,IU_282,"Preop hernia repair, asthma.",None.,"Mediastinal contours are within normal limits. Heart size is within normal limits. No focal consolidation, pneumothorax or pleural effusion.",No acute cardiopulmonary abnormality.,external_data/IU-Xray/images/IU_282_frontal.jpg,external_data/IU-Xray/images/IU_282_lateral.jpg,True,True,20260928,pandas_sample_seed_20260928_sorted_uid,retained_valid_original,Retained from Phase 16B; all six Phase 16C generation records succeeded.
7,317,IU_317,COPD. Preoperative evaluation.,None available.,Normal heart size. Normal mediastinal silhouette. No pneumothorax or pleural effusion. No suspicious focal air space opacity.,No acute abnormality.,external_data/IU-Xray/images/IU_317_frontal.jpg,external_data/IU-Xray/images/IU_317_lateral.jpg,True,True,20260928,pandas_sample_seed_20260928_sorted_uid,retained_valid_original,Retained from Phase 16B; all six Phase 16C generation records succeeded.
8,327,IU_327,"XXXX, XXXX pain, XXXX.","XXXX, XXXX.","There is stable, mild cardiomegaly with normal caliber pulmonary vasculature. There are grossly intact XXXX sternotomy XXXX and mediastinal surgical clips. There is no focal airspace disease, pneumothorax, or pleural effusion. There are no acute bony findings.",Stable chronic changes. No acute findings. .,external_data/IU-Xray/images/IU_327_frontal.jpg,external_data/IU-Xray/images/IU_327_lateral.jpg,True,True,20260928,pandas_sample_seed_20260928_sorted_uid,retained_valid_original,Retained from Phase 16B; all six Phase 16C generation records succeeded.
9,341,IU_341,"hx of smoking, not feeling well ; right foot XXXX.",,"Two-view chest. Both lungs are clear and expanded. Heart and mediastinum normal. Right foot. Hindfoot, midfoot, forefoot XXXX are intact with no fractures or bone destruction.",1. Chest. No active disease. 2. Right foot. Negative.,external_data/IU-Xray/images/IU_341_frontal.jpg,external_data/IU-Xray/images/IU_341_lateral.jpg,True,True,20260928,pandas_sample_seed_20260928_sorted_uid,retained_valid_original,Retained from Phase 16B; all six Phase 16C generation records succeeded.
10,343,IU_343,Pain,None.,"Heart size and mediastinal contour are normal. Pulmonary vascularity is normal. is not diffuse interstitial prominence, which has chronic appearance. Cannot exclude early pulmonary edema. Two airspace consolidation or effusion. XXXX are osteopenic. No visible pneumothorax.","Mild interstitial prominence, XXXX chronic though could reflect early pulmonary edema.",external_data/IU-Xray/images/IU_343_frontal.jpg,external_data/IU-Xray/images/IU_343_lateral.jpg,True,True,20260928,pandas_sample_seed_20260928_sorted_uid,retained_valid_original,Retained from Phase 16B; all six Phase 16C generation records succeeded.
11,356,IU_356,XXXX-year-old XXXX with history of pneumonia.,Chest CT on XXXX.,"The cardiomediastinal silhouette is within normal limits for size and contour. The lungs are normally inflated without evidence of focal airspace disease, pleural effusion, or pneumothorax. Osseous structures are within normal limits for patient age..",1. No acute radiographic cardiopulmonary process.,external_data/IU-Xray/images/IU_356_frontal.jpg,external_data/IU-Xray/images/IU_356_lateral.jpg,True,True,20260928,pandas_sample_seed_20260928_sorted_uid,retained_valid_original,Retained from Phase 16B; all six Phase 16C generation records succeeded.
12,366,IU_366,Chest pain,11/7/ XXXX,The heart is normal in size. The mediastinum is unremarkable. The lungs are clear.,No acute disease.,external_data/IU-Xray/images/IU_366_frontal.jpg,external_data/IU-Xray/images/IU_366_lateral.jpg,True,True,20260928,pandas_sample_seed_20260928_sorted_uid,retained_valid_original,Retained from Phase 16B; all six Phase 16C generation records succeeded.
13,387,IU_387,XXXX-year-old male with shortness of breath.,,Heart size is normal. There is left hilar enlargement with partial opacification of the left upper lobe suggestive of hilar mass with obstructive atelectasis. Questionable small right midlung nodule. Negative for pneumothorax or pleural effusion. Bony thorax is unremarkable.,Suspected left hilar mass with obstructive atelectasis. XXXX thorax for further characterization.,external_data/IU-Xray/images/IU_387_frontal.jpg,external_data/IU-Xray/images/IU_387_lateral.jpg,True,True,20260928,pandas_sample_seed_20260928_sorted_uid,retained_valid_original,Retained from Phase 16B; all six Phase 16C generation records succeeded.
14,388,IU_388,"Abnormal breath sounds, high blood pressure",,"Cardiomegaly is unchanged. Stable superior mediastinal contour with tortuous calcified aorta. Normal pulmonary vascularity. No focal air space consolidation, pleural effusion, or pneumothorax. No acute bony abnormality. Changes of prior right mastectomy.",Stable appearance of the chest. No acute cardiopulmonary findings.,external_data/IU-Xray/images/IU_388_frontal.jpg,external_data/IU-Xray/images/IU_388_lateral.jpg,True,True,20260928,pandas_sample_seed_20260928_sorted_uid,retained_valid_original,Retained from Phase 16B; all six Phase 16C generation records succeeded.
15,443,IU_443,Positive PPD,,"Heart size and mediastinal contour within normal limits. No focal airspace consolidation, pneumothorax, or large pleural effusion. Degenerative changes of thoracic spine.","No acute cardiopulmonary abnormality, specifically no evidence for acute tuberculosis.",external_data/IU-Xray/images/IU_443_frontal.jpg,external_data/IU-Xray/images/IU_443_lateral.jpg,True,True,20260928,pandas_sample_seed_20260928_sorted_uid,retained_valid_original,Retained from Phase 16B; all six Phase 16C generation records succeeded.
16,455,IU_455,"XXXX-year-old male, status post cardiac arrest","Chest radiograph XXXX, XXXX","There are low lung volumes with associated bronchovascular crowding and basilar subsegmental atelectasis. There is stable prominence of the right cardiac silhouette. The mediastinum is unremarkable. There is no pleural effusion, pneumothorax, or focal airspace disease. There are stable chronic degenerative changes of the thoracic spine.",No acute cardiopulmonary abnormality.,external_data/IU-Xray/images/IU_455_frontal.jpg,external_data/IU-Xray/images/IU_455_lateral.jpg,True,True,20260928,pandas_sample_seed_20260928_sorted_uid,retained_valid_original,Retained from Phase 16B; all six Phase 16C generation records succeeded.
17,483,IU_483,Pneumonia,,There is flattening of hemidiaphragms. There are prominent interstitial markings. There is no focal consolidation to suggest pneumonia. There are atherosclerotic institutions of the aorta. The heart is of the first limits of normal size. No pneumothorax or pleural effusion.,1. Hyperexpanded lungs with flattened hemidiaphragm suggesting COPD. 2. Borderline enlarged heart. 3. No acute cardiopulmonary abnormality.,external_data/IU-Xray/images/IU_483_frontal.jpg,external_data/IU-Xray/images/IU_483_lateral.jpg,True,True,20260928,pandas_sample_seed_20260928_sorted_uid,retained_valid_original,Retained from Phase 16B; all six Phase 16C generation records succeeded.
18,503,IU_503,"XXXX-year-old female with XXXX, chest pain",,"Lungs are clear bilaterally with no focal infiltrate, pleural effusion, or pneumothoraces. Cardiomediastinal silhouette is within normal limits. XXXX and soft tissues are unremarkable.",No acute cardiopulmonary findings. .,external_data/IU-Xray/images/IU_503_frontal.jpg,external_data/IU-Xray/images/IU_503_lateral.jpg,True,True,20260928,pandas_sample_seed_20260928_sorted_uid,retained_valid_original,Retained from Phase 16B; all six Phase 16C generation records succeeded.
19,521,IU_521,"XXXX-year-old male, XXXX, MVA",,"Low lung volumes with bronchovascular crowding. No focal alveolar consolidation, no definite pleural effusion seen. Heart size within normal limits for technique, no typical mediastinal widening of vascular injury. No pleural line of pneumothorax.",Limited quality exam shows no definite acute findings.,external_data/IU-Xray/images/IU_521_frontal.jpg,external_data/IU-Xray/images/IU_521_lateral.jpg,True,True,20260928,pandas_sample_seed_20260928_sorted_uid,retained_valid_original,Retained from Phase 16B; all six Phase 16C generation records succeeded.
20,547,IU_547,XXXX-year-old female with chest pain.,Chest 2 view dated XXXX.,The lungs are clear without evidence of focal airspace disease. There is no evidence of pneumothorax or large pleural effusion. The cardiac and mediastinal contours are within normal limits. There are degenerative changes throughout the thoracic spine.,No radiographic evidence of acute cardiopulmonary disease.,external_data/IU-Xray/images/IU_547_frontal.jpg,external_data/IU-Xray/images/IU_547_lateral.jpg,True,True,20260928,pandas_sample_seed_20260928_sorted_uid,retained_valid_original,Retained from Phase 16B; all six Phase 16C generation records succeeded.
21,784,IU_784,Vomiting and right-sided abdominal pain,None.,Normal heart size. Tortuous calcified aorta. Scattered granulomas. No lobar pneumonia. Probable XXXX post your recess effusions. Kyphotic degenerated osteopenic thoracic spine.,Probable XXXX posterior recess effusions with mild basilar atelectasis. No lobar pneumonia.,external_data/IU-Xray/images/IU_784_frontal.jpg,external_data/IU-Xray/images/IU_784_lateral.jpg,True,True,20260928,pandas_sample_seed_20260928_sorted_uid,retained_valid_original,Retained from Phase 16B; all six Phase 16C generation records succeeded.
22,817,IU_817,XXXX-year-old male with positive PPD.,,There are XXXX left upper lobe opacities. Lungs otherwise appear clear. No pleural effusion or pneumothorax. Heart size is as is within normal limits.,1. No evidence of active tuberculosis. 2. XXXX left upper lobe opacities. The appearance XXXX subsegmental atelectasis or scarring.,external_data/IU-Xray/images/IU_817_frontal.jpg,external_data/IU-Xray/images/IU_817_lateral.jpg,True,True,20260928,pandas_sample_seed_20260928_sorted_uid,retained_valid_original,Retained from Phase 16B; all six Phase 16C generation records succeeded.
23,834,IU_834,Exertional chest pain,None available,The cardiac silhouette pulmonary vascularity are normal. The lungs are clear. There is no evidence of pleural effusion or pneumothorax. Mild degenerative changes are present in the XXXX spine.,No evidence of acute cardiopulmonary disease.,external_data/IU-Xray/images/IU_834_frontal.jpg,external_data/IU-Xray/images/IU_834_lateral.jpg,True,True,20260928,pandas_sample_seed_20260928_sorted_uid,retained_valid_original,Retained from Phase 16B; all six Phase 16C generation records succeeded.
26,995,IU_995,SP CABG SOB NO RALES,"XXXX, XXXX.",Sternotomy sutures and bypass grafts have been placed in the interval. Both lungs remain clear and expanded with no infiltrates. Pulmonary XXXX are normal.,Post operative chest with no acute disease.,external_data/IU-Xray/images/IU_995_frontal.jpg,external_data/IU-Xray/images/IU_995_lateral.jpg,True,True,20260928,pandas_sample_seed_20260928_sorted_uid,retained_valid_original,Retained from Phase 16B; all six Phase 16C generation records succeeded.
27,1025,IU_1025,XXXX-year-old female. Pain. Emesis.,None.,"The cardiomediastinal silhouette is normal in size and contour. No focal consolidation, pneumothorax or large pleural effusion. Calcified granuloma, right base. Normal XXXX.",Negative for acute abnormality.,external_data/IU-Xray/images/IU_1025_frontal.jpg,external_data/IU-Xray/images/IU_1025_lateral.jpg,True,True,20260928,pandas_sample_seed_20260928_sorted_uid,retained_valid_original,Retained from Phase 16B; all six Phase 16C generation records succeeded.
28,1087,IU_1087,XXXX XXXX and flulike symptoms.,,There is a calcified granuloma in the left upper lobe. Lungs otherwise are believed to be clear. The heart is normal. There are calcified left hilar and mediastinal lymph XXXX. The skeletal structures show some senescent changes.,Old granulomatous disease. No acute pulmonary disease.,external_data/IU-Xray/images/IU_1087_frontal.jpg,external_data/IU-Xray/images/IU_1087_lateral.jpg,True,True,20260928,pandas_sample_seed_20260928_sorted_uid,retained_valid_original,Retained from Phase 16B; all six Phase 16C generation records succeeded.
29,1095,IU_1095,Preprocedure evaluation prior to bone marrow transplant,,"The lungs appear clear. The heart and pulmonary XXXX appear normal. There is severe kyphotic deformity of the chest involving prior fractures of thoracic vertebral bodies and the sternum. There are multiple XXXX fractures identified involving upper thoracic vertebral bodies and a single upper lumbar vertebral body. The patient is status post vertebroplasty at multiple levels. The pleural spaces appear clear. There is right-sided chest XXXX, the distal tip in the upper right atrium. Mediastinal contours appear normal.",1. No evidence of acute cardiopulmonary disease 2. Changes of acute kyphotic deformity and of the thorax as described above,external_data/IU-Xray/images/IU_1095_frontal.jpg,,True,False,20260928,pandas_sample_seed_20260928_sorted_uid,retained_valid_original,Retained from Phase 16B; all six Phase 16C generation records succeeded.
30,1166,IU_1166,"Right-sided chest pain, muscle spasms",,Low lung volumes. Cardiomediastinal silhouette and pulmonary vasculature are within normal limits. Streaky bibasilar airspace opacities. No pneumothorax or pleural effusion. No acute osseous findings.,"Low lung volumes with streaky bibasilar opacities, XXXX subsegmental atelectasis over infiltrate.",external_data/IU-Xray/images/IU_1166_frontal.jpg,external_data/IU-Xray/images/IU_1166_lateral.jpg,True,True,20260928,pandas_sample_seed_20260928_sorted_uid,retained_valid_original,Retained from Phase 16B; all six Phase 16C generation records succeeded.
31,1264,IU_1264,"XXXX, XXXX symptoms. Dyspnea.",None.,"The cardiomediastinal silhouette and pulmonary vasculature are within normal limits in size. The lungs are clear of focal airspace disease, pneumothorax, or pleural effusion. There are no acute bony findings.",No acute cardiopulmonary findings. .,external_data/IU-Xray/images/IU_1264_frontal.jpg,external_data/IU-Xray/images/IU_1264_lateral.jpg,True,True,20260928,pandas_sample_seed_20260928_sorted_uid,retained_valid_original,Retained from Phase 16B; all six Phase 16C generation records succeeded.
32,1273,IU_1273,Shortness of breath,XXXX,Heart is mildly enlarged stable. Mediastinal contour is normal. Pulmonary vascularity is normal. Lungs are hyperexpanded but clear. No pleural effusions or pneumothoraces.,1. Stable mild cardiomegaly. 2. Hyperexpanded but clear lungs.,external_data/IU-Xray/images/IU_1273_frontal.jpg,external_data/IU-Xray/images/IU_1273_lateral.jpg,True,True,20260928,pandas_sample_seed_20260928_sorted_uid,retained_valid_original,Retained from Phase 16B; all six Phase 16C generation records succeeded.
33,1360,IU_1360,"DESATURATION EPISODE OVERNIGHT, PLEASE EVALUATE FOR INFILTRATE;",Chest AP portable. XXXX.,"There are XXXX opacities within both lung bases, XXXX representing atelectasis. Heart size is upper limits of normal. No pneumothorax. No pneumothorax.",Bibasilar atelectasis. No pneumonia. .,external_data/IU-Xray/images/IU_1360_frontal.jpg,external_data/IU-Xray/images/IU_1360_lateral.jpg,True,True,20260928,pandas_sample_seed_20260928_sorted_uid,retained_valid_original,Retained from Phase 16B; all six Phase 16C generation records succeeded.
34,1369,IU_1369,Dyspnea,XXXX,Heart size normal. Prominent epicardial fat. Lungs are clear. No pleural effusion or pneumothorax.,Unremarkable examination of the chest.,external_data/IU-Xray/images/IU_1369_frontal.jpg,external_data/IU-Xray/images/IU_1369_lateral.jpg,True,True,20260928,pandas_sample_seed_20260928_sorted_uid,retained_valid_original,Retained from Phase 16B; all six Phase 16C generation records succeeded.
35,1383,IU_1383,"XXXX-year-old female, XXXX, known right pleural effusion.",Chest radiographs XXXX 10 and CT chest with contrast XXXX.,There is significant interval decrease in right middle and right lower lobe opacification. Persistent small right pleural effusion and XXXX XXXX atelectasis. No pneumothorax. Stable appearance of the cardiomediastinal silhouette. No acute bone abnormality.,1. Improved right mid lung and right basilar consolidation. 2. Decreasing right pleural effusion.,external_data/IU-Xray/images/IU_1383_frontal.jpg,external_data/IU-Xray/images/IU_1383_lateral.jpg,True,True,20260928,pandas_sample_seed_20260928_sorted_uid,retained_valid_original,Retained from Phase 16B; all six Phase 16C generation records succeeded.
36,1388,IU_1388,XXXX-year-old female. Pain.,"XXXX, XXXX.","The cardiomediastinal silhouette is normal in size and contour. No focal consolidation, pneumothorax or large pleural effusion. Normal XXXX. XXXX cholecystectomy.","Low lung volumes, otherwise clear.",external_data/IU-Xray/images/IU_1388_frontal.jpg,external_data/IU-Xray/images/IU_1388_lateral.jpg,True,True,20260928,pandas_sample_seed_20260928_sorted_uid,retained_valid_original,Retained from Phase 16B; all six Phase 16C generation records succeeded.
38,1491,IU_1491,XXXX-year-old female. Pain,None.,"There are low lung volumes. The lungs are otherwise clear. No focal airspace consolidation or pleural effusion. Calcific density in the right lung apex, compatible with calcified granuloma.",No acute cardiopulmonary abnormality.,external_data/IU-Xray/images/IU_1491_frontal.jpg,external_data/IU-Xray/images/IU_1491_lateral.jpg,True,True,20260928,pandas_sample_seed_20260928_sorted_uid,retained_valid_original,Retained from Phase 16B; all six Phase 16C generation records succeeded.
39,1518,IU_1518,"XXXX-year-old male with XXXX, right lower lobe rales..","CT the chest dated XXXX, XXXX..","No focal consolidation, pneumothorax, or pleural effusion. Cardiomediastinal silhouette is stable and unremarkable. No acute osseous abnormalities are identified.",No acute cardiopulmonary abnormality..,external_data/IU-Xray/images/IU_1518_frontal.jpg,external_data/IU-Xray/images/IU_1518_lateral.jpg,True,True,20260928,pandas_sample_seed_20260928_sorted_uid,retained_valid_original,Retained from Phase 16B; all six Phase 16C generation records succeeded.
40,1519,IU_1519,Acute mental status changes.,None.,"Lungs are mildly hypoinflated with asymmetric elevation of the right hemidiaphragm, of uncertain chronicity. There is mild basilar bronchovascular crowding, without evidence of focal airspace disease. Heart is XXXX within normal limits for low lung volumes and AP technique. There is no pneumothorax or large pleural effusion.","Low lung volume exam. Otherwise, no acute findings. .",external_data/IU-Xray/images/IU_1519_frontal.jpg,external_data/IU-Xray/images/IU_1519_lateral.jpg,True,True,20260928,pandas_sample_seed_20260928_sorted_uid,retained_valid_original,Retained from Phase 16B; all six Phase 16C generation records succeeded.
42,1568,IU_1568,testis cancer,,The heart is normal in size. The mediastinum is unremarkable. The lungs are hypoinflated but clear.,No acute disease.,external_data/IU-Xray/images/IU_1568_frontal.jpg,external_data/IU-Xray/images/IU_1568_lateral.jpg,True,True,20260928,pandas_sample_seed_20260928_sorted_uid,retained_valid_original,Retained from Phase 16B; all six Phase 16C generation records succeeded.
43,1625,IU_1625,Ramicade therapy; evaluate for tuberculosis,XXXX,The heart is normal in size. The mediastinum is stable. Atherosclerotic calcifications of the aortic XXXX are present. The lungs are clear.,No acute disease.,external_data/IU-Xray/images/IU_1625_frontal.jpg,external_data/IU-Xray/images/IU_1625_lateral.jpg,True,True,20260928,pandas_sample_seed_20260928_sorted_uid,retained_valid_original,Retained from Phase 16B; all six Phase 16C generation records succeeded.
45,1667,IU_1667,XXXX-year-old male with preoperative prostate surgery. No chest complaints. Hypertension.,None.,The cardiac and mediastinal silhouettes are normal. The lungs are well-expanded and clear. There is no focal airspace opacity. There is no pneumothorax or effusion. There is irregularity of the 7th posterior right rib with underlying pleural thickening.,"1. No evidence of acute cardiopulmonary process. 2. Irregularity of the posterior right 7th rib with underlying pleural thickening. This may be related to XXXX XXXX, however, if there is no known history, consider comparison with prior studies if available XXXX of the chest for further evaluation",external_data/IU-Xray/images/IU_1667_frontal.jpg,external_data/IU-Xray/images/IU_1667_lateral.jpg,True,True,20260928,pandas_sample_seed_20260928_sorted_uid,retained_valid_original,Retained from Phase 16B; all six Phase 16C generation records succeeded.
46,1676,IU_1676,Preoperative evaluation. Patient on home oxygen.,AP chest radiograph XXXX,"Heart size and mediastinal contour within normal limits. Aortic atherosclerotic calcifications. Emphysematous changes. Nodular densities projecting over right anterior fifth and six ribs. No focal airspace consolidation, pneumothorax, or large pleural effusion. No acute osseous abnormality.",Nodular densities projecting over right 5th and 6th ribs may healing rib fracture; XXXX recommended to rule-out underlying pulmonary nodule. XXXX level Veriphy message was sent XXXX. XXXX regarding possible lung nodules at XXXX hours XXXX/XXXX.,external_data/IU-Xray/images/IU_1676_frontal.jpg,external_data/IU-Xray/images/IU_1676_lateral.jpg,True,True,20260928,pandas_sample_seed_20260928_sorted_uid,retained_valid_original,Retained from Phase 16B; all six Phase 16C generation records succeeded.
47,1683,IU_1683,"XXXX, difficulty breathing. History of sarcoidosis.",XXXX XXXX.,"The XXXX examination consists of frontal and lateral radiographs of the chest. There are diminished lung volumes. Right greater than left bilateral hilar and subcarinal adenopathy is again seen. The cardiac silhouette is prominent but probably artifactually large due to diminished lung volumes. No focal consolidation, pleural effusion, or pneumothorax identified. There is a deformity of the left clavicle compatible with remote XXXX.",No evidence of acute cardiopulmonary process. Mediastinal and hilar adenopathy compatible with patient's known sarcoidosis.,external_data/IU-Xray/images/IU_1683_frontal.jpg,external_data/IU-Xray/images/IU_1683_lateral.jpg,True,True,20260928,pandas_sample_seed_20260928_sorted_uid,retained_valid_original,Retained from Phase 16B; all six Phase 16C generation records succeeded.
49,1710,IU_1710,Chest pressure. No known XXXX.,None.,Heart size is normal. Lungs are clear. No pneumothorax or pleural effusion.,No acute cardiopulmonary findings.,external_data/IU-Xray/images/IU_1710_frontal.jpg,external_data/IU-Xray/images/IU_1710_lateral.jpg,True,True,20260928,pandas_sample_seed_20260928_sorted_uid,retained_valid_original,Retained from Phase 16B; all six Phase 16C generation records succeeded.
51,1796,IU_1796,XXXX-year-old female with history of right cervical lymphadenopathy..,"Two-view chest dated XXXX, XXXX.","The lungs are clear bilaterally. Specifically, no evidence of focal consolidation, pneumothorax, or pleural effusion.. Cardio mediastinal silhouette is unremarkable. Visualized osseous structures of the thorax are without acute abnormality.",No acute cardiopulmonary abnormality..,external_data/IU-Xray/images/IU_1796_frontal.jpg,external_data/IU-Xray/images/IU_1796_lateral.jpg,True,True,20260928,pandas_sample_seed_20260928_sorted_uid,retained_valid_original,Retained from Phase 16B; all six Phase 16C generation records succeeded.
52,1854,IU_1854,XXXX-year-old male. Chest pain. HIV.,"XXXX, XXXX.","The cardiomediastinal silhouette is normal in size and contour. No focal consolidation, pneumothorax or large pleural effusion. Negative for acute displaced rib fracture.",Negative for acute abnormality.,external_data/IU-Xray/images/IU_1854_frontal.jpg,external_data/IU-Xray/images/IU_1854_lateral.jpg,True,True,20260928,pandas_sample_seed_20260928_sorted_uid,retained_valid_original,Retained from Phase 16B; all six Phase 16C generation records succeeded.
53,1864,IU_1864,"XXXX-year-old male, pain",,"Heart size borderline enlarged. No focal alveolar consolidation, no definite pleural effusion seen. No typical findings of pulmonary edema. Dense nodule in the right lower lobe suggests a previous granulomatous process.","Borderline heart size, no acute pulmonary findings",external_data/IU-Xray/images/IU_1864_frontal.jpg,external_data/IU-Xray/images/IU_1864_lateral.jpg,True,True,20260928,pandas_sample_seed_20260928_sorted_uid,retained_valid_original,Retained from Phase 16B; all six Phase 16C generation records succeeded.
54,1894,IU_1894,Dyspnea,,The heart is normal in size. The mediastinum is unremarkable. Subtle increased opacity of right mid hemithorax XXXX related to superimposed soft tissues. The lungs are otherwise clear. There is no pleural effusion or pneumothorax.,No acute disease.,external_data/IU-Xray/images/IU_1894_frontal.jpg,external_data/IU-Xray/images/IU_1894_lateral.jpg,True,True,20260928,pandas_sample_seed_20260928_sorted_uid,retained_valid_original,Retained from Phase 16B; all six Phase 16C generation records succeeded.
55,1916,IU_1916,COPD,Chest radiograph XXXX.,There is stable left costophrenic XXXX blunting. The patient has undergone prior left lobectomy. There are chronic appearing right basilar interstitial markings. Heart size normal. No visualized pneumothorax. There is stable appearing left upper and right upper lobe bullous disease.,1. No acute cardiopulmonary findings. 2. Unchanged chronic appearance of the left lung.,external_data/IU-Xray/images/IU_1916_frontal.jpg,external_data/IU-Xray/images/IU_1916_lateral.jpg,True,True,20260928,pandas_sample_seed_20260928_sorted_uid,retained_valid_original,Retained from Phase 16B; all six Phase 16C generation records succeeded.
58,2165,IU_2165,Low oxygen saturation.,XXXX.,Low lung volumes are present. The heart size and pulmonary vascularity appear within normal limits. There has been interval development of bibasilar opacities. The appearance of the right base opacity XXXX atelectasis. The left base opacities could represent early pneumonia or areas of atelectasis. No pneumothorax or pleural effusion is seen.,1. Low lung volumes. 2. XXXX XXXX opacities. Right base appears to represent atelectasis. Left base could be atelectasis or pneumonia.,external_data/IU-Xray/images/IU_2165_frontal.jpg,external_data/IU-Xray/images/IU_2165_lateral.jpg,True,True,20260928,pandas_sample_seed_20260928_sorted_uid,retained_valid_original,Retained from Phase 16B; all six Phase 16C generation records succeeded.
60,2207,IU_2207,XXXX-year-old female with dyspnea and productive XXXX.,None.,Heart size is within normal limits. Tortuous thoracic aorta. There is patchy right base airspace disease. No pneumothorax or pleural effusion. There mild degenerative changes throughout the thoracic spine.,Right lower lobe pneumonia.,external_data/IU-Xray/images/IU_2207_frontal.jpg,external_data/IU-Xray/images/IU_2207_lateral.jpg,True,True,20260928,pandas_sample_seed_20260928_sorted_uid,retained_valid_original,Retained from Phase 16B; all six Phase 16C generation records succeeded.
61,2216,IU_2216,XXXX with low-grade XXXX and midback pain x2 weeks.,,Heart size and mediastinal contours are within normal limits. Pulmonary vasculature is unremarkable. No focal airspace consolidation. There is mild elevation right hemidiaphragm. No visible pleural effusion or pneumothorax. There are mild degenerative changes along the thoracic spine.,1. Mildly elevated right hemidiaphragm. Otherwise no acute cardiopulmonary abnormality seen.,external_data/IU-Xray/images/IU_2216_frontal.jpg,external_data/IU-Xray/images/IU_2216_lateral.jpg,True,True,20260928,pandas_sample_seed_20260928_sorted_uid,retained_valid_original,Retained from Phase 16B; all six Phase 16C generation records succeeded.
62,2270,IU_2270,Chest pain,No prior,"Cardiomediastinal silhouette is within normal limits in overall size and appearance. Aortic XXXX, cardiac apex, and stomach are left-sided. Central vascular markings are symmetric and within normal limits. The lungs are normally inflated with no focal airspace disease, pleural effusion, or pneumothorax. Dextro-convex scoliotic curvature of the thoracic spine. No acute bony abnormality.",No acute cardiopulmonary process.,external_data/IU-Xray/images/IU_2270_frontal.jpg,external_data/IU-Xray/images/IU_2270_lateral.jpg,True,True,20260928,pandas_sample_seed_20260928_sorted_uid,retained_valid_original,Retained from Phase 16B; all six Phase 16C generation records succeeded.
63,2328,IU_2328,XXXX-year-old XXXX for XXXX XXXX placement,"XXXX, XXXX",Heart size is normal. The lungs are clear. There are no XXXX focal air space consolidations. No pleural effusions or pneumothoraces. The hilar and mediastinal contours are unchanged. Again noted is tortuosity and unfolding of the thoracic aorta. Aortic vascular calcifications. Normal pulmonary vascularity. Bone demineralization.,No acute abnormality.,external_data/IU-Xray/images/IU_2328_frontal.jpg,external_data/IU-Xray/images/IU_2328_lateral.jpg,True,True,20260928,pandas_sample_seed_20260928_sorted_uid,retained_valid_original,Retained from Phase 16B; all six Phase 16C generation records succeeded.
65,2351,IU_2351,XXXX year old outside chest pain radiating XXXX the left arm.,None.,"The heart is normal in size and contour. Scattered calcifications are noted, compatible with prior granulomatous disease. The lungs are clear, without evidence of infiltrate. There is no pneumothorax or effusion.",No acute cardiopulmonary disease.,external_data/IU-Xray/images/IU_2351_frontal.jpg,external_data/IU-Xray/images/IU_2351_lateral.jpg,True,True,20260928,pandas_sample_seed_20260928_sorted_uid,retained_valid_original,Retained from Phase 16B; all six Phase 16C generation records succeeded.
66,2397,IU_2397,Chest pain.,XXXX.,"Stable normal cardiac size and contour, normal mediastinal silhouette. Normal pulmonary XXXX. Lungs clear, no airspace disease. No pleural effusion or pneumothorax.","Stable chest, no active/acute cardiopulmonary disease.",external_data/IU-Xray/images/IU_2397_frontal.jpg,external_data/IU-Xray/images/IU_2397_lateral.jpg,True,True,20260928,pandas_sample_seed_20260928_sorted_uid,retained_valid_original,Retained from Phase 16B; all six Phase 16C generation records succeeded.
67,2445,IU_2445,"XXXX and XXXX infection, XXXX",,The heart is normal in size. The mediastinum is unremarkable. The lungs are clear.,No acute disease.,external_data/IU-Xray/images/IU_2445_frontal.jpg,external_data/IU-Xray/images/IU_2445_lateral.jpg,True,True,20260928,pandas_sample_seed_20260928_sorted_uid,retained_valid_original,Retained from Phase 16B; all six Phase 16C generation records succeeded.
68,2480,IU_2480,Chest pain.,None.,The heart is normal in size and contour. There is no mediastinal widening. The lungs are clear bilaterally. No large pleural effusion or pneumothorax. The XXXX are intact.,No acute cardiopulmonary abnormalities.,external_data/IU-Xray/images/IU_2480_frontal.jpg,external_data/IU-Xray/images/IU_2480_lateral.jpg,True,True,20260928,pandas_sample_seed_20260928_sorted_uid,retained_valid_original,Retained from Phase 16B; all six Phase 16C generation records succeeded.
69,2535,IU_2535,Preop for knee surgery.,None.,Heart size is within normal limits. Cardiomediastinal silhouette is normal. Lungs are clear bilaterally without effusion or pneumothorax. No bony or soft tissue abnormalities.,No cardiopulmonary abnormality.,,external_data/IU-Xray/images/IU_2535_lateral.jpg,False,True,20260928,pandas_sample_seed_20260928_sorted_uid,retained_valid_original,Retained from Phase 16B; all six Phase 16C generation records succeeded.
70,2561,IU_2561,Chest pain,"PA and lateral views of the chest on XXXX, XXXX.",Lungs are clear bilaterally. Cardiac and mediastinal silhouettes are normal. Pulmonary vasculature is normal. No pneumothorax or pleural effusion. No acute bony abnormality.,No acute cardiopulmonary abnormality.,external_data/IU-Xray/images/IU_2561_frontal.jpg,,True,False,20260928,pandas_sample_seed_20260928_sorted_uid,retained_valid_original,Retained from Phase 16B; all six Phase 16C generation records succeeded.
71,2589,IU_2589,XXXX-year-old XXXX with chest pain.,Chest radiograph of XXXX.,"There are no acute osseous abnormalities. Soft tissues are within normal limits. There is stable enlargement of the heart. Calcific aorta. Stable bilateral calcified granulomas. The lungs are clear bilaterally without focal area of consolidation, pleural effusion, or pneumothorax.",No acute radiographic cardiopulmonary process.,external_data/IU-Xray/images/IU_2589_frontal.jpg,external_data/IU-Xray/images/IU_2589_lateral.jpg,True,True,20260928,pandas_sample_seed_20260928_sorted_uid,retained_valid_original,Retained from Phase 16B; all six Phase 16C generation records succeeded.
72,2610,IU_2610,XXXX-year-old female. Shortness of breath. XXXX.,None.,"The cardiomediastinal silhouette is normal in size and contour. Hyperexpanded lungs, without focal consolidation, pneumothorax or large pleural effusion. XXXX right upper lobe scarring/atelectasis. Aortic calcifications.",Hyperexpanded lungs. XXXX right upper lobe scarring/atelectasis. No focal pneumonia.,external_data/IU-Xray/images/IU_2610_frontal.jpg,external_data/IU-Xray/images/IU_2610_lateral.jpg,True,True,20260928,pandas_sample_seed_20260928_sorted_uid,retained_valid_original,Retained from Phase 16B; all six Phase 16C generation records succeeded.
73,2684,IU_2684,XXXX-year-old male with a history of altered mental status.,Comparison is XXXX to chest radiograph examination dated XXXX at XXXX.,The cardiomediastinal silhouette is within normal limits for appearance. No focal areas of pulmonary consolidation. A calcified granuloma is identified in the peripheral aspect of the left lower lobe. Calcified lymph XXXX are identified in left hilar region. No pneumothorax. No pleural effusion. Minimal degenerative endplate changes of the thoracic spine.,1. No acute intrathoracic abnormality.,external_data/IU-Xray/images/IU_2684_frontal.jpg,external_data/IU-Xray/images/IU_2684_lateral.jpg,True,True,20260928,pandas_sample_seed_20260928_sorted_uid,retained_valid_original,Retained from Phase 16B; all six Phase 16C generation records succeeded.
74,2724,IU_2724,AML. BMT workup.,None.,Lungs are clear. No pleural effusions or pneumothoraces. heart size is normal. There is some tortuosity of the aorta. Degenerative changes in the thoracic spine,Clear lungs.,external_data/IU-Xray/images/IU_2724_frontal.jpg,external_data/IU-Xray/images/IU_2724_lateral.jpg,True,True,20260928,pandas_sample_seed_20260928_sorted_uid,retained_valid_original,Retained from Phase 16B; all six Phase 16C generation records succeeded.
75,2822,IU_2822,"XXXX-year-old male, preop evaluation. History of tobacco use.",Chest radiograph XXXX.,"No focal consolidation, effusion, or pneumothorax. Normal heart size. Stable left subclavian chest XXXX catheter tip in mid SVC. Lungs are well expanded. Calcified granuloma posteriorly in the medial right lower lobe. Postsurgical changes of anterior lower cervical spine fusion. Thoracic spine demonstrates mild degenerative changes with some mild XXXX loss of T4 and T7 vertebral bodies.",Negative for acute cardiopulmonary abnormality,external_data/IU-Xray/images/IU_2822_frontal.jpg,external_data/IU-Xray/images/IU_2822_lateral.jpg,True,True,20260928,pandas_sample_seed_20260928_sorted_uid,retained_valid_original,Retained from Phase 16B; all six Phase 16C generation records succeeded.
76,2828,IU_2828,"Syncope with collapse, XXXX, pain",,Heart size and mediastinal contour are normal. Pulmonary vascularity is normal. Lungs are hyperexpanded but clear. No pleural effusions or pneumothoraces. Degenerative changes in the thoracic spine.,Findings suggestive of emphysema. No acute cardiopulmonary process.,external_data/IU-Xray/images/IU_2828_frontal.jpg,external_data/IU-Xray/images/IU_2828_lateral.jpg,True,True,20260928,pandas_sample_seed_20260928_sorted_uid,retained_valid_original,Retained from Phase 16B; all six Phase 16C generation records succeeded.
77,2967,IU_2967,Kidney transplant evaluation.,None.,The heart size and pulmonary vascularity appear within normal limits. The lungs are free of focal airspace disease. No pleural effusion or pneumothorax is seen.,1. No evidence of active disease.,external_data/IU-Xray/images/IU_2967_frontal.jpg,,True,False,20260928,pandas_sample_seed_20260928_sorted_uid,retained_valid_original,Retained from Phase 16B; all six Phase 16C generation records succeeded.
78,3023,IU_3023,"Wheezing, leg XXXX",,The heart is normal in size. The mediastinum is unremarkable. Small calcified left upper lung granuloma is noted. The lungs are clear.,No acute disease.,external_data/IU-Xray/images/IU_3023_frontal.jpg,,True,False,20260928,pandas_sample_seed_20260928_sorted_uid,retained_valid_original,Retained from Phase 16B; all six Phase 16C generation records succeeded.
79,3024,IU_3024,DVT,XXXX,"Cardiomediastinal silhouette is within normal limits in overall size and appearance. Central vascular markings are symmetric and within normal limits. The lungs are normally inflated with no focal airspace disease, pleural effusion, or pneumothorax. No acute bone abnormality.",1. No acute cardiopulmonary process.,external_data/IU-Xray/images/IU_3024_frontal.jpg,external_data/IU-Xray/images/IU_3024_lateral.jpg,True,True,20260928,pandas_sample_seed_20260928_sorted_uid,retained_valid_original,Retained from Phase 16B; all six Phase 16C generation records succeeded.
80,3077,IU_3077,Testicular carcinoma.,Outside study dated XXXX.,Heart size and pulmonary vascularity appear within normal limits. The lungs are free of focal airspace disease. No pleural effusion or pneumothorax is seen. Low left paraspinal/retrocrural adenopathy is present. This appears unchanged.,1. Left paraspinal/retrocrural adenopathy.,external_data/IU-Xray/images/IU_3077_frontal.jpg,external_data/IU-Xray/images/IU_3077_lateral.jpg,True,True,20260928,pandas_sample_seed_20260928_sorted_uid,retained_valid_original,Retained from Phase 16B; all six Phase 16C generation records succeeded.
81,3120,IU_3120,Chest pain. Concern for pneumothorax.,None.,"The heart is normal in size and contour. There is no mediastinal widening. The lungs are clear bilaterally. No large pleural effusion or pneumothorax. Fractures of the posterior left 4th, 5th, and 6th ribs, age-indeterminate.","1. No acute cardiopulmonary abnormalities. Specifically, no pneumothorax. 2. Fractures of the posterior left 4th, 5th, and 6th ribs, age-indeterminate.",external_data/IU-Xray/images/IU_3120_frontal.jpg,external_data/IU-Xray/images/IU_3120_lateral.jpg,True,True,20260928,pandas_sample_seed_20260928_sorted_uid,retained_valid_original,Retained from Phase 16B; all six Phase 16C generation records succeeded.
82,3143,IU_3143,dizziness,,XXXX XXXX and lateral chest examination was obtained. The heart silhouette is normal in size and contour. Aortic XXXX appear unremarkable. Lungs demonstrate no acute findings. There is no effusion or pneumothorax.,1. No acute pulmonary disease.,external_data/IU-Xray/images/IU_3143_frontal.jpg,external_data/IU-Xray/images/IU_3143_lateral.jpg,True,True,20260928,pandas_sample_seed_20260928_sorted_uid,retained_valid_original,Retained from Phase 16B; all six Phase 16C generation records succeeded.
83,3165,IU_3165,Dyspnea,XXXX,"Normal and stable cardiomediastinal contours. Interval removal of left-sided intravenous catheter. No pneumothorax. XXXX XXXX opacities obscuring the hemidiaphragms, slightly improved from prior exam.. Right-sided rib fractures again noted.","Mildly improved XXXX XXXX opacities, which may represent atelectasis, infiltrate and/or pleural effusions.",external_data/IU-Xray/images/IU_3165_frontal.jpg,external_data/IU-Xray/images/IU_3165_lateral.jpg,True,True,20260928,pandas_sample_seed_20260928_sorted_uid,retained_valid_original,Retained from Phase 16B; all six Phase 16C generation records succeeded.
84,3171,IU_3171,XXXX and congestion with XXXX for 1 month,"XXXX, XXXX.",The heart and lungs have XXXX XXXX in the interval. Both lungs are clear and expanded. Heart and mediastinum normal.,No active disease.,external_data/IU-Xray/images/IU_3171_frontal.jpg,external_data/IU-Xray/images/IU_3171_lateral.jpg,True,True,20260928,pandas_sample_seed_20260928_sorted_uid,retained_valid_original,Retained from Phase 16B; all six Phase 16C generation records succeeded.
85,3211,IU_3211,XXXX XXXX intake increasing weakness.,,The lungs are clear. There appear to be small bilateral pleural effusions. The heart is not grossly enlarged. There are atherosclerotic changes of the aorta. Increased kyphosis is seen in the may be a thoracic XXXX deformity that is not well-characterized. Arthritic changes are seen.,1. Probable small bilateral pleural effusions. 2. Possible lower thoracic XXXX deformity not well characterized on today's study.,external_data/IU-Xray/images/IU_3211_frontal.jpg,external_data/IU-Xray/images/IU_3211_lateral.jpg,True,True,20260928,pandas_sample_seed_20260928_sorted_uid,retained_valid_original,Retained from Phase 16B; all six Phase 16C generation records succeeded.
86,3216,IU_3216,XXXX-year-old female with dyspnea.,None available.,"Heart size is normal. No pneumothorax, pleural effusion, or focal airspace disease. Bony structures are intact.",Normal chest radiograph.,external_data/IU-Xray/images/IU_3216_frontal.jpg,external_data/IU-Xray/images/IU_3216_lateral.jpg,True,True,20260928,pandas_sample_seed_20260928_sorted_uid,retained_valid_original,Retained from Phase 16B; all six Phase 16C generation records succeeded.
87,3414,IU_3414,Hemoptysis,None available.,Heart size appears enlarged. Mediastinal contours are within normal limits. Lung volumes are low with central bronchovascular crowding and patchy basilar atelectasis.. Osseous structures are within normal limits for patient age.,1. Low volume study without definite acute process. 2. Mild cardiomegaly.,external_data/IU-Xray/images/IU_3414_frontal.jpg,external_data/IU-Xray/images/IU_3414_lateral.jpg,True,True,20260928,pandas_sample_seed_20260928_sorted_uid,retained_valid_original,Retained from Phase 16B; all six Phase 16C generation records succeeded.
88,3417,IU_3417,XXXX-year-old with dyspnea.,None.,"The lungs are hyperexpanded, consistent with COPD. Mild cardiomegaly. No focal lung consolidation. No pneumothorax or pleural effusion. Pulmonary vascularity is within normal limits. Mild degenerative changes of the thoracic spine. Aortic calcifications consistent with atherosclerotic disease.",No focal lung consolidation. COPD.,external_data/IU-Xray/images/IU_3417_frontal.jpg,external_data/IU-Xray/images/IU_3417_lateral.jpg,True,True,20260928,pandas_sample_seed_20260928_sorted_uid,retained_valid_original,Retained from Phase 16B; all six Phase 16C generation records succeeded.
89,3508,IU_3508,METASTATIC TESTICULAR CANCER,XXXX,The heart is normal in size. The cardiomediastinal contours are stable. There are stable bilateral pleural effusions with partial right-sided loculation. Biapical scarring and pleural thickening appears stable. There is again right-sided superior hilar retraction and mild rightward XXXX deviation. No acute infiltrate is appreciated.,"1. Stable bilateral pleural effusions and pleural thickening, right worse than left, with mild right-sided loculation. 2. Stable appearance of right apical thickening/atelectasis with volume loss, possibly related to prior radiation or surgery. Suggest clinical correlation.",external_data/IU-Xray/images/IU_3508_frontal.jpg,external_data/IU-Xray/images/IU_3508_lateral.jpg,True,True,20260928,pandas_sample_seed_20260928_sorted_uid,retained_valid_original,Retained from Phase 16B; all six Phase 16C generation records succeeded.
91,3526,IU_3526,Shortness of breath.,None.,"The XXXX examination consists of frontal and lateral radiographs of the chest. there are diminished lung volumes with XXXX XXXX hypoventilatory changes. The cardiac silhouette is not enlarged. There is mild tortuosity of the thoracic aorta. Pulmonary vascularity is within normal limits. No focal consolidation, pleural effusion, or pneumothorax identified. Surgical clips are seen in the upper abdomen. No acute osseous abnormalities demonstrated.",Low lung volumes without evidence of acute cardiopulmonary process.,external_data/IU-Xray/images/IU_3526_frontal.jpg,external_data/IU-Xray/images/IU_3526_lateral.jpg,True,True,20260928,pandas_sample_seed_20260928_sorted_uid,retained_valid_original,Retained from Phase 16B; all six Phase 16C generation records succeeded.
92,3588,IU_3588,sob,XXXX,XXXX XXXX and lateral chest examination was obtained. The heart silhouette is normal in size and contour. Aortic XXXX appear unremarkable. Lungs demonstrate no acute findings. There is no effusion or pneumothorax.,1. No acute pulmonary disease.,external_data/IU-Xray/images/IU_3588_frontal.jpg,external_data/IU-Xray/images/IU_3588_lateral.jpg,True,True,20260928,pandas_sample_seed_20260928_sorted_uid,retained_valid_original,Retained from Phase 16B; all six Phase 16C generation records succeeded.
95,3796,IU_3796,XXXX-year-old female with chest pain.,None available.,"The cardiomediastinal silhouette is within normal limits for appearance. No focal areas of pulmonary consolidation. No pneumothorax. No pleural effusion. The thoracic spine appears intact. No acute, displaced rib fractures.",1. No acute intrathoracic abnormality.,external_data/IU-Xray/images/IU_3796_frontal.jpg,external_data/IU-Xray/images/IU_3796_lateral.jpg,True,True,20260928,pandas_sample_seed_20260928_sorted_uid,retained_valid_original,Retained from Phase 16B; all six Phase 16C generation records succeeded.
96,3818,IU_3818,XXXX-year-old XXXX with chest pain.,"XXXX, XXXX.","Heart and mediastinum within normal limits. Negative for focal pulmonary consolidation, pleural effusion, or pneumothorax.",No acute abnormality.,external_data/IU-Xray/images/IU_3818_frontal.jpg,external_data/IU-Xray/images/IU_3818_lateral.jpg,True,True,20260928,pandas_sample_seed_20260928_sorted_uid,retained_valid_original,Retained from Phase 16B; all six Phase 16C generation records succeeded.
97,3834,IU_3834,Chest pain,,"There is an S-shaped scoliosis of the thoracic spine. Heart size and pulmonary vascularity within normal limits. No focal infiltrate, pneumothorax or pleural effusion identified.",No acute cardiopulmonary disease.,external_data/IU-Xray/images/IU_3834_frontal.jpg,,True,False,20260928,pandas_sample_seed_20260928_sorted_uid,retained_valid_original,Retained from Phase 16B; all six Phase 16C generation records succeeded.
98,3958,IU_3958,Chest pain.,None.,Both lungs are clear and expanded. Heart and mediastinum normal.,No active disease.,external_data/IU-Xray/images/IU_3958_frontal.jpg,external_data/IU-Xray/images/IU_3958_lateral.jpg,True,True,20260928,pandas_sample_seed_20260928_sorted_uid,retained_valid_original,Retained from Phase 16B; all six Phase 16C generation records succeeded.
99,3977,IU_3977,"XXXX-year-old male, hypertension, chest pain","Chest x-XXXX XXXX, XXXX",Normal heart size. Stable unfolding the thoracic aorta. No focal air space consolidation. No pleural effusion or pneumothorax. Stable calcified granuloma in the left lower lobe. Visualized osseous structures are unremarkable appearance.,No acute cardiopulmonary abnormality.,external_data/IU-Xray/images/IU_3977_frontal.jpg,external_data/IU-Xray/images/IU_3977_lateral.jpg,True,True,20260928,pandas_sample_seed_20260928_sorted_uid,retained_valid_original,Retained from Phase 16B; all six Phase 16C generation records succeeded.
100,3994,IU_3994,"XXXX-year-old male with chest pain, positive troponin","Portable chest x-XXXX XXXX, XXXX",Similar mild cardiomegaly. Of the pulmonary vascularity is prominent. No focal consolidations or effusions. No pneumothorax. No acute bony abnormality.,Mild cardiomegaly with XXXX of early failure.,external_data/IU-Xray/images/IU_3994_frontal.jpg,external_data/IU-Xray/images/IU_3994_lateral.jpg,True,True,20260928,pandas_sample_seed_20260928_sorted_uid,retained_valid_original,Retained from Phase 16B; all six Phase 16C generation records succeeded.
101,49,IU_49,XXXX-year-old with osteoarthritis of the hip scheduled for total hip replacement. Preoperative evaluation.,None.,"The heart, pulmonary XXXX and mediastinum are within normal limits. There is no pleural effusion or pneumothorax. There is no focal air space opacity to suggest a pneumonia. There are degenerative changes of the thoracic spine. There is a calcified granuloma identified in the right suprahilar region. The aorta is mildly tortuous and ectatic. There is asymmetric right apical smooth pleural thickening. There are severe degenerative changes of the XXXX.",No acute cardiopulmonary disease.,external_data/IU-Xray/images/IU_49_frontal.jpg,external_data/IU-Xray/images/IU_49_lateral.jpg,True,True,20260928,phase16d_sorted_uid_topup_no_sampling,replacement,Unused Phase 16A candidate passing the strict Phase 16D screen; selected by ascending UID.
102,53,IU_53,"Dizziness, hypoxia.","PA and lateral views of the chest on XXXX, XXXX.",There extremely low lung volumes. there is right basilar opacity. There is no pneumothorax. There is no large pleural effusion. Cardiac silhouette and mediastinal contours are within normal limits.,"Low lung volumes with right basilar atelectasis. Otherwise, no acute cardiopulmonary disease.",external_data/IU-Xray/images/IU_53_frontal.jpg,external_data/IU-Xray/images/IU_53_lateral.jpg,True,True,20260928,phase16d_sorted_uid_topup_no_sampling,replacement,Unused Phase 16A candidate passing the strict Phase 16D screen; selected by ascending UID.
103,67,IU_67,"XXXX-year-old, MVA, chest pain",None.,There are low volumes with bronchovascular crowding. No focal infiltrate or effusion. Heart and mediastinal contours within normal limits. No displaced fracture identified.,Low volumes with bronchovascular crowding. No acute abnormality.,external_data/IU-Xray/images/IU_67_frontal.jpg,external_data/IU-Xray/images/IU_67_lateral.jpg,True,True,20260928,phase16d_sorted_uid_topup_no_sampling,replacement,Unused Phase 16A candidate passing the strict Phase 16D screen; selected by ascending UID.
104,175,IU_175,Nausea and vomiting,,"Mild cardiomegaly unchanged. Stable superior mediastinal contour with tortuous aorta. Normal pulmonary vascularity. Unchanged elevated right hemidiaphragm with minimal right base subsegmental atelectasis. Minimal XXXX left basal airspace opacity. Unchanged blunting of the right lateral costophrenic XXXX, scarring versus XXXX effusion. No pneumothorax. No acute osseous findings.","Minimal XXXX left base atelectasis/infiltrate. Otherwise, stable exam.",external_data/IU-Xray/images/IU_175_frontal.jpg,,True,False,20260928,phase16d_sorted_uid_topup_no_sampling,replacement,Unused Phase 16A candidate passing the strict Phase 16D screen; selected by ascending UID.
105,185,IU_185,HYPERTENSION; preop hernia repair,,The heart is normal in size. The mediastinum is stable. Lungs are mildly hypoinflated. Increased XXXX opacities on lateral projection XXXX reflect bronchovascular crowding. There is no acute infiltrate or pleural effusion.,No acute disease.,external_data/IU-Xray/images/IU_185_frontal.jpg,external_data/IU-Xray/images/IU_185_lateral.jpg,True,True,20260928,phase16d_sorted_uid_topup_no_sampling,replacement,Unused Phase 16A candidate passing the strict Phase 16D screen; selected by ascending UID.
106,195,IU_195,XXXX-year-old female with coughing and wheezing.,None.,Clear lungs bilaterally. No pneumothorax or pleural effusion. Normal cardiac contours,1. No acute cardiopulmonary abnormalities,external_data/IU-Xray/images/IU_195_frontal.jpg,external_data/IU-Xray/images/IU_195_lateral.jpg,True,True,20260928,phase16d_sorted_uid_topup_no_sampling,replacement,Unused Phase 16A candidate passing the strict Phase 16D screen; selected by ascending UID.
107,227,IU_227,"XXXX-year-old male with dyspnea, chest pain",Chest XXXX,"Heart is enlarged. There is prominence of the central pulmonary vasculature. Mild diffuse interstitial opacities bilaterally, predominantly in the bases, with no focal consolidation, pleural effusion, or pneumothoraces. XXXX and soft tissues are unremarkable.",Cardiomegaly with pulmonary interstitial edema and XXXX bilateral pleural effusions. .,external_data/IU-Xray/images/IU_227_frontal.jpg,external_data/IU-Xray/images/IU_227_lateral.jpg,True,True,20260928,phase16d_sorted_uid_topup_no_sampling,replacement,Unused Phase 16A candidate passing the strict Phase 16D screen; selected by ascending UID.
108,247,IU_247,"Chest pain, dyspnea.",None.,The cardiomediastinal silhouette is normal in size and contour. Lungs are clear without focal areas of consolidation. No pneumothorax or large pleural effusion. No acute bone abnormality.,No acute cardiopulmonary process.,external_data/IU-Xray/images/IU_247_frontal.jpg,external_data/IU-Xray/images/IU_247_lateral.jpg,True,True,20260928,phase16d_sorted_uid_topup_no_sampling,replacement,Unused Phase 16A candidate passing the strict Phase 16D screen; selected by ascending UID.
109,254,IU_254,"XXXX-year-old female MVA, chest pain",,Lungs are clear. Heart size normal. Scattered thoracic spine spurring.,No acute cardiopulmonary finding.,external_data/IU-Xray/images/IU_254_frontal.jpg,external_data/IU-Xray/images/IU_254_lateral.jpg,True,True,20260928,phase16d_sorted_uid_topup_no_sampling,replacement,Unused Phase 16A candidate passing the strict Phase 16D screen; selected by ascending UID.
110,270,IU_270,"Chest pain, renal failure. Anterior chest pain. Dehydrated, EtOH.",None.,"The cardiomediastinal silhouette and pulmonary vasculature are within normal limits in size. The lungs are clear of focal airspace disease, pneumothorax, or pleural effusion. There are no acute bony findings.",No acute cardiopulmonary findings. .,external_data/IU-Xray/images/IU_270_frontal.jpg,external_data/IU-Xray/images/IU_270_lateral.jpg,True,True,20260928,phase16d_sorted_uid_topup_no_sampling,replacement,Unused Phase 16A candidate passing the strict Phase 16D screen; selected by ascending UID.
111,275,IU_275,"Chest pain, dyspnea","Chest 2 views PA and lateral XXXX, XXXX a.m.","Lungs are clear bilaterally. There is no focal consolidation, pleural effusion, or pneumothoraces. Cardiomediastinal silhouette is within normal limits. XXXX are unremarkable.",No acute cardiopulmonary abnormality.,external_data/IU-Xray/images/IU_275_frontal.jpg,external_data/IU-Xray/images/IU_275_lateral.jpg,True,True,20260928,phase16d_sorted_uid_topup_no_sampling,replacement,Unused Phase 16A candidate passing the strict Phase 16D screen; selected by ascending UID.
112,287,IU_287,"Dyspnea, nausea and vomiting, XXXX","XXXX, XXXX",Heart size is normal. The lungs are grossly clear. No pleural effusions or pneumothoraces. The hilar and mediastinal contours are stable. Normal pulmonary vascularity. No overt edema.,No acute abnormality.,external_data/IU-Xray/images/IU_287_frontal.jpg,external_data/IU-Xray/images/IU_287_lateral.jpg,True,True,20260928,phase16d_sorted_uid_topup_no_sampling,replacement,Unused Phase 16A candidate passing the strict Phase 16D screen; selected by ascending UID.
113,290,IU_290,Occasional chest pain and shortness of breath.,,The lungs are clear. There are multiple surgical XXXX seen near the apical regions and lower cervical region bilaterally. The heart and mediastinum are normal. There is a screw in the right shoulder. The soft tissues are normal.,1. No active disease. 2. There are numerous small surgical clips seen overlying the upper thorax bilaterally and the lower cervical region of uncertain significance.,external_data/IU-Xray/images/IU_290_frontal.jpg,external_data/IU-Xray/images/IU_290_lateral.jpg,True,True,20260928,phase16d_sorted_uid_topup_no_sampling,replacement,Unused Phase 16A candidate passing the strict Phase 16D screen; selected by ascending UID.
114,297,IU_297,"Chest pain, dyspnea.","XXXX, XXXX.","Cardiac silhouette is within normal limits in size. The lungs are hypoinflated with mild bronchovascular crowding. There is mild, XXXX opacity projected over the left lung base. This is partly due to overlying soft tissues, however, there is partial obscuration of the lateral left hemidiaphragm. The lungs are otherwise grossly clear. There is no pneumothorax or pleural effusion. There are no acute bony findings. There are degenerative endplate changes throughout the thoracic spine.","Low lung volumes with mild, XXXX left basilar opacity, atelectasis versus infiltrate. .",external_data/IU-Xray/images/IU_297_frontal.jpg,external_data/IU-Xray/images/IU_297_lateral.jpg,True,True,20260928,phase16d_sorted_uid_topup_no_sampling,replacement,Unused Phase 16A candidate passing the strict Phase 16D screen; selected by ascending UID.
