summary_level,scope_value,n_records,n_gated_covered,n_gated_abstained,gated_coverage,baseline_radgraph_f1_mean,baseline_radgraph_f1_median,overall_gated_radgraph_f1_mean,overall_gated_radgraph_f1_median,covered_gated_radgraph_f1_mean,covered_gated_radgraph_f1_median,overall_gated_minus_baseline_radgraph_f1_mean_delta,covered_gated_minus_baseline_radgraph_f1_mean_delta
overall,all,576,480,96,0.8333333333333334,0.19693177083333332,0.1714,0.16609375000000004,0.1481,0.19931250000000003,0.1714,-0.030838020833333285,0.0023807291666667063
benchmark_condition,sufficient,96,96,0,1.0,0.19983125,0.17265,0.19983125,0.17265,0.19983125,0.17265,0.0,0.0
benchmark_condition,syntactic_incomplete,96,96,0,1.0,0.2053125,0.1818,0.203896875,0.1802,0.203896875,0.1802,-0.0014156250000000037,-0.0014156250000000037
benchmark_condition,evidentiary_incomplete,96,96,0,1.0,0.18961041666666667,0.16,0.18961041666666667,0.16,0.18961041666666667,0.16,0.0,0.0
benchmark_condition,irrelevant,96,96,0,1.0,0.18466354166666665,0.1668,0.20393854166666667,0.1802,0.20393854166666667,0.1802,0.019275000000000014,0.019275000000000014
benchmark_condition,conflicting,96,96,0,1.0,0.198234375,0.1714,0.19928541666666666,0.1714,0.19928541666666666,0.1714,0.0010510416666666689,0.0010510416666666689
benchmark_condition,insufficient,96,0,96,0.0,0.20393854166666667,0.1802,0.0,0.0,,,-0.20393854166666667,
analyzer_evidence_state,conflicting,96,96,0,1.0,0.198234375,0.1714,0.19928541666666666,0.1714,0.19928541666666666,0.1714,0.0010510416666666689,0.0010510416666666689
analyzer_evidence_state,incomplete,96,96,0,1.0,0.2053125,0.1818,0.203896875,0.1802,0.203896875,0.1802,-0.0014156250000000037,-0.0014156250000000037
analyzer_evidence_state,insufficient,96,0,96,0.0,0.20393854166666667,0.1802,0.0,0.0,,,-0.20393854166666667,
analyzer_evidence_state,irrelevant,96,96,0,1.0,0.18466354166666665,0.1668,0.20393854166666667,0.1802,0.20393854166666667,0.1802,0.019275000000000014,0.019275000000000014
analyzer_evidence_state,sufficient,192,192,0,1.0,0.19472083333333332,0.16985,0.19472083333333332,0.16985,0.19472083333333332,0.16985,0.0,0.0
gate_action,abstain,96,0,96,0.0,0.20393854166666667,0.1802,0.0,0.0,,,-0.20393854166666667,
gate_action,discount_context,96,96,0,1.0,0.18466354166666665,0.1668,0.20393854166666667,0.1802,0.20393854166666667,0.1802,0.019275000000000014,0.019275000000000014
gate_action,generate,192,192,0,1.0,0.19472083333333332,0.16985,0.19472083333333332,0.16985,0.19472083333333332,0.16985,0.0,0.0
gate_action,qualify,96,96,0,1.0,0.2053125,0.1818,0.203896875,0.1802,0.203896875,0.1802,-0.0014156250000000037,-0.0014156250000000037
gate_action,qualify_or_abstain,96,96,0,1.0,0.198234375,0.1714,0.19928541666666666,0.1714,0.19928541666666666,0.1714,0.0010510416666666689,0.0010510416666666689
