summary_level,scope_value,report_view,eligible_n,evaluated_n,covered_n,abstained_n,unsupported_claim_count,evaluated_generated_claim_denominator,unsupported_claim_rate,omission_count
overall,all,baseline,576,576,576,0,120,1578,0.07604562737642585,854
overall,all,gated_all_records,576,576,480,96,106,1460,0.07260273972602739,982
overall,all,gated_covered_only,576,480,480,96,106,1460,0.07260273972602739,682
benchmark_condition,sufficient,baseline,96,96,96,0,20,237,0.08438818565400844,149
benchmark_condition,sufficient,gated_all_records,96,96,96,0,20,237,0.08438818565400844,149
benchmark_condition,sufficient,gated_covered_only,96,96,96,0,20,237,0.08438818565400844,149
benchmark_condition,syntactic_incomplete,baseline,96,96,96,0,16,244,0.06557377049180328,152
benchmark_condition,syntactic_incomplete,gated_all_records,96,96,96,0,21,362,0.058011049723756904,124
benchmark_condition,syntactic_incomplete,gated_covered_only,96,96,96,0,21,362,0.058011049723756904,124
benchmark_condition,evidentiary_incomplete,baseline,96,96,96,0,21,239,0.08786610878661087,150
benchmark_condition,evidentiary_incomplete,gated_all_records,96,96,96,0,21,239,0.08786610878661087,150
benchmark_condition,evidentiary_incomplete,gated_covered_only,96,96,96,0,21,239,0.08786610878661087,150
benchmark_condition,irrelevant,baseline,96,96,96,0,19,236,0.08050847457627118,144
benchmark_condition,irrelevant,gated_all_records,96,96,96,0,21,362,0.058011049723756904,124
benchmark_condition,irrelevant,gated_covered_only,96,96,96,0,21,362,0.058011049723756904,124
benchmark_condition,conflicting,baseline,96,96,96,0,23,260,0.08846153846153847,135
benchmark_condition,conflicting,gated_all_records,96,96,96,0,23,260,0.08846153846153847,135
benchmark_condition,conflicting,gated_covered_only,96,96,96,0,23,260,0.08846153846153847,135
benchmark_condition,insufficient,baseline,96,96,96,0,21,362,0.058011049723756904,124
benchmark_condition,insufficient,gated_all_records,96,96,0,96,0,0,0.0,300
benchmark_condition,insufficient,gated_covered_only,96,0,0,96,0,0,0.0,0
analyzer_evidence_state,sufficient,baseline,192,192,192,0,41,476,0.0861344537815126,299
analyzer_evidence_state,sufficient,gated_all_records,192,192,192,0,41,476,0.0861344537815126,299
analyzer_evidence_state,sufficient,gated_covered_only,192,192,192,0,41,476,0.0861344537815126,299
analyzer_evidence_state,incomplete,baseline,96,96,96,0,16,244,0.06557377049180328,152
analyzer_evidence_state,incomplete,gated_all_records,96,96,96,0,21,362,0.058011049723756904,124
analyzer_evidence_state,incomplete,gated_covered_only,96,96,96,0,21,362,0.058011049723756904,124
analyzer_evidence_state,irrelevant,baseline,96,96,96,0,19,236,0.08050847457627118,144
analyzer_evidence_state,irrelevant,gated_all_records,96,96,96,0,21,362,0.058011049723756904,124
analyzer_evidence_state,irrelevant,gated_covered_only,96,96,96,0,21,362,0.058011049723756904,124
analyzer_evidence_state,conflicting,baseline,96,96,96,0,23,260,0.08846153846153847,135
analyzer_evidence_state,conflicting,gated_all_records,96,96,96,0,23,260,0.08846153846153847,135
analyzer_evidence_state,conflicting,gated_covered_only,96,96,96,0,23,260,0.08846153846153847,135
analyzer_evidence_state,insufficient,baseline,96,96,96,0,21,362,0.058011049723756904,124
analyzer_evidence_state,insufficient,gated_all_records,96,96,0,96,0,0,0.0,300
analyzer_evidence_state,insufficient,gated_covered_only,96,0,0,96,0,0,0.0,0
gate_action,generate,baseline,192,192,192,0,41,476,0.0861344537815126,299
gate_action,generate,gated_all_records,192,192,192,0,41,476,0.0861344537815126,299
gate_action,generate,gated_covered_only,192,192,192,0,41,476,0.0861344537815126,299
gate_action,qualify,baseline,96,96,96,0,16,244,0.06557377049180328,152
gate_action,qualify,gated_all_records,96,96,96,0,21,362,0.058011049723756904,124
gate_action,qualify,gated_covered_only,96,96,96,0,21,362,0.058011049723756904,124
gate_action,discount_context,baseline,96,96,96,0,19,236,0.08050847457627118,144
gate_action,discount_context,gated_all_records,96,96,96,0,21,362,0.058011049723756904,124
gate_action,discount_context,gated_covered_only,96,96,96,0,21,362,0.058011049723756904,124
gate_action,qualify_or_abstain,baseline,96,96,96,0,23,260,0.08846153846153847,135
gate_action,qualify_or_abstain,gated_all_records,96,96,96,0,23,260,0.08846153846153847,135
gate_action,qualify_or_abstain,gated_covered_only,96,96,96,0,23,260,0.08846153846153847,135
gate_action,abstain,baseline,96,96,96,0,21,362,0.058011049723756904,124
gate_action,abstain,gated_all_records,96,96,0,96,0,0,0.0,300
gate_action,abstain,gated_covered_only,96,0,0,96,0,0,0.0,0
