sample_id,uid,condition,analyzer_evidence_state,gate_action,is_gated_abstention,gated_report_covered,baseline_radgraph_precision,baseline_radgraph_recall,baseline_radgraph_f1,gated_radgraph_precision,gated_radgraph_recall,gated_radgraph_f1,delta_radgraph_f1
IU_1001,1001,conflicting,conflicting,qualify_or_abstain,False,True,0.2143,0.1429,0.0714,0.2143,0.1429,0.0714,0.0
IU_1001,1001,evidentiary_incomplete,sufficient,generate,False,True,0.3226,0.1935,0.0625,0.3226,0.1935,0.0625,0.0
IU_1001,1001,insufficient,insufficient,abstain,True,False,0.2857,0.1429,0.0,0.0,0.0,0.0,0.0
IU_1001,1001,irrelevant,irrelevant,discount_context,False,True,0.1333,0.1333,0.0625,0.2857,0.1429,0.0,-0.0625
IU_1001,1001,sufficient,sufficient,generate,False,True,0.2424,0.1212,0.0,0.2424,0.1212,0.0,0.0
IU_1001,1001,syntactic_incomplete,incomplete,qualify,False,True,0.1765,0.1176,0.0,0.2857,0.1429,0.0,0.0
IU_1008,1008,conflicting,conflicting,qualify_or_abstain,False,True,0.32,0.32,0.2308,0.32,0.32,0.2308,0.0
IU_1008,1008,evidentiary_incomplete,sufficient,generate,False,True,0.2667,0.2667,0.1765,0.2667,0.2667,0.1765,0.0
IU_1008,1008,insufficient,insufficient,abstain,True,False,0.4,0.4,0.2581,0.0,0.0,0.0,-0.2581
IU_1008,1008,irrelevant,irrelevant,discount_context,False,True,0.2759,0.2667,0.1818,0.4,0.4,0.2581,0.0762
IU_1008,1008,sufficient,sufficient,generate,False,True,0.2424,0.2424,0.1622,0.2424,0.2424,0.1622,0.0
IU_1008,1008,syntactic_incomplete,incomplete,qualify,False,True,0.2424,0.2424,0.1622,0.4,0.4,0.2581,0.0959
IU_1025,1025,conflicting,conflicting,qualify_or_abstain,False,True,0.4848,0.4848,0.4848,0.4848,0.4848,0.4848,0.0
IU_1025,1025,evidentiary_incomplete,sufficient,generate,False,True,0.2581,0.25,0.2353,0.2581,0.25,0.2353,0.0
IU_1025,1025,insufficient,insufficient,abstain,True,False,0.5,0.4375,0.375,0.0,0.0,0.0,-0.375
IU_1025,1025,irrelevant,irrelevant,discount_context,False,True,0.3636,0.303,0.2286,0.5,0.4375,0.375,0.1464
IU_1025,1025,sufficient,sufficient,generate,False,True,0.25,0.25,0.2286,0.25,0.25,0.2286,0.0
IU_1025,1025,syntactic_incomplete,incomplete,qualify,False,True,0.25,0.25,0.2286,0.5,0.4375,0.375,0.1464
IU_1034,1034,conflicting,conflicting,qualify_or_abstain,False,True,0.1818,0.1818,0.1714,0.1818,0.1818,0.1714,0.0
IU_1034,1034,evidentiary_incomplete,sufficient,generate,False,True,0.1176,0.1176,0.1111,0.1176,0.1176,0.1111,0.0
IU_1034,1034,insufficient,insufficient,abstain,True,False,0.2222,0.1667,0.1463,0.0,0.0,0.0,-0.1463
IU_1034,1034,irrelevant,irrelevant,discount_context,False,True,0.0541,0.0541,0.0513,0.2222,0.1667,0.1463,0.0951
IU_1034,1034,sufficient,sufficient,generate,False,True,0.1176,0.1176,0.1111,0.1176,0.1176,0.1111,0.0
IU_1034,1034,syntactic_incomplete,incomplete,qualify,False,True,0.1176,0.1176,0.1111,0.2222,0.1667,0.1463,0.0352
IU_1059,1059,conflicting,conflicting,qualify_or_abstain,False,True,0.3333,0.32,0.2759,0.3333,0.32,0.2759,0.0
IU_1059,1059,evidentiary_incomplete,sufficient,generate,False,True,0.6364,0.6087,0.5385,0.6364,0.6087,0.5385,0.0
IU_1059,1059,insufficient,insufficient,abstain,True,False,0.2069,0.2,0.1714,0.0,0.0,0.0,-0.1714
IU_1059,1059,irrelevant,irrelevant,discount_context,False,True,0.3077,0.2857,0.25,0.2069,0.2,0.1714,-0.0786
IU_1059,1059,sufficient,sufficient,generate,False,True,0.3846,0.3704,0.3448,0.3846,0.3704,0.3448,0.0
IU_1059,1059,syntactic_incomplete,incomplete,qualify,False,True,0.2143,0.2069,0.1765,0.2069,0.2,0.1714,-0.005
IU_1097,1097,conflicting,conflicting,qualify_or_abstain,False,True,0.2041,0.2,0.1111,0.2041,0.2,0.1111,0.0
IU_1097,1097,evidentiary_incomplete,sufficient,generate,False,True,0.28,0.2745,0.1754,0.28,0.2745,0.1754,0.0
IU_1097,1097,insufficient,insufficient,abstain,True,False,0.3137,0.2692,0.1852,0.0,0.0,0.0,-0.1852
IU_1097,1097,irrelevant,irrelevant,discount_context,False,True,0.3137,0.2692,0.1852,0.3137,0.2692,0.1852,0.0
IU_1097,1097,sufficient,sufficient,generate,False,True,0.4262,0.3548,0.3188,0.4262,0.3548,0.3188,0.0
IU_1097,1097,syntactic_incomplete,incomplete,qualify,False,True,0.4151,0.3704,0.3509,0.3137,0.2692,0.1852,-0.1657
IU_1114,1114,conflicting,conflicting,qualify_or_abstain,False,True,0.3478,0.3478,0.16,0.3478,0.3478,0.16,0.0
IU_1114,1114,evidentiary_incomplete,sufficient,generate,False,True,0.3,0.3,0.1905,0.3,0.3,0.1905,0.0
IU_1114,1114,insufficient,insufficient,abstain,True,False,0.3636,0.3636,0.1818,0.0,0.0,0.0,-0.1818
IU_1114,1114,irrelevant,irrelevant,discount_context,False,True,0.32,0.32,0.1538,0.3636,0.3636,0.1818,0.028
IU_1114,1114,sufficient,sufficient,generate,False,True,0.2963,0.2963,0.1379,0.2963,0.2963,0.1379,0.0
IU_1114,1114,syntactic_incomplete,incomplete,qualify,False,True,0.2857,0.2857,0.1333,0.3636,0.3636,0.1818,0.0485
IU_1165,1165,conflicting,conflicting,qualify_or_abstain,False,True,0.2222,0.2222,0.0976,0.2222,0.2222,0.0976,0.0
IU_1165,1165,evidentiary_incomplete,sufficient,generate,False,True,0.2222,0.2222,0.0976,0.2222,0.2222,0.0976,0.0
IU_1165,1165,insufficient,insufficient,abstain,True,False,0.303,0.303,0.1081,0.0,0.0,0.0,-0.1081
IU_1165,1165,irrelevant,irrelevant,discount_context,False,True,0.129,0.125,0.1053,0.303,0.303,0.1081,0.0028
IU_1165,1165,sufficient,sufficient,generate,False,True,0.2222,0.2222,0.0976,0.2222,0.2222,0.0976,0.0
IU_1165,1165,syntactic_incomplete,incomplete,qualify,False,True,0.303,0.303,0.1081,0.303,0.303,0.1081,0.0
IU_1172,1172,conflicting,conflicting,qualify_or_abstain,False,True,0.4516,0.4516,0.4118,0.4516,0.4516,0.4118,0.0
IU_1172,1172,evidentiary_incomplete,sufficient,generate,False,True,0.4667,0.4667,0.4118,0.4667,0.4667,0.4118,0.0
IU_1172,1172,insufficient,insufficient,abstain,True,False,0.5625,0.5625,0.4571,0.0,0.0,0.0,-0.4571
IU_1172,1172,irrelevant,irrelevant,discount_context,False,True,0.4706,0.4706,0.2632,0.5625,0.5625,0.4571,0.194
IU_1172,1172,sufficient,sufficient,generate,False,True,0.4571,0.4571,0.359,0.4571,0.4571,0.359,0.0
IU_1172,1172,syntactic_incomplete,incomplete,qualify,False,True,0.5143,0.5143,0.4,0.5625,0.5625,0.4571,0.0571
IU_1173,1173,conflicting,conflicting,qualify_or_abstain,False,True,0.1111,0.1071,0.1,0.1111,0.1071,0.1,0.0
IU_1173,1173,evidentiary_incomplete,sufficient,generate,False,True,0.1923,0.1481,0.1311,0.1923,0.1481,0.1311,0.0
IU_1173,1173,insufficient,insufficient,abstain,True,False,0.1923,0.1481,0.1311,0.0,0.0,0.0,-0.1311
IU_1173,1173,irrelevant,irrelevant,discount_context,False,True,0.28,0.2308,0.2143,0.1923,0.1481,0.1311,-0.0831
IU_1173,1173,sufficient,sufficient,generate,False,True,0.28,0.2308,0.2143,0.28,0.2308,0.2143,0.0
IU_1173,1173,syntactic_incomplete,incomplete,qualify,False,True,0.2041,0.1961,0.1818,0.1923,0.1481,0.1311,-0.0507
IU_1205,1205,conflicting,conflicting,qualify_or_abstain,False,True,0.3478,0.3333,0.3333,0.3478,0.3333,0.3333,0.0
IU_1205,1205,evidentiary_incomplete,sufficient,generate,False,True,0.4348,0.4167,0.4286,0.4348,0.4167,0.4286,0.0
IU_1205,1205,insufficient,insufficient,abstain,True,False,0.3478,0.3333,0.4167,0.0,0.0,0.0,-0.4167
IU_1205,1205,irrelevant,irrelevant,discount_context,False,True,0.2857,0.2759,0.3125,0.3478,0.3333,0.4167,0.1042
IU_1205,1205,sufficient,sufficient,generate,False,True,0.4348,0.4,0.4286,0.4348,0.4,0.4286,0.0
IU_1205,1205,syntactic_incomplete,incomplete,qualify,False,True,0.4348,0.4167,0.4286,0.3478,0.3333,0.4167,-0.0119
IU_175,175,conflicting,conflicting,qualify_or_abstain,False,True,0.0417,0.0408,0.0345,0.0417,0.0408,0.0345,0.0
IU_175,175,evidentiary_incomplete,sufficient,generate,False,True,0.0714,0.0351,0.0312,0.0714,0.0351,0.0312,0.0
IU_175,175,insufficient,insufficient,abstain,True,False,0.0755,0.037,0.0328,0.0,0.0,0.0,-0.0328
IU_175,175,irrelevant,irrelevant,discount_context,False,True,0.0833,0.0408,0.0357,0.0755,0.037,0.0328,-0.0029
IU_175,175,sufficient,sufficient,generate,False,True,0.0714,0.0351,0.0312,0.0714,0.0351,0.0312,0.0
IU_175,175,syntactic_incomplete,incomplete,qualify,False,True,0.1132,0.0741,0.0625,0.0755,0.037,0.0328,-0.0297
IU_185,185,conflicting,conflicting,qualify_or_abstain,False,True,0.1765,0.1765,0.1111,0.1765,0.1765,0.1111,0.0
IU_185,185,evidentiary_incomplete,sufficient,generate,False,True,0.3636,0.3636,0.2857,0.3636,0.3636,0.2857,0.0
IU_185,185,insufficient,insufficient,abstain,True,False,0.2581,0.2581,0.125,0.0,0.0,0.0,-0.125
IU_185,185,irrelevant,irrelevant,discount_context,False,True,0.129,0.129,0.1143,0.2581,0.2581,0.125,0.0107
IU_185,185,sufficient,sufficient,generate,False,True,0.3636,0.3636,0.2857,0.3636,0.3636,0.2857,0.0
IU_185,185,syntactic_incomplete,incomplete,qualify,False,True,0.3636,0.3636,0.2857,0.2581,0.2581,0.125,-0.1607
IU_190,190,conflicting,conflicting,qualify_or_abstain,False,True,0.2759,0.2759,0.1333,0.2759,0.2759,0.1333,0.0
IU_190,190,evidentiary_incomplete,sufficient,generate,False,True,0.2963,0.2963,0.1333,0.2963,0.2963,0.1333,0.0
IU_190,190,insufficient,insufficient,abstain,True,False,0.2222,0.2143,0.1429,0.0,0.0,0.0,-0.1429
IU_190,190,irrelevant,irrelevant,discount_context,False,True,0.2857,0.2857,0.1429,0.2222,0.2143,0.1429,0.0
IU_190,190,sufficient,sufficient,generate,False,True,0.3529,0.3529,0.1667,0.3529,0.3529,0.1667,0.0
IU_190,190,syntactic_incomplete,incomplete,qualify,False,True,0.2581,0.2581,0.1212,0.2222,0.2222,0.1429,0.0216
IU_195,195,conflicting,conflicting,qualify_or_abstain,False,True,0.32,0.32,0.4,0.32,0.32,0.4,0.0
IU_195,195,evidentiary_incomplete,sufficient,generate,False,True,0.4348,0.4167,0.3846,0.4348,0.4167,0.3846,0.0
IU_195,195,insufficient,insufficient,abstain,True,False,0.5,0.4167,0.5,0.0,0.0,0.0,-0.5
IU_195,195,irrelevant,irrelevant,discount_context,False,True,0.3636,0.3636,0.4348,0.5,0.4167,0.5,0.0652
IU_195,195,sufficient,sufficient,generate,False,True,0.4545,0.4348,0.4,0.4545,0.4348,0.4,0.0
IU_195,195,syntactic_incomplete,incomplete,qualify,False,True,0.4545,0.4348,0.4,0.5,0.4167,0.5,0.1
IU_227,227,conflicting,conflicting,qualify_or_abstain,False,True,0.1143,0.1111,0.1053,0.1143,0.1111,0.1053,0.0
IU_227,227,evidentiary_incomplete,sufficient,generate,False,True,0.1714,0.1622,0.1026,0.1714,0.1622,0.1026,0.0
IU_227,227,insufficient,insufficient,abstain,True,False,0.2,0.1951,0.1818,0.0,0.0,0.0,-0.1818
IU_227,227,irrelevant,irrelevant,discount_context,False,True,0.1,0.0976,0.093,0.2,0.1951,0.1818,0.0888
IU_227,227,sufficient,sufficient,generate,False,True,0.1622,0.1579,0.0976,0.1622,0.1579,0.0976,0.0
IU_227,227,syntactic_incomplete,incomplete,qualify,False,True,0.1667,0.1579,0.1,0.2,0.1951,0.1818,0.0818
IU_247,247,conflicting,conflicting,qualify_or_abstain,False,True,0.5455,0.4848,0.4571,0.5455,0.4848,0.4571,0.0
IU_247,247,evidentiary_incomplete,sufficient,generate,False,True,0.6875,0.625,0.5882,0.6875,0.625,0.5882,0.0
IU_247,247,insufficient,insufficient,abstain,True,False,0.6875,0.625,0.5882,0.0,0.0,0.0,-0.5882
IU_247,247,irrelevant,irrelevant,discount_context,False,True,0.6667,0.5556,0.5263,0.6875,0.625,0.5882,0.0619
IU_247,247,sufficient,sufficient,generate,False,True,0.4242,0.3636,0.2162,0.4242,0.3636,0.2162,0.0
IU_247,247,syntactic_incomplete,incomplete,qualify,False,True,0.5789,0.5263,0.3556,0.6875,0.625,0.5882,0.2327
IU_253,253,conflicting,conflicting,qualify_or_abstain,False,True,0.3333,0.3243,0.25,0.3333,0.3243,0.25,0.0
IU_253,253,evidentiary_incomplete,sufficient,generate,False,True,0.1212,0.1176,0.1111,0.1212,0.1176,0.1111,0.0
IU_253,253,insufficient,insufficient,abstain,True,False,0.2424,0.1765,0.1667,0.0,0.0,0.0,-0.1667
IU_253,253,irrelevant,irrelevant,discount_context,False,True,0.2286,0.1667,0.0976,0.2424,0.1765,0.1667,0.0691
IU_253,253,sufficient,sufficient,generate,False,True,0.3243,0.3158,0.2,0.3243,0.3158,0.2,0.0
IU_253,253,syntactic_incomplete,incomplete,qualify,False,True,0.1212,0.1176,0.1026,0.2424,0.1765,0.1667,0.0641
IU_254,254,conflicting,conflicting,qualify_or_abstain,False,True,0.3704,0.2222,0.1429,0.3704,0.2222,0.1429,0.0
IU_254,254,evidentiary_incomplete,sufficient,generate,False,True,0.32,0.24,0.16,0.32,0.24,0.16,0.0
IU_254,254,insufficient,insufficient,abstain,True,False,0.32,0.24,0.16,0.0,0.0,0.0,-0.16
IU_254,254,irrelevant,irrelevant,discount_context,False,True,0.1818,0.0909,0.0769,0.32,0.24,0.16,0.0831
IU_254,254,sufficient,sufficient,generate,False,True,0.08,0.0769,0.0714,0.08,0.0769,0.0714,0.0
IU_254,254,syntactic_incomplete,incomplete,qualify,False,True,0.0833,0.08,0.0741,0.32,0.24,0.16,0.0859
IU_270,270,conflicting,conflicting,qualify_or_abstain,False,True,0.3333,0.2667,0.1111,0.3333,0.2667,0.1111,0.0
IU_270,270,evidentiary_incomplete,sufficient,generate,False,True,0.4706,0.4706,0.2632,0.4706,0.4706,0.2632,0.0
IU_270,270,insufficient,insufficient,abstain,True,False,0.4516,0.4375,0.4,0.0,0.0,0.0,-0.4
IU_270,270,irrelevant,irrelevant,discount_context,False,True,0.4706,0.4706,0.2632,0.4516,0.4375,0.4,0.1368
IU_270,270,sufficient,sufficient,generate,False,True,0.5625,0.5625,0.4571,0.5625,0.5625,0.4571,0.0
IU_270,270,syntactic_incomplete,incomplete,qualify,False,True,0.5625,0.5625,0.4571,0.4516,0.4516,0.4,-0.0571
IU_275,275,conflicting,conflicting,qualify_or_abstain,False,True,0.5,0.4375,0.4375,0.5,0.5,0.5,0.0625
IU_275,275,evidentiary_incomplete,sufficient,generate,False,True,0.4667,0.4667,0.4,0.4667,0.4667,0.4,0.0
IU_275,275,insufficient,insufficient,abstain,True,False,0.5161,0.4516,0.3871,0.0,0.0,0.0,-0.3871
IU_275,275,irrelevant,irrelevant,discount_context,False,True,0.5641,0.4615,0.381,0.5161,0.4516,0.3871,0.0061
IU_275,275,sufficient,sufficient,generate,False,True,0.4848,0.4242,0.2941,0.4848,0.4242,0.2941,0.0
IU_275,275,syntactic_incomplete,incomplete,qualify,False,True,0.4848,0.4242,0.2941,0.5161,0.4516,0.3871,0.093
IU_282,282,conflicting,conflicting,qualify_or_abstain,False,True,0.4138,0.3333,0.2581,0.4138,0.3333,0.2581,0.0
IU_282,282,evidentiary_incomplete,sufficient,generate,False,True,0.5,0.3636,0.2941,0.5,0.3636,0.2941,0.0
IU_282,282,insufficient,insufficient,abstain,True,False,0.5,0.2759,0.2,0.0,0.0,0.0,-0.2
IU_282,282,irrelevant,irrelevant,discount_context,False,True,0.3077,0.2222,0.1379,0.5,0.2759,0.2,0.0621
IU_282,282,sufficient,sufficient,generate,False,True,0.3871,0.3125,0.2353,0.3871,0.3125,0.2353,0.0
IU_282,282,syntactic_incomplete,incomplete,qualify,False,True,0.6667,0.3871,0.4242,0.5,0.2759,0.2,-0.2242
IU_287,287,conflicting,conflicting,qualify_or_abstain,False,True,0.3871,0.3871,0.2857,0.3871,0.3871,0.2857,0.0
IU_287,287,evidentiary_incomplete,sufficient,generate,False,True,0.129,0.129,0.0556,0.129,0.129,0.0556,0.0
IU_287,287,insufficient,insufficient,abstain,True,False,0.3889,0.3889,0.3415,0.0,0.0,0.0,-0.3415
IU_287,287,irrelevant,irrelevant,discount_context,False,True,0.2424,0.2424,0.1714,0.3889,0.3889,0.3415,0.17
IU_287,287,sufficient,sufficient,generate,False,True,0.3429,0.3429,0.2051,0.3429,0.3429,0.2051,0.0
IU_287,287,syntactic_incomplete,incomplete,qualify,False,True,0.3429,0.3429,0.2051,0.3889,0.3889,0.3415,0.1363
IU_290,290,conflicting,conflicting,qualify_or_abstain,False,True,0.1429,0.1429,0.08,0.1429,0.1429,0.08,0.0
IU_290,290,evidentiary_incomplete,sufficient,generate,False,True,0.1579,0.1579,0.0909,0.1579,0.1579,0.0909,0.0
IU_290,290,insufficient,insufficient,abstain,True,False,0.1538,0.15,0.0889,0.0,0.0,0.0,-0.0889
IU_290,290,irrelevant,irrelevant,discount_context,False,True,0.15,0.15,0.0816,0.1538,0.15,0.0889,0.0073
IU_290,290,sufficient,sufficient,generate,False,True,0.15,0.15,0.0889,0.15,0.15,0.0889,0.0
IU_290,290,syntactic_incomplete,incomplete,qualify,False,True,0.15,0.15,0.0889,0.1538,0.1538,0.0889,0.0
IU_297,297,conflicting,conflicting,qualify_or_abstain,False,True,0.1509,0.1509,0.1017,0.1509,0.1509,0.1017,0.0
IU_297,297,evidentiary_incomplete,sufficient,generate,False,True,0.1887,0.1852,0.1,0.1887,0.1852,0.1,0.0
IU_297,297,insufficient,insufficient,abstain,True,False,0.2857,0.2857,0.1538,0.0,0.0,0.0,-0.1538
IU_297,297,irrelevant,irrelevant,discount_context,False,True,0.2456,0.2456,0.1212,0.2857,0.2857,0.1538,0.0326
IU_297,297,sufficient,sufficient,generate,False,True,0.3051,0.2667,0.1515,0.3051,0.2667,0.1515,0.0
IU_297,297,syntactic_incomplete,incomplete,qualify,False,True,0.2857,0.25,0.1231,0.2857,0.25,0.1231,0.0
IU_303,303,conflicting,conflicting,qualify_or_abstain,False,True,0.0476,0.0476,0.0465,0.0476,0.0455,0.0444,-0.0021
IU_303,303,evidentiary_incomplete,sufficient,generate,False,True,0.0444,0.0444,0.0417,0.0444,0.0444,0.0417,0.0
IU_303,303,insufficient,insufficient,abstain,True,False,0.0833,0.0833,0.04,0.0,0.0,0.0,-0.04
IU_303,303,irrelevant,irrelevant,discount_context,False,True,0.0816,0.0816,0.0385,0.0833,0.0833,0.04,0.0015
IU_303,303,sufficient,sufficient,generate,False,True,0.093,0.093,0.0455,0.093,0.093,0.0455,0.0
IU_303,303,syntactic_incomplete,incomplete,qualify,False,True,0.1304,0.1304,0.0426,0.0833,0.0833,0.04,-0.0026
IU_304,304,conflicting,conflicting,qualify_or_abstain,False,True,0.3415,0.2927,0.2727,0.3415,0.2927,0.2727,0.0
IU_304,304,evidentiary_incomplete,sufficient,generate,False,True,0.4091,0.4091,0.4,0.4091,0.4091,0.4,0.0
IU_304,304,insufficient,insufficient,abstain,True,False,0.45,0.4,0.3902,0.0,0.0,0.0,-0.3902
IU_304,304,irrelevant,irrelevant,discount_context,False,True,0.3902,0.3902,0.3256,0.45,0.4,0.3902,0.0647
IU_304,304,sufficient,sufficient,generate,False,True,0.4091,0.4091,0.4,0.4091,0.4091,0.4,0.0
IU_304,304,syntactic_incomplete,incomplete,qualify,False,True,0.5,0.4167,0.3846,0.45,0.4,0.3902,0.0056
IU_313,313,conflicting,conflicting,qualify_or_abstain,False,True,0.1154,0.1154,0.0923,0.1154,0.1154,0.0923,0.0
IU_313,313,evidentiary_incomplete,sufficient,generate,False,True,0.1509,0.1509,0.0952,0.1509,0.1509,0.0952,0.0
IU_313,313,insufficient,insufficient,abstain,True,False,0.1091,0.1091,0.0882,0.0,0.0,0.0,-0.0882
IU_313,313,irrelevant,irrelevant,discount_context,False,True,0.2745,0.2745,0.0968,0.1091,0.1091,0.0882,-0.0085
IU_313,313,sufficient,sufficient,generate,False,True,0.1091,0.1091,0.0882,0.1091,0.1091,0.0882,0.0
IU_313,313,syntactic_incomplete,incomplete,qualify,False,True,0.1455,0.1455,0.1176,0.1091,0.1091,0.0882,-0.0294
IU_317,317,conflicting,conflicting,qualify_or_abstain,False,True,0.0,0.0,0.0,0.0,0.0,0.0,0.0
IU_317,317,evidentiary_incomplete,sufficient,generate,False,True,0.0,0.0,0.0,0.0,0.0,0.0,0.0
IU_317,317,insufficient,insufficient,abstain,True,False,0.0,0.0,0.0,0.0,0.0,0.0,0.0
IU_317,317,irrelevant,irrelevant,discount_context,False,True,0.0,0.0,0.0,0.0,0.0,0.0,0.0
IU_317,317,sufficient,sufficient,generate,False,True,0.0,0.0,0.0,0.0,0.0,0.0,0.0
IU_317,317,syntactic_incomplete,incomplete,qualify,False,True,0.0,0.0,0.0,0.0,0.0,0.0,0.0
IU_32,32,conflicting,conflicting,qualify_or_abstain,False,True,0.2759,0.2759,0.129,0.2759,0.2759,0.129,0.0
IU_32,32,evidentiary_incomplete,sufficient,generate,False,True,0.2667,0.2667,0.125,0.2667,0.2667,0.125,0.0
IU_32,32,insufficient,insufficient,abstain,True,False,0.2857,0.2857,0.1429,0.0,0.0,0.0,-0.1429
IU_32,32,irrelevant,irrelevant,discount_context,False,True,0.2581,0.2581,0.1212,0.2857,0.2857,0.1429,0.0216
IU_32,32,sufficient,sufficient,generate,False,True,0.2963,0.2963,0.129,0.2963,0.2963,0.129,0.0
IU_32,32,syntactic_incomplete,incomplete,qualify,False,True,0.4,0.4,0.3226,0.2857,0.2857,0.1429,-0.1797
IU_329,329,conflicting,conflicting,qualify_or_abstain,False,True,0.0,0.0,0.0,0.0,0.0,0.0,0.0
IU_329,329,evidentiary_incomplete,sufficient,generate,False,True,0.0,0.0,0.0,0.0,0.0,0.0,0.0
IU_329,329,insufficient,insufficient,abstain,True,False,0.0,0.0,0.0,0.0,0.0,0.0,0.0
IU_329,329,irrelevant,irrelevant,discount_context,False,True,0.0,0.0,0.0,0.0,0.0,0.0,0.0
IU_329,329,sufficient,sufficient,generate,False,True,0.1081,0.1081,0.093,0.1081,0.1081,0.093,0.0
IU_329,329,syntactic_incomplete,incomplete,qualify,False,True,0.0556,0.0556,0.0513,0.0,0.0,0.0,-0.0513
IU_340,340,conflicting,conflicting,qualify_or_abstain,False,True,0.0571,0.0571,0.0556,0.0571,0.0571,0.0556,0.0
IU_340,340,evidentiary_incomplete,sufficient,generate,False,True,0.1622,0.1622,0.1,0.1622,0.1622,0.1,0.0
IU_340,340,insufficient,insufficient,abstain,True,False,0.45,0.35,0.3256,0.0,0.0,0.0,-0.3256
IU_340,340,irrelevant,irrelevant,discount_context,False,True,0.2703,0.1622,0.1081,0.45,0.35,0.3256,0.2175
IU_340,340,sufficient,sufficient,generate,False,True,0.1622,0.1622,0.1,0.1622,0.1622,0.1,0.0
IU_340,340,syntactic_incomplete,incomplete,qualify,False,True,0.1622,0.1622,0.1,0.45,0.35,0.3256,0.2256
IU_341,341,conflicting,conflicting,qualify_or_abstain,False,True,0.1875,0.1875,0.1111,0.1875,0.1875,0.1111,0.0
IU_341,341,evidentiary_incomplete,sufficient,generate,False,True,0.1714,0.1714,0.1026,0.1714,0.1714,0.1026,0.0
IU_341,341,insufficient,insufficient,abstain,True,False,0.1765,0.1765,0.1081,0.0,0.0,0.0,-0.1081
IU_341,341,irrelevant,irrelevant,discount_context,False,True,0.1579,0.1579,0.0976,0.1765,0.1765,0.1081,0.0105
IU_341,341,sufficient,sufficient,generate,False,True,0.2759,0.2759,0.303,0.2759,0.2759,0.303,0.0
IU_341,341,syntactic_incomplete,incomplete,qualify,False,True,0.1818,0.1818,0.1,0.1765,0.1765,0.1081,0.0081
IU_36,36,conflicting,conflicting,qualify_or_abstain,False,True,0.5625,0.5625,0.4,0.5625,0.5,0.4,0.0
IU_36,36,evidentiary_incomplete,sufficient,generate,False,True,0.4706,0.4706,0.3077,0.4706,0.4706,0.3077,0.0
IU_36,36,insufficient,insufficient,abstain,True,False,0.4667,0.3871,0.2941,0.0,0.0,0.0,-0.2941
IU_36,36,irrelevant,irrelevant,discount_context,False,True,0.4706,0.4706,0.3077,0.4667,0.3871,0.2941,-0.0136
IU_36,36,sufficient,sufficient,generate,False,True,0.4706,0.4706,0.3077,0.4706,0.4706,0.3077,0.0
IU_36,36,syntactic_incomplete,incomplete,qualify,False,True,0.4516,0.4516,0.2941,0.4667,0.4,0.2941,0.0
IU_372,372,conflicting,conflicting,qualify_or_abstain,False,True,0.0513,0.0488,0.0455,0.05,0.0476,0.0444,-0.001
IU_372,372,evidentiary_incomplete,sufficient,generate,False,True,0.0526,0.05,0.0444,0.0526,0.05,0.0444,0.0
IU_372,372,insufficient,insufficient,abstain,True,False,0.0526,0.05,0.0476,0.0,0.0,0.0,-0.0476
IU_372,372,irrelevant,irrelevant,discount_context,False,True,0.1538,0.1463,0.1778,0.0526,0.05,0.0476,-0.1302
IU_372,372,sufficient,sufficient,generate,False,True,0.0556,0.0513,0.0465,0.0556,0.0513,0.0465,0.0
IU_372,372,syntactic_incomplete,incomplete,qualify,False,True,0.0556,0.0513,0.0465,0.0526,0.05,0.0476,0.0011
IU_382,382,conflicting,conflicting,qualify_or_abstain,False,True,0.1778,0.1739,0.1111,0.1778,0.1739,0.1111,0.0
IU_382,382,evidentiary_incomplete,sufficient,generate,False,True,0.1633,0.12,0.1071,0.1633,0.12,0.1071,0.0
IU_382,382,insufficient,insufficient,abstain,True,False,0.2128,0.2083,0.1111,0.0,0.0,0.0,-0.1111
IU_382,382,irrelevant,irrelevant,discount_context,False,True,0.1667,0.1633,0.1053,0.2128,0.2083,0.1111,0.0058
IU_382,382,sufficient,sufficient,generate,False,True,0.16,0.1569,0.1017,0.16,0.1569,0.1017,0.0
IU_382,382,syntactic_incomplete,incomplete,qualify,False,True,0.1333,0.1277,0.1091,0.2128,0.2083,0.1111,0.002
IU_388,388,conflicting,conflicting,qualify_or_abstain,False,True,0.1622,0.1579,0.1463,0.1622,0.1579,0.1463,0.0
IU_388,388,evidentiary_incomplete,sufficient,generate,False,True,0.25,0.1951,0.1364,0.25,0.1951,0.1364,0.0
IU_388,388,insufficient,insufficient,abstain,True,False,0.3077,0.25,0.1951,0.0,0.0,0.0,-0.1951
IU_388,388,irrelevant,irrelevant,discount_context,False,True,0.2632,0.2564,0.1364,0.3077,0.25,0.1951,0.0588
IU_388,388,sufficient,sufficient,generate,False,True,0.1579,0.05,0.0465,0.1579,0.05,0.0465,0.0
IU_388,388,syntactic_incomplete,incomplete,qualify,False,True,0.3077,0.25,0.1951,0.3077,0.25,0.1951,0.0
IU_400,400,conflicting,conflicting,qualify_or_abstain,False,True,0.4737,0.4737,0.3415,0.4737,0.4211,0.3415,0.0
IU_400,400,evidentiary_incomplete,sufficient,generate,False,True,0.125,0.125,0.1026,0.125,0.125,0.1026,0.0
IU_400,400,insufficient,insufficient,abstain,True,False,0.4865,0.4324,0.3,0.0,0.0,0.0,-0.3
IU_400,400,irrelevant,irrelevant,discount_context,False,True,0.3429,0.3333,0.2439,0.4865,0.4324,0.3,0.0561
IU_400,400,sufficient,sufficient,generate,False,True,0.1765,0.1765,0.1463,0.1765,0.1765,0.1463,0.0
IU_400,400,syntactic_incomplete,incomplete,qualify,False,True,0.1765,0.1765,0.1463,0.4865,0.4324,0.3,0.1537
IU_417,417,conflicting,conflicting,qualify_or_abstain,False,True,0.3871,0.3226,0.2581,0.3871,0.3226,0.2581,0.0
IU_417,417,evidentiary_incomplete,sufficient,generate,False,True,0.439,0.439,0.2667,0.439,0.439,0.2667,0.0
IU_417,417,insufficient,insufficient,abstain,True,False,0.4667,0.4667,0.2667,0.0,0.0,0.0,-0.2667
IU_417,417,irrelevant,irrelevant,discount_context,False,True,0.2143,0.2069,0.1935,0.4667,0.4667,0.2667,0.0731
IU_417,417,sufficient,sufficient,generate,False,True,0.5882,0.5294,0.4571,0.5882,0.5294,0.4571,0.0
IU_417,417,syntactic_incomplete,incomplete,qualify,False,True,0.3636,0.3636,0.2286,0.4667,0.4667,0.2667,0.0381
IU_437,437,conflicting,conflicting,qualify_or_abstain,False,True,0.2703,0.2703,0.25,0.2703,0.2703,0.25,0.0
IU_437,437,evidentiary_incomplete,sufficient,generate,False,True,0.2791,0.2326,0.1702,0.2791,0.2326,0.1702,0.0
IU_437,437,insufficient,insufficient,abstain,True,False,0.2791,0.2326,0.1702,0.0,0.0,0.0,-0.1702
IU_437,437,irrelevant,irrelevant,discount_context,False,True,0.2564,0.2564,0.2326,0.2791,0.2326,0.1702,-0.0623
IU_437,437,sufficient,sufficient,generate,False,True,0.4186,0.3721,0.3182,0.4186,0.3721,0.3182,0.0
IU_437,437,syntactic_incomplete,incomplete,qualify,False,True,0.3636,0.3182,0.2609,0.2791,0.2326,0.1702,-0.0907
IU_44,44,conflicting,conflicting,qualify_or_abstain,False,True,0.3226,0.3226,0.1765,0.3226,0.3226,0.1765,0.0
IU_44,44,evidentiary_incomplete,sufficient,generate,False,True,0.3636,0.3636,0.2105,0.3636,0.3636,0.2105,0.0
IU_44,44,insufficient,insufficient,abstain,True,False,0.2759,0.2667,0.1818,0.0,0.0,0.0,-0.1818
IU_44,44,irrelevant,irrelevant,discount_context,False,True,0.3429,0.3429,0.25,0.2759,0.2667,0.1818,-0.0682
IU_44,44,sufficient,sufficient,generate,False,True,0.2759,0.2759,0.1111,0.2759,0.2759,0.1111,0.0
IU_44,44,syntactic_incomplete,incomplete,qualify,False,True,0.3448,0.3448,0.2941,0.2759,0.2759,0.1818,-0.1123
IU_451,451,conflicting,conflicting,qualify_or_abstain,False,True,0.1429,0.137,0.0909,0.1429,0.137,0.0909,0.0
IU_451,451,evidentiary_incomplete,sufficient,generate,False,True,0.2899,0.2778,0.1839,0.2899,0.2778,0.1839,0.0
IU_451,451,insufficient,insufficient,abstain,True,False,0.1515,0.1429,0.0952,0.0,0.0,0.0,-0.0952
IU_451,451,irrelevant,irrelevant,discount_context,False,True,0.2162,0.1818,0.044,0.1515,0.1429,0.0952,0.0513
IU_451,451,sufficient,sufficient,generate,False,True,0.2899,0.2778,0.1839,0.2899,0.2778,0.1839,0.0
IU_451,451,syntactic_incomplete,incomplete,qualify,False,True,0.1538,0.1471,0.0964,0.1515,0.1449,0.0952,-0.0011
IU_458,458,conflicting,conflicting,qualify_or_abstain,False,True,0.4103,0.3077,0.1739,0.4103,0.3077,0.1739,0.0
IU_458,458,evidentiary_incomplete,sufficient,generate,False,True,0.2759,0.2759,0.1765,0.2759,0.2759,0.1765,0.0
IU_458,458,insufficient,insufficient,abstain,True,False,0.3871,0.3226,0.2286,0.0,0.0,0.0,-0.2286
IU_458,458,irrelevant,irrelevant,discount_context,False,True,0.3529,0.3529,0.2927,0.3871,0.3226,0.2286,-0.0641
IU_458,458,sufficient,sufficient,generate,False,True,0.4848,0.4242,0.4211,0.4848,0.4242,0.4211,0.0
IU_458,458,syntactic_incomplete,incomplete,qualify,False,True,0.3125,0.25,0.2105,0.3871,0.3226,0.2286,0.018
IU_460,460,conflicting,conflicting,qualify_or_abstain,False,True,0.3125,0.2857,0.2222,0.3125,0.2857,0.2222,0.0
IU_460,460,evidentiary_incomplete,sufficient,generate,False,True,0.2667,0.2424,0.1212,0.2667,0.2424,0.1212,0.0
IU_460,460,insufficient,insufficient,abstain,True,False,0.2667,0.2424,0.1212,0.0,0.0,0.0,-0.1212
IU_460,460,irrelevant,irrelevant,discount_context,False,True,0.3226,0.2941,0.1053,0.2667,0.2424,0.1212,0.0159
IU_460,460,sufficient,sufficient,generate,False,True,0.2424,0.2222,0.2051,0.2424,0.2222,0.2051,0.0
IU_460,460,syntactic_incomplete,incomplete,qualify,False,True,0.2667,0.2424,0.1212,0.2667,0.2424,0.1212,0.0
IU_461,461,conflicting,conflicting,qualify_or_abstain,False,True,0.5806,0.5806,0.5625,0.5806,0.5806,0.5625,0.0
IU_461,461,evidentiary_incomplete,sufficient,generate,False,True,0.5455,0.5455,0.4444,0.5455,0.5455,0.4444,0.0
IU_461,461,insufficient,insufficient,abstain,True,False,0.5517,0.4667,0.4516,0.0,0.0,0.0,-0.4516
IU_461,461,irrelevant,irrelevant,discount_context,False,True,0.6667,0.6,0.5161,0.5517,0.4667,0.4516,-0.0645
IU_461,461,sufficient,sufficient,generate,False,True,0.625,0.5625,0.3529,0.625,0.5625,0.3529,0.0
IU_461,461,syntactic_incomplete,incomplete,qualify,False,True,0.5333,0.5333,0.4516,0.5517,0.4828,0.4516,0.0
IU_463,463,conflicting,conflicting,qualify_or_abstain,False,True,0.2439,0.2381,0.1739,0.2439,0.2381,0.1739,0.0
IU_463,463,evidentiary_incomplete,sufficient,generate,False,True,0.2326,0.2273,0.1304,0.2326,0.2273,0.1304,0.0
IU_463,463,insufficient,insufficient,abstain,True,False,0.2326,0.2273,0.1304,0.0,0.0,0.0,-0.1304
IU_463,463,irrelevant,irrelevant,discount_context,False,True,0.2609,0.2553,0.1569,0.2326,0.2273,0.1304,-0.0264
IU_463,463,sufficient,sufficient,generate,False,True,0.1778,0.1739,0.1224,0.1778,0.1739,0.1224,0.0
IU_463,463,syntactic_incomplete,incomplete,qualify,False,True,0.2745,0.2692,0.2105,0.2326,0.2273,0.1304,-0.0801
IU_475,475,conflicting,conflicting,qualify_or_abstain,False,True,0.3529,0.2941,0.1579,0.3529,0.3529,0.1579,0.0
IU_475,475,evidentiary_incomplete,sufficient,generate,False,True,0.2759,0.2759,0.1212,0.2759,0.2759,0.1212,0.0
IU_475,475,insufficient,insufficient,abstain,True,False,0.3333,0.3226,0.1176,0.0,0.0,0.0,-0.1176
IU_475,475,irrelevant,irrelevant,discount_context,False,True,0.3529,0.2941,0.1579,0.3333,0.3226,0.1176,-0.0402
IU_475,475,sufficient,sufficient,generate,False,True,0.375,0.375,0.1622,0.375,0.375,0.1622,0.0
IU_475,475,syntactic_incomplete,incomplete,qualify,False,True,0.3529,0.2941,0.1579,0.3333,0.3333,0.1176,-0.0402
IU_486,486,conflicting,conflicting,qualify_or_abstain,False,True,0.1429,0.1364,0.08,0.1429,0.1364,0.08,0.0
IU_486,486,evidentiary_incomplete,sufficient,generate,False,True,0.1739,0.1667,0.0741,0.1739,0.1667,0.0741,0.0
IU_486,486,insufficient,insufficient,abstain,True,False,0.186,0.1778,0.0816,0.0,0.0,0.0,-0.0816
IU_486,486,irrelevant,irrelevant,discount_context,False,True,0.1702,0.1633,0.0755,0.186,0.1778,0.0816,0.0062
IU_486,486,sufficient,sufficient,generate,False,True,0.0952,0.0909,0.0784,0.0952,0.0909,0.0784,0.0
IU_486,486,syntactic_incomplete,incomplete,qualify,False,True,0.1333,0.1277,0.0377,0.186,0.1778,0.0816,0.0439
IU_49,49,conflicting,conflicting,qualify_or_abstain,False,True,0.2041,0.1961,0.1071,0.2041,0.1961,0.1071,0.0
IU_49,49,evidentiary_incomplete,sufficient,generate,False,True,0.2353,0.2264,0.1333,0.2353,0.2264,0.1333,0.0
IU_49,49,insufficient,insufficient,abstain,True,False,0.25,0.24,0.1455,0.0,0.0,0.0,-0.1455
IU_49,49,irrelevant,irrelevant,discount_context,False,True,0.3571,0.3103,0.1818,0.25,0.24,0.1455,-0.0364
IU_49,49,sufficient,sufficient,generate,False,True,0.2353,0.2264,0.1333,0.2353,0.2264,0.1333,0.0
IU_49,49,syntactic_incomplete,incomplete,qualify,False,True,0.2553,0.2449,0.25,0.25,0.24,0.1455,-0.1045
IU_493,493,conflicting,conflicting,qualify_or_abstain,False,True,0.375,0.375,0.3333,0.375,0.375,0.3333,0.0
IU_493,493,evidentiary_incomplete,sufficient,generate,False,True,0.5,0.5,0.3684,0.5,0.5,0.3684,0.0
IU_493,493,insufficient,insufficient,abstain,True,False,0.4118,0.4118,0.2286,0.0,0.0,0.0,-0.2286
IU_493,493,irrelevant,irrelevant,discount_context,False,True,0.2424,0.2353,0.1622,0.4118,0.4118,0.2286,0.0664
IU_493,493,sufficient,sufficient,generate,False,True,0.5641,0.5641,0.4186,0.5641,0.5641,0.4186,0.0
IU_493,493,syntactic_incomplete,incomplete,qualify,False,True,0.5,0.5,0.4091,0.4118,0.4118,0.2286,-0.1805
IU_494,494,conflicting,conflicting,qualify_or_abstain,False,True,0.3902,0.381,0.2174,0.3902,0.381,0.2609,0.0435
IU_494,494,evidentiary_incomplete,sufficient,generate,False,True,0.2791,0.2727,0.12,0.2791,0.2727,0.12,0.0
IU_494,494,insufficient,insufficient,abstain,True,False,0.3,0.2439,0.1333,0.0,0.0,0.0,-0.1333
IU_494,494,irrelevant,irrelevant,discount_context,False,True,0.4286,0.3721,0.2917,0.3,0.2439,0.1333,-0.1583
IU_494,494,sufficient,sufficient,generate,False,True,0.3,0.2927,0.1224,0.3,0.2927,0.1224,0.0
IU_494,494,syntactic_incomplete,incomplete,qualify,False,True,0.3636,0.3556,0.2,0.3,0.2439,0.1333,-0.0667
IU_498,498,conflicting,conflicting,qualify_or_abstain,False,True,0.2222,0.2222,0.125,0.2222,0.2222,0.125,0.0
IU_498,498,evidentiary_incomplete,sufficient,generate,False,True,0.1364,0.1364,0.12,0.1364,0.1364,0.12,0.0
IU_498,498,insufficient,insufficient,abstain,True,False,0.1818,0.1818,0.1277,0.0,0.0,0.0,-0.1277
IU_498,498,irrelevant,irrelevant,discount_context,False,True,0.1364,0.1364,0.12,0.1818,0.1818,0.1277,0.0077
IU_498,498,sufficient,sufficient,generate,False,True,0.1395,0.1395,0.1224,0.1395,0.1395,0.1224,0.0
IU_498,498,syntactic_incomplete,incomplete,qualify,False,True,0.1395,0.1395,0.08,0.1818,0.1818,0.1277,0.0477
IU_502,502,conflicting,conflicting,qualify_or_abstain,False,True,0.2295,0.1935,0.1493,0.2295,0.1935,0.1493,0.0
IU_502,502,evidentiary_incomplete,sufficient,generate,False,True,0.2222,0.1875,0.1408,0.2222,0.1875,0.1408,0.0
IU_502,502,insufficient,insufficient,abstain,True,False,0.2667,0.2295,0.1515,0.0,0.0,0.0,-0.1515
IU_502,502,irrelevant,irrelevant,discount_context,False,True,0.2941,0.2609,0.1818,0.2667,0.2295,0.1515,-0.0303
IU_502,502,sufficient,sufficient,generate,False,True,0.1967,0.1935,0.1739,0.1967,0.1935,0.1739,0.0
IU_502,502,syntactic_incomplete,incomplete,qualify,False,True,0.1034,0.1,0.0896,0.2667,0.2295,0.1515,0.062
IU_519,519,conflicting,conflicting,qualify_or_abstain,False,True,0.5405,0.4865,0.35,0.5405,0.5405,0.4,0.05
IU_519,519,evidentiary_incomplete,sufficient,generate,False,True,0.4848,0.4242,0.2353,0.4848,0.4242,0.2353,0.0
IU_519,519,insufficient,insufficient,abstain,True,False,0.2941,0.2941,0.1579,0.0,0.0,0.0,-0.1579
IU_519,519,irrelevant,irrelevant,discount_context,False,True,0.2759,0.2759,0.2424,0.2941,0.2941,0.1579,-0.0845
IU_519,519,sufficient,sufficient,generate,False,True,0.375,0.3125,0.1714,0.375,0.3125,0.1714,0.0
IU_519,519,syntactic_incomplete,incomplete,qualify,False,True,0.375,0.3125,0.1714,0.2941,0.2941,0.1579,-0.0135
IU_527,527,conflicting,conflicting,qualify_or_abstain,False,True,0.2581,0.2581,0.1765,0.2581,0.2581,0.1765,0.0
IU_527,527,evidentiary_incomplete,sufficient,generate,False,True,0.3636,0.3636,0.3529,0.3636,0.3636,0.3529,0.0
IU_527,527,insufficient,insufficient,abstain,True,False,0.3684,0.3684,0.2857,0.0,0.0,0.0,-0.2857
IU_527,527,irrelevant,irrelevant,discount_context,False,True,0.3529,0.3529,0.2703,0.3684,0.3684,0.2857,0.0154
IU_527,527,sufficient,sufficient,generate,False,True,0.1875,0.1818,0.1667,0.1875,0.1818,0.1667,0.0
IU_527,527,syntactic_incomplete,incomplete,qualify,False,True,0.3636,0.3636,0.3529,0.3684,0.3684,0.2857,-0.0672
IU_53,53,conflicting,conflicting,qualify_or_abstain,False,True,0.2222,0.2222,0.1579,0.2222,0.2222,0.1579,0.0
IU_53,53,evidentiary_incomplete,sufficient,generate,False,True,0.4545,0.4545,0.2917,0.4545,0.4545,0.2917,0.0
IU_53,53,insufficient,insufficient,abstain,True,False,0.4737,0.4615,0.2927,0.0,0.0,0.0,-0.2927
IU_53,53,irrelevant,irrelevant,discount_context,False,True,0.5714,0.5714,0.3721,0.4737,0.4615,0.2927,-0.0794
IU_53,53,sufficient,sufficient,generate,False,True,0.6047,0.5581,0.4783,0.6047,0.5581,0.4783,0.0
IU_53,53,syntactic_incomplete,incomplete,qualify,False,True,0.619,0.5714,0.4889,0.4737,0.4615,0.2927,-0.1962
IU_551,551,conflicting,conflicting,qualify_or_abstain,False,True,0.4,0.4,0.3077,0.4,0.4,0.3077,0.0
IU_551,551,evidentiary_incomplete,sufficient,generate,False,True,0.4444,0.4444,0.3256,0.4444,0.4444,0.3256,0.0
IU_551,551,insufficient,insufficient,abstain,True,False,0.3721,0.3721,0.1538,0.0,0.0,0.0,-0.1538
IU_551,551,irrelevant,irrelevant,discount_context,False,True,0.4211,0.4211,0.2727,0.3721,0.3721,0.1538,-0.1189
IU_551,551,sufficient,sufficient,generate,False,True,0.4651,0.4651,0.2308,0.4651,0.4651,0.2308,0.0
IU_551,551,syntactic_incomplete,incomplete,qualify,False,True,0.3429,0.3429,0.2564,0.3721,0.3721,0.1538,-0.1026
IU_567,567,conflicting,conflicting,qualify_or_abstain,False,True,0.2927,0.2439,0.1905,0.2927,0.2439,0.1905,0.0
IU_567,567,evidentiary_incomplete,sufficient,generate,False,True,0.359,0.3077,0.25,0.359,0.3077,0.25,0.0
IU_567,567,insufficient,insufficient,abstain,True,False,0.4,0.35,0.2439,0.0,0.0,0.0,-0.2439
IU_567,567,irrelevant,irrelevant,discount_context,False,True,0.5238,0.4286,0.4091,0.4,0.35,0.2439,-0.1652
IU_567,567,sufficient,sufficient,generate,False,True,0.5,0.4167,0.3077,0.5,0.4167,0.3077,0.0
IU_567,567,syntactic_incomplete,incomplete,qualify,False,True,0.2105,0.2105,0.15,0.4,0.35,0.2439,0.0939
IU_577,577,conflicting,conflicting,qualify_or_abstain,False,True,0.5882,0.5882,0.5405,0.5882,0.5294,0.4865,-0.0541
IU_577,577,evidentiary_incomplete,sufficient,generate,False,True,0.2941,0.2941,0.2632,0.2941,0.2941,0.2632,0.0
IU_577,577,insufficient,insufficient,abstain,True,False,0.5455,0.4848,0.4444,0.0,0.0,0.0,-0.4444
IU_577,577,irrelevant,irrelevant,discount_context,False,True,0.5455,0.5455,0.4324,0.5455,0.4848,0.4444,0.012
IU_577,577,sufficient,sufficient,generate,False,True,0.5128,0.4615,0.4186,0.5128,0.4615,0.4186,0.0
IU_577,577,syntactic_incomplete,incomplete,qualify,False,True,0.5128,0.4615,0.4186,0.5455,0.4848,0.4444,0.0258
IU_581,581,conflicting,conflicting,qualify_or_abstain,False,True,0.4118,0.3529,0.2051,0.4118,0.3529,0.2051,0.0
IU_581,581,evidentiary_incomplete,sufficient,generate,False,True,0.4375,0.375,0.2353,0.4375,0.375,0.2353,0.0
IU_581,581,insufficient,insufficient,abstain,True,False,0.4615,0.4615,0.2857,0.0,0.0,0.0,-0.2857
IU_581,581,irrelevant,irrelevant,discount_context,False,True,0.4118,0.3529,0.2051,0.4615,0.4615,0.2857,0.0806
IU_581,581,sufficient,sufficient,generate,False,True,0.4615,0.4615,0.2857,0.4615,0.4615,0.2857,0.0
IU_581,581,syntactic_incomplete,incomplete,qualify,False,True,0.4615,0.4615,0.2857,0.4615,0.4615,0.2857,0.0
IU_585,585,conflicting,conflicting,qualify_or_abstain,False,True,0.3404,0.3333,0.3077,0.3404,0.3333,0.3077,0.0
IU_585,585,evidentiary_incomplete,sufficient,generate,False,True,0.2609,0.2553,0.1818,0.2609,0.2553,0.1818,0.0
IU_585,585,insufficient,insufficient,abstain,True,False,0.3913,0.3404,0.2745,0.0,0.0,0.0,-0.2745
IU_585,585,irrelevant,irrelevant,discount_context,False,True,0.2128,0.1667,0.0741,0.3913,0.3404,0.2745,0.2004
IU_585,585,sufficient,sufficient,generate,False,True,0.2609,0.2553,0.1818,0.2609,0.2553,0.1818,0.0
IU_585,585,syntactic_incomplete,incomplete,qualify,False,True,0.2609,0.2553,0.1818,0.3913,0.3404,0.2745,0.0927
IU_586,586,conflicting,conflicting,qualify_or_abstain,False,True,0.1818,0.1818,0.1154,0.1818,0.1818,0.1154,0.0
IU_586,586,evidentiary_incomplete,sufficient,generate,False,True,0.2128,0.1702,0.1071,0.2128,0.1702,0.1071,0.0
IU_586,586,insufficient,insufficient,abstain,True,False,0.3265,0.2857,0.2069,0.0,0.0,0.0,-0.2069
IU_586,586,irrelevant,irrelevant,discount_context,False,True,0.1778,0.1778,0.1176,0.3265,0.2857,0.2069,0.0892
IU_586,586,sufficient,sufficient,generate,False,True,0.2353,0.2353,0.1695,0.2353,0.2353,0.1695,0.0
IU_586,586,syntactic_incomplete,incomplete,qualify,False,True,0.2553,0.2553,0.1818,0.3265,0.3265,0.2414,0.0596
IU_590,590,conflicting,conflicting,qualify_or_abstain,False,True,0.3429,0.3333,0.3,0.3429,0.3333,0.3,0.0
IU_590,590,evidentiary_incomplete,sufficient,generate,False,True,0.3529,0.3429,0.3077,0.3529,0.3429,0.3077,0.0
IU_590,590,insufficient,insufficient,abstain,True,False,0.3529,0.3429,0.3077,0.0,0.0,0.0,-0.3077
IU_590,590,irrelevant,irrelevant,discount_context,False,True,0.2857,0.2778,0.1905,0.3529,0.3429,0.3077,0.1172
IU_590,590,sufficient,sufficient,generate,False,True,0.3636,0.3529,0.3158,0.3636,0.3529,0.3158,0.0
IU_590,590,syntactic_incomplete,incomplete,qualify,False,True,0.3529,0.3429,0.3077,0.3529,0.3429,0.3077,0.0
IU_594,594,conflicting,conflicting,qualify_or_abstain,False,True,0.0976,0.0952,0.0851,0.0976,0.0952,0.0851,0.0
IU_594,594,evidentiary_incomplete,sufficient,generate,False,True,0.0541,0.0526,0.0488,0.0541,0.0526,0.0488,0.0
IU_594,594,insufficient,insufficient,abstain,True,False,0.0513,0.05,0.0465,0.0,0.0,0.0,-0.0465
IU_594,594,irrelevant,irrelevant,discount_context,False,True,0.05,0.0488,0.0426,0.0513,0.05,0.0465,0.004
IU_594,594,sufficient,sufficient,generate,False,True,0.05,0.0488,0.0435,0.05,0.0488,0.0435,0.0
IU_594,594,syntactic_incomplete,incomplete,qualify,False,True,0.0833,0.0816,0.0727,0.0513,0.05,0.0465,-0.0262
IU_595,595,conflicting,conflicting,qualify_or_abstain,False,True,0.3226,0.3226,0.1765,0.3226,0.3226,0.1765,0.0
IU_595,595,evidentiary_incomplete,sufficient,generate,False,True,0.2069,0.2,0.1714,0.2069,0.2,0.1714,0.0
IU_595,595,insufficient,insufficient,abstain,True,False,0.4,0.4,0.2424,0.0,0.0,0.0,-0.2424
IU_595,595,irrelevant,irrelevant,discount_context,False,True,0.3333,0.2581,0.1622,0.4,0.4,0.2424,0.0803
IU_595,595,sufficient,sufficient,generate,False,True,0.2069,0.2,0.1714,0.2069,0.2,0.1714,0.0
IU_595,595,syntactic_incomplete,incomplete,qualify,False,True,0.4,0.4,0.2353,0.4,0.4,0.2424,0.0071
IU_600,600,conflicting,conflicting,qualify_or_abstain,False,True,0.4211,0.4211,0.4211,0.4211,0.4211,0.4211,0.0
IU_600,600,evidentiary_incomplete,sufficient,generate,False,True,0.2703,0.2703,0.25,0.2703,0.2703,0.25,0.0
IU_600,600,insufficient,insufficient,abstain,True,False,0.3889,0.3243,0.3243,0.0,0.0,0.0,-0.3243
IU_600,600,irrelevant,irrelevant,discount_context,False,True,0.2778,0.2222,0.1,0.3889,0.3243,0.3243,0.2243
IU_600,600,sufficient,sufficient,generate,False,True,0.2703,0.2703,0.25,0.2703,0.2703,0.25,0.0
IU_600,600,syntactic_incomplete,incomplete,qualify,False,True,0.2857,0.2778,0.2632,0.3889,0.3333,0.3243,0.0612
IU_604,604,conflicting,conflicting,qualify_or_abstain,False,True,0.3889,0.3784,0.2105,0.3889,0.3784,0.2105,0.0
IU_604,604,evidentiary_incomplete,sufficient,generate,False,True,0.3889,0.3243,0.3,0.3889,0.3243,0.3,0.0
IU_604,604,insufficient,insufficient,abstain,True,False,0.2857,0.2778,0.2162,0.0,0.0,0.0,-0.2162
IU_604,604,irrelevant,irrelevant,discount_context,False,True,0.4103,0.4,0.3256,0.2857,0.2778,0.2162,-0.1094
IU_604,604,sufficient,sufficient,generate,False,True,0.303,0.2941,0.2222,0.303,0.2941,0.2222,0.0
IU_604,604,syntactic_incomplete,incomplete,qualify,False,True,0.4615,0.45,0.3478,0.2857,0.2778,0.2162,-0.1316
IU_628,628,conflicting,conflicting,qualify_or_abstain,False,True,0.1639,0.1613,0.1159,0.1639,0.1613,0.1159,0.0
IU_628,628,evidentiary_incomplete,sufficient,generate,False,True,0.2985,0.2388,0.1818,0.2985,0.2388,0.1818,0.0
IU_628,628,insufficient,insufficient,abstain,True,False,0.2623,0.2295,0.1493,0.0,0.0,0.0,-0.1493
IU_628,628,irrelevant,irrelevant,discount_context,False,True,0.2951,0.2295,0.1791,0.2623,0.2295,0.1493,-0.0299
IU_628,628,sufficient,sufficient,generate,False,True,0.2941,0.2353,0.1842,0.2941,0.2353,0.1842,0.0
IU_628,628,syntactic_incomplete,incomplete,qualify,False,True,0.3284,0.2985,0.2051,0.2623,0.2295,0.1493,-0.0559
IU_633,633,conflicting,conflicting,qualify_or_abstain,False,True,0.4571,0.4,0.3333,0.4571,0.4,0.3333,0.0
IU_633,633,evidentiary_incomplete,sufficient,generate,False,True,0.2941,0.2941,0.2857,0.2941,0.2941,0.2857,0.0
IU_633,633,insufficient,insufficient,abstain,True,False,0.4118,0.4118,0.2857,0.0,0.0,0.0,-0.2857
IU_633,633,irrelevant,irrelevant,discount_context,False,True,0.2353,0.2353,0.1579,0.4118,0.4118,0.2857,0.1278
IU_633,633,sufficient,sufficient,generate,False,True,0.2941,0.2941,0.2857,0.2941,0.2941,0.2857,0.0
IU_633,633,syntactic_incomplete,incomplete,qualify,False,True,0.303,0.2941,0.2703,0.4118,0.4118,0.2857,0.0154
IU_645,645,conflicting,conflicting,qualify_or_abstain,False,True,0.303,0.303,0.1714,0.303,0.303,0.1714,0.0
IU_645,645,evidentiary_incomplete,sufficient,generate,False,True,0.2857,0.2857,0.1579,0.2857,0.2857,0.1579,0.0
IU_645,645,insufficient,insufficient,abstain,True,False,0.375,0.375,0.2353,0.0,0.0,0.0,-0.2353
IU_645,645,irrelevant,irrelevant,discount_context,False,True,0.25,0.25,0.1765,0.375,0.375,0.2353,0.0588
IU_645,645,sufficient,sufficient,generate,False,True,0.5882,0.5882,0.4865,0.5882,0.5882,0.4865,0.0
IU_645,645,syntactic_incomplete,incomplete,qualify,False,True,0.4848,0.4848,0.4324,0.375,0.375,0.2353,-0.1971
IU_653,653,conflicting,conflicting,qualify_or_abstain,False,True,0.2143,0.2143,0.1379,0.2143,0.2143,0.1379,0.0
IU_653,653,evidentiary_incomplete,sufficient,generate,False,True,0.3077,0.2308,0.1333,0.3077,0.2308,0.1333,0.0
IU_653,653,insufficient,insufficient,abstain,True,False,0.2222,0.2222,0.1429,0.0,0.0,0.0,-0.1429
IU_653,653,irrelevant,irrelevant,discount_context,False,True,0.1538,0.1481,0.1333,0.2222,0.2222,0.1429,0.0095
IU_653,653,sufficient,sufficient,generate,False,True,0.2759,0.2759,0.2581,0.2759,0.2759,0.2581,0.0
IU_653,653,syntactic_incomplete,incomplete,qualify,False,True,0.2353,0.2353,0.2105,0.2222,0.2222,0.1429,-0.0677
IU_655,655,conflicting,conflicting,qualify_or_abstain,False,True,0.3333,0.3333,0.3125,0.3333,0.3333,0.3125,0.0
IU_655,655,evidentiary_incomplete,sufficient,generate,False,True,0.5517,0.5517,0.5161,0.5517,0.5517,0.5161,0.0
IU_655,655,insufficient,insufficient,abstain,True,False,0.3571,0.3448,0.3226,0.0,0.0,0.0,-0.3226
IU_655,655,irrelevant,irrelevant,discount_context,False,True,0.3125,0.3125,0.2857,0.3571,0.3448,0.3226,0.0369
IU_655,655,sufficient,sufficient,generate,False,True,0.5517,0.5517,0.5161,0.5517,0.5517,0.5161,0.0
IU_655,655,syntactic_incomplete,incomplete,qualify,False,True,0.5517,0.5517,0.5161,0.3571,0.3571,0.3226,-0.1935
IU_66,66,conflicting,conflicting,qualify_or_abstain,False,True,0.186,0.186,0.1277,0.186,0.186,0.1277,0.0
IU_66,66,evidentiary_incomplete,sufficient,generate,False,True,0.2,0.2,0.1333,0.2,0.2,0.1333,0.0
IU_66,66,insufficient,insufficient,abstain,True,False,0.2051,0.2051,0.1395,0.0,0.0,0.0,-0.1395
IU_66,66,irrelevant,irrelevant,discount_context,False,True,0.186,0.186,0.1277,0.2051,0.2051,0.1395,0.0119
IU_66,66,sufficient,sufficient,generate,False,True,0.1905,0.1905,0.1277,0.1905,0.1905,0.1277,0.0
IU_66,66,syntactic_incomplete,incomplete,qualify,False,True,0.186,0.186,0.1277,0.2051,0.2051,0.1395,0.0119
IU_67,67,conflicting,conflicting,qualify_or_abstain,False,True,0.2222,0.1111,0.0,0.2222,0.1111,0.0,0.0
IU_67,67,evidentiary_incomplete,sufficient,generate,False,True,0.1333,0.0645,0.0,0.1333,0.0645,0.0,0.0
IU_67,67,insufficient,insufficient,abstain,True,False,0.1935,0.129,0.0,0.0,0.0,0.0,0.0
IU_67,67,irrelevant,irrelevant,discount_context,False,True,0.3182,0.1364,0.0816,0.1935,0.129,0.0,-0.0816
IU_67,67,sufficient,sufficient,generate,False,True,0.3529,0.2353,0.0541,0.3529,0.2353,0.0541,0.0
IU_67,67,syntactic_incomplete,incomplete,qualify,False,True,0.2,0.1333,0.0,0.1935,0.129,0.0,0.0
IU_688,688,conflicting,conflicting,qualify_or_abstain,False,True,0.1538,0.1481,0.1071,0.1538,0.1481,0.1071,0.0
IU_688,688,evidentiary_incomplete,sufficient,generate,False,True,0.1111,0.1071,0.0667,0.1111,0.1071,0.0667,0.0
IU_688,688,insufficient,insufficient,abstain,True,False,0.1176,0.1132,0.0727,0.0,0.0,0.0,-0.0727
IU_688,688,irrelevant,irrelevant,discount_context,False,True,0.0755,0.0727,0.0702,0.1176,0.1132,0.0727,0.0026
IU_688,688,sufficient,sufficient,generate,False,True,0.08,0.0755,0.0702,0.08,0.0755,0.0702,0.0
IU_688,688,syntactic_incomplete,incomplete,qualify,False,True,0.1176,0.1132,0.0714,0.1176,0.1132,0.0727,0.0013
IU_702,702,conflicting,conflicting,qualify_or_abstain,False,True,0.2791,0.2791,0.2353,0.2791,0.2791,0.2353,0.0
IU_702,702,evidentiary_incomplete,sufficient,generate,False,True,0.1961,0.1961,0.1333,0.1961,0.1961,0.1333,0.0
IU_702,702,insufficient,insufficient,abstain,True,False,0.2449,0.2041,0.1379,0.0,0.0,0.0,-0.1379
IU_702,702,irrelevant,irrelevant,discount_context,False,True,0.2909,0.2182,0.1562,0.2449,0.2041,0.1379,-0.0183
IU_702,702,sufficient,sufficient,generate,False,True,0.2745,0.2353,0.1034,0.2745,0.2353,0.1034,0.0
IU_702,702,syntactic_incomplete,incomplete,qualify,False,True,0.1702,0.1702,0.0714,0.2449,0.2041,0.1379,0.0665
IU_729,729,conflicting,conflicting,qualify_or_abstain,False,True,0.2727,0.2667,0.2041,0.2727,0.2667,0.2041,0.0
IU_729,729,evidentiary_incomplete,sufficient,generate,False,True,0.2553,0.25,0.1481,0.2553,0.25,0.1481,0.0
IU_729,729,insufficient,insufficient,abstain,True,False,0.3182,0.2667,0.1633,0.0,0.0,0.0,-0.1633
IU_729,729,irrelevant,irrelevant,discount_context,False,True,0.3673,0.32,0.2456,0.3182,0.2667,0.1633,-0.0823
IU_729,729,sufficient,sufficient,generate,False,True,0.0976,0.0952,0.04,0.0976,0.0952,0.04,0.0
IU_729,729,syntactic_incomplete,incomplete,qualify,False,True,0.2667,0.2609,0.16,0.3182,0.2667,0.1633,0.0033
IU_753,753,conflicting,conflicting,qualify_or_abstain,False,True,0.2857,0.2857,0.1579,0.2857,0.2857,0.1579,0.0
IU_753,753,evidentiary_incomplete,sufficient,generate,False,True,0.2941,0.2353,0.1463,0.2941,0.2353,0.1463,0.0
IU_753,753,insufficient,insufficient,abstain,True,False,0.3529,0.3529,0.2162,0.0,0.0,0.0,-0.2162
IU_753,753,irrelevant,irrelevant,discount_context,False,True,0.2941,0.2353,0.1429,0.3529,0.3529,0.2162,0.0734
IU_753,753,sufficient,sufficient,generate,False,True,0.2941,0.2353,0.1463,0.2941,0.2353,0.1463,0.0
IU_753,753,syntactic_incomplete,incomplete,qualify,False,True,0.2941,0.2353,0.1463,0.3529,0.3529,0.2162,0.0699
IU_772,772,conflicting,conflicting,qualify_or_abstain,False,True,0.2553,0.25,0.1923,0.25,0.2449,0.1887,-0.0036
IU_772,772,evidentiary_incomplete,sufficient,generate,False,True,0.2609,0.2128,0.1633,0.2609,0.2128,0.1633,0.0
IU_772,772,insufficient,insufficient,abstain,True,False,0.3774,0.3704,0.1786,0.0,0.0,0.0,-0.1786
IU_772,772,irrelevant,irrelevant,discount_context,False,True,0.3774,0.3333,0.2143,0.3774,0.3704,0.1786,-0.0357
IU_772,772,sufficient,sufficient,generate,False,True,0.2609,0.2128,0.1633,0.2609,0.2128,0.1633,0.0
IU_772,772,syntactic_incomplete,incomplete,qualify,False,True,0.2609,0.2128,0.1633,0.3774,0.3704,0.1786,0.0153
IU_782,782,conflicting,conflicting,qualify_or_abstain,False,True,0.3684,0.3158,0.186,0.3684,0.3158,0.186,0.0
IU_782,782,evidentiary_incomplete,sufficient,generate,False,True,0.3125,0.3125,0.1714,0.3125,0.3125,0.1714,0.0
IU_782,782,insufficient,insufficient,abstain,True,False,0.4,0.4,0.25,0.0,0.0,0.0,-0.25
IU_782,782,irrelevant,irrelevant,discount_context,False,True,0.2143,0.2143,0.1875,0.4,0.4,0.25,0.0625
IU_782,782,sufficient,sufficient,generate,False,True,0.2069,0.2069,0.1143,0.2069,0.2069,0.1143,0.0
IU_782,782,syntactic_incomplete,incomplete,qualify,False,True,0.4,0.4,0.25,0.4,0.4,0.25,0.0
IU_783,783,conflicting,conflicting,qualify_or_abstain,False,True,0.25,0.2,0.087,0.25,0.2,0.087,0.0
IU_783,783,evidentiary_incomplete,sufficient,generate,False,True,0.2941,0.2941,0.2105,0.2941,0.2941,0.2105,0.0
IU_783,783,insufficient,insufficient,abstain,True,False,0.25,0.25,0.1143,0.0,0.0,0.0,-0.1143
IU_783,783,irrelevant,irrelevant,discount_context,False,True,0.2286,0.2286,0.1026,0.25,0.25,0.1143,0.0117
IU_783,783,sufficient,sufficient,generate,False,True,0.3125,0.3125,0.1579,0.3125,0.3125,0.1579,0.0
IU_783,783,syntactic_incomplete,incomplete,qualify,False,True,0.2857,0.2857,0.1951,0.25,0.25,0.1143,-0.0808
IU_784,784,conflicting,conflicting,qualify_or_abstain,False,True,0.1176,0.1143,0.1538,0.1176,0.1143,0.1538,0.0
IU_784,784,evidentiary_incomplete,sufficient,generate,False,True,0.0,0.0,0.0,0.0,0.0,0.0,0.0
IU_784,784,insufficient,insufficient,abstain,True,False,0.0,0.0,0.0,0.0,0.0,0.0,0.0
IU_784,784,irrelevant,irrelevant,discount_context,False,True,0.1026,0.1,0.1395,0.0,0.0,0.0,-0.1395
IU_784,784,sufficient,sufficient,generate,False,True,0.0,0.0,0.0,0.0,0.0,0.0,0.0
IU_784,784,syntactic_incomplete,incomplete,qualify,False,True,0.1081,0.1053,0.1429,0.0,0.0,0.0,-0.1429
IU_793,793,conflicting,conflicting,qualify_or_abstain,False,True,0.4545,0.4545,0.36,0.4545,0.4091,0.36,0.0
IU_793,793,evidentiary_incomplete,sufficient,generate,False,True,0.5532,0.5532,0.4528,0.5532,0.5532,0.4528,0.0
IU_793,793,insufficient,insufficient,abstain,True,False,0.4186,0.3721,0.3265,0.0,0.0,0.0,-0.3265
IU_793,793,irrelevant,irrelevant,discount_context,False,True,0.2667,0.2667,0.1852,0.4186,0.3721,0.3265,0.1413
IU_793,793,sufficient,sufficient,generate,False,True,0.4444,0.4,0.2692,0.4444,0.4,0.2692,0.0
IU_793,793,syntactic_incomplete,incomplete,qualify,False,True,0.549,0.4706,0.4,0.4186,0.3721,0.3265,-0.0735
IU_806,806,conflicting,conflicting,qualify_or_abstain,False,True,0.3243,0.3158,0.2105,0.3333,0.3243,0.2162,0.0057
IU_806,806,evidentiary_incomplete,sufficient,generate,False,True,0.3333,0.3256,0.186,0.3333,0.3256,0.186,0.0
IU_806,806,insufficient,insufficient,abstain,True,False,0.35,0.3415,0.1951,0.0,0.0,0.0,-0.1951
IU_806,806,irrelevant,irrelevant,discount_context,False,True,0.3256,0.3182,0.1739,0.35,0.3415,0.1951,0.0212
IU_806,806,sufficient,sufficient,generate,False,True,0.2439,0.2381,0.1818,0.2439,0.2381,0.1818,0.0
IU_806,806,syntactic_incomplete,incomplete,qualify,False,True,0.3333,0.3256,0.186,0.35,0.3415,0.1951,0.0091
IU_814,814,conflicting,conflicting,qualify_or_abstain,False,True,0.1395,0.1364,0.1277,0.1395,0.1364,0.1277,0.0
IU_814,814,evidentiary_incomplete,sufficient,generate,False,True,0.1818,0.1778,0.16,0.1818,0.1778,0.16,0.0
IU_814,814,insufficient,insufficient,abstain,True,False,0.186,0.1818,0.1277,0.0,0.0,0.0,-0.1277
IU_814,814,irrelevant,irrelevant,discount_context,False,True,0.1702,0.1667,0.1176,0.186,0.1818,0.1277,0.01
IU_814,814,sufficient,sufficient,generate,False,True,0.2353,0.1923,0.1379,0.2353,0.1923,0.1379,0.0
IU_814,814,syntactic_incomplete,incomplete,qualify,False,True,0.186,0.1818,0.1277,0.186,0.1818,0.1277,0.0
IU_827,827,conflicting,conflicting,qualify_or_abstain,False,True,0.2857,0.2857,0.1333,0.2857,0.2857,0.1333,0.0
IU_827,827,evidentiary_incomplete,sufficient,generate,False,True,0.2667,0.2667,0.125,0.2667,0.2667,0.125,0.0
IU_827,827,insufficient,insufficient,abstain,True,False,0.2963,0.2963,0.1481,0.0,0.0,0.0,-0.1481
IU_827,827,irrelevant,irrelevant,discount_context,False,True,0.3077,0.3077,0.1333,0.2963,0.2963,0.1481,0.0148
IU_827,827,sufficient,sufficient,generate,False,True,0.3636,0.3636,0.2632,0.3636,0.3636,0.2632,0.0
IU_827,827,syntactic_incomplete,incomplete,qualify,False,True,0.4138,0.4138,0.3333,0.2963,0.2963,0.1481,-0.1852
IU_854,854,conflicting,conflicting,qualify_or_abstain,False,True,0.1923,0.1481,0.0938,0.1923,0.1481,0.0938,0.0
IU_854,854,evidentiary_incomplete,sufficient,generate,False,True,0.3077,0.2593,0.1875,0.3077,0.2593,0.1875,0.0
IU_854,854,insufficient,insufficient,abstain,True,False,0.2353,0.2264,0.1311,0.0,0.0,0.0,-0.1311
IU_854,854,irrelevant,irrelevant,discount_context,False,True,0.3019,0.2545,0.1875,0.2353,0.2264,0.1311,-0.0564
IU_854,854,sufficient,sufficient,generate,False,True,0.1923,0.1481,0.0938,0.1923,0.1481,0.0938,0.0
IU_854,854,syntactic_incomplete,incomplete,qualify,False,True,0.1923,0.1481,0.0938,0.2353,0.2264,0.1311,0.0374
IU_871,871,conflicting,conflicting,qualify_or_abstain,False,True,0.125,0.125,0.1091,0.125,0.125,0.1091,0.0
IU_871,871,evidentiary_incomplete,sufficient,generate,False,True,0.08,0.08,0.0351,0.08,0.08,0.0351,0.0
IU_871,871,insufficient,insufficient,abstain,True,False,0.16,0.16,0.0741,0.0,0.0,0.0,-0.0741
IU_871,871,irrelevant,irrelevant,discount_context,False,True,0.0833,0.0816,0.0364,0.16,0.16,0.0741,0.0377
IU_871,871,sufficient,sufficient,generate,False,True,0.0833,0.0816,0.0364,0.0833,0.0816,0.0364,0.0
IU_871,871,syntactic_incomplete,incomplete,qualify,False,True,0.0816,0.08,0.0357,0.16,0.16,0.0741,0.0384
IU_927,927,conflicting,conflicting,qualify_or_abstain,False,True,0.3333,0.3333,0.2632,0.3333,0.3333,0.2632,0.0
IU_927,927,evidentiary_incomplete,sufficient,generate,False,True,0.2857,0.2857,0.2162,0.2857,0.2857,0.2162,0.0
IU_927,927,insufficient,insufficient,abstain,True,False,0.4,0.3429,0.2162,0.0,0.0,0.0,-0.2162
IU_927,927,irrelevant,irrelevant,discount_context,False,True,0.4324,0.3784,0.3,0.4,0.3429,0.2162,-0.0838
IU_927,927,sufficient,sufficient,generate,False,True,0.3429,0.3429,0.2439,0.3429,0.3429,0.2439,0.0
IU_927,927,syntactic_incomplete,incomplete,qualify,False,True,0.3429,0.3429,0.2439,0.4,0.3429,0.2162,-0.0277
IU_936,936,conflicting,conflicting,qualify_or_abstain,False,True,0.3478,0.3478,0.16,0.3478,0.3478,0.16,0.0
IU_936,936,evidentiary_incomplete,sufficient,generate,False,True,0.32,0.32,0.1538,0.32,0.32,0.1538,0.0
IU_936,936,insufficient,insufficient,abstain,True,False,0.3636,0.3636,0.1818,0.0,0.0,0.0,-0.1818
IU_936,936,irrelevant,irrelevant,discount_context,False,True,0.25,0.24,0.1481,0.3636,0.3636,0.1818,0.0337
IU_936,936,sufficient,sufficient,generate,False,True,0.4,0.4,0.1739,0.4,0.4,0.1739,0.0
IU_936,936,syntactic_incomplete,incomplete,qualify,False,True,0.381,0.381,0.1667,0.3636,0.3636,0.1818,0.0152
IU_960,960,conflicting,conflicting,qualify_or_abstain,False,True,0.6452,0.5806,0.5,0.6452,0.5806,0.5,0.0
IU_960,960,evidentiary_incomplete,sufficient,generate,False,True,0.2581,0.2581,0.1818,0.2581,0.2581,0.1818,0.0
IU_960,960,insufficient,insufficient,abstain,True,False,0.6471,0.6471,0.5128,0.0,0.0,0.0,-0.5128
IU_960,960,irrelevant,irrelevant,discount_context,False,True,0.5143,0.5143,0.4211,0.6471,0.6471,0.5128,0.0918
IU_960,960,sufficient,sufficient,generate,False,True,0.25,0.25,0.1765,0.25,0.25,0.1765,0.0
IU_960,960,syntactic_incomplete,incomplete,qualify,False,True,0.2581,0.2581,0.1818,0.6471,0.5882,0.4615,0.2797
IU_963,963,conflicting,conflicting,qualify_or_abstain,False,True,0.2857,0.2857,0.1579,0.2857,0.2857,0.1579,0.0
IU_963,963,evidentiary_incomplete,sufficient,generate,False,True,0.1818,0.1765,0.1538,0.1818,0.1765,0.1538,0.0
IU_963,963,insufficient,insufficient,abstain,True,False,0.3529,0.3529,0.2162,0.0,0.0,0.0,-0.2162
IU_963,963,irrelevant,irrelevant,discount_context,False,True,0.3243,0.3243,0.1905,0.3529,0.3529,0.2162,0.0257
IU_963,963,sufficient,sufficient,generate,False,True,0.2353,0.2353,0.1,0.2353,0.2353,0.1,0.0
IU_963,963,syntactic_incomplete,incomplete,qualify,False,True,0.2941,0.2353,0.1463,0.3529,0.3529,0.2162,0.0699
IU_965,965,conflicting,conflicting,qualify_or_abstain,False,True,0.3333,0.2581,0.1026,0.3333,0.2581,0.1026,0.0
IU_965,965,evidentiary_incomplete,sufficient,generate,False,True,0.1818,0.1765,0.1026,0.1818,0.1765,0.1026,0.0
IU_965,965,insufficient,insufficient,abstain,True,False,0.3333,0.2581,0.1714,0.0,0.0,0.0,-0.1714
IU_965,965,irrelevant,irrelevant,discount_context,False,True,0.24,0.2308,0.1935,0.3333,0.2581,0.1714,-0.0221
IU_965,965,sufficient,sufficient,generate,False,True,0.2051,0.15,0.125,0.2051,0.15,0.125,0.0
IU_965,965,syntactic_incomplete,incomplete,qualify,False,True,0.2105,0.1538,0.1277,0.3333,0.2581,0.1714,0.0438
IU_975,975,conflicting,conflicting,qualify_or_abstain,False,True,0.2353,0.2353,0.1714,0.2353,0.2353,0.1714,0.0
IU_975,975,evidentiary_incomplete,sufficient,generate,False,True,0.3636,0.3636,0.2353,0.3636,0.3636,0.2353,0.0
IU_975,975,insufficient,insufficient,abstain,True,False,0.3636,0.3636,0.2353,0.0,0.0,0.0,-0.2353
IU_975,975,irrelevant,irrelevant,discount_context,False,True,0.3636,0.3636,0.2353,0.3636,0.3636,0.2353,0.0
IU_975,975,sufficient,sufficient,generate,False,True,0.4324,0.4324,0.359,0.4324,0.4324,0.359,0.0
IU_975,975,syntactic_incomplete,incomplete,qualify,False,True,0.4103,0.359,0.2667,0.3636,0.3636,0.2353,-0.0314
IU_989,989,conflicting,conflicting,qualify_or_abstain,False,True,0.3158,0.3158,0.2105,0.3158,0.3158,0.2105,0.0
IU_989,989,evidentiary_incomplete,sufficient,generate,False,True,0.3,0.3,0.1905,0.3,0.3,0.1905,0.0
IU_989,989,insufficient,insufficient,abstain,True,False,0.4545,0.3636,0.2727,0.0,0.0,0.0,-0.2727
IU_989,989,irrelevant,irrelevant,discount_context,False,True,0.5217,0.4348,0.2308,0.4545,0.3636,0.2727,0.042
IU_989,989,sufficient,sufficient,generate,False,True,0.3,0.3,0.1905,0.3,0.3,0.1905,0.0
IU_989,989,syntactic_incomplete,incomplete,qualify,False,True,0.3,0.3,0.1905,0.4545,0.3636,0.2727,0.0823
IU_991,991,conflicting,conflicting,qualify_or_abstain,False,True,0.359,0.3077,0.1778,0.359,0.3077,0.1778,0.0
IU_991,991,evidentiary_incomplete,sufficient,generate,False,True,0.1667,0.1667,0.15,0.1667,0.1667,0.15,0.0
IU_991,991,insufficient,insufficient,abstain,True,False,0.4103,0.359,0.3043,0.0,0.0,0.0,-0.3043
IU_991,991,irrelevant,irrelevant,discount_context,False,True,0.1667,0.1667,0.15,0.4103,0.359,0.3043,0.1543
IU_991,991,sufficient,sufficient,generate,False,True,0.2564,0.2564,0.2174,0.2564,0.2564,0.2174,0.0
IU_991,991,syntactic_incomplete,incomplete,qualify,False,True,0.1667,0.1667,0.15,0.4103,0.4103,0.3478,0.1978
