uid,sample_id,frontal_image_path,benchmark_frontal_image_ref,exists,file_size_bytes,image_open_ok,image_verify_ok,width,height,frontal_source_bytes_present,lateral_image_path,lateral_reference_exists,lateral_file_size_bytes,lateral_image_open_ok,lateral_image_verify_ok,lateral_width,lateral_height,source_parquet,source_record_identifier,source_record_image_text,frontal_source_sha256,frontal_materialized_sha256,frontal_byte_identical,lateral_source_sha256,lateral_materialized_sha256,lateral_byte_identical
32,IU_32,external_data/IU-Xray/images/IU_32_frontal.jpg,external_data/IU-Xray/images/IU_32_frontal.jpg,True,214452,True,True,2051,2048,True,external_data/IU-Xray/images/IU_32_lateral.jpg,True,182466,True,True,2048,2048,train-00000-of-00005-c80629f6027d8eb1.parquet,train-00000-of-00005-c80629f6027d8eb1.parquet#row_group=0;row_in_shard=31;uid=32,Xray Chest PA and Lateral,76049c04ebf9e1490a3651957c4b63ccaf6e6f346ff22f7403b7e9921b80432a,76049c04ebf9e1490a3651957c4b63ccaf6e6f346ff22f7403b7e9921b80432a,True,4b466e6bd55a6a3117324dc9a20aec08e7be62e2bd168654d72d490a70579ef5,4b466e6bd55a6a3117324dc9a20aec08e7be62e2bd168654d72d490a70579ef5,True
36,IU_36,external_data/IU-Xray/images/IU_36_frontal.jpg,external_data/IU-Xray/images/IU_36_frontal.jpg,True,300010,True,True,2048,2496,True,external_data/IU-Xray/images/IU_36_lateral.jpg,True,227225,True,True,2048,2496,train-00000-of-00005-c80629f6027d8eb1.parquet,train-00000-of-00005-c80629f6027d8eb1.parquet#row_group=0;row_in_shard=35;uid=36,"PA and lateral chest x-XXXX dated XXXX, XXXX at XXXX p.m.. ",48c6b2b903f075246051f673f5d1c479834cacb4d4941e866b5ccd8da2f02068,48c6b2b903f075246051f673f5d1c479834cacb4d4941e866b5ccd8da2f02068,True,7999391113a02eedf62a5ed550cbd172fad86bd590ae5a10d31436fd2564518c,7999391113a02eedf62a5ed550cbd172fad86bd590ae5a10d31436fd2564518c,True
44,IU_44,external_data/IU-Xray/images/IU_44_frontal.jpg,external_data/IU-Xray/images/IU_44_frontal.jpg,True,268500,True,True,2048,2070,True,,False,0,False,False,0,0,train-00000-of-00005-c80629f6027d8eb1.parquet,train-00000-of-00005-c80629f6027d8eb1.parquet#row_group=0;row_in_shard=43;uid=44,Xray Chest PA and Lateral,8fd3bc7aeb03a88feb900c92fde5aa2fba7bf56f5831caaa67d4217fdb0dfa7c,8fd3bc7aeb03a88feb900c92fde5aa2fba7bf56f5831caaa67d4217fdb0dfa7c,True,,,False
49,IU_49,external_data/IU-Xray/images/IU_49_frontal.jpg,external_data/IU-Xray/images/IU_49_frontal.jpg,True,302387,True,True,2496,2048,True,external_data/IU-Xray/images/IU_49_lateral.jpg,True,275234,True,True,2048,2496,train-00000-of-00005-c80629f6027d8eb1.parquet,train-00000-of-00005-c80629f6027d8eb1.parquet#row_group=0;row_in_shard=48;uid=49,PA and lateral chest radiographs dated XXXX at XXXX hours.,fdc4318ba41ffb6a4c4154cc41dc5c9adc8fac232f707d90fa5a8c7e0aa1e34e,fdc4318ba41ffb6a4c4154cc41dc5c9adc8fac232f707d90fa5a8c7e0aa1e34e,True,9d37c8a6efda5d015323c92a19968fedc48b00e419a9dd91f19e733b4e987f32,9d37c8a6efda5d015323c92a19968fedc48b00e419a9dd91f19e733b4e987f32,True
53,IU_53,external_data/IU-Xray/images/IU_53_frontal.jpg,external_data/IU-Xray/images/IU_53_frontal.jpg,True,211711,True,True,2048,2048,True,external_data/IU-Xray/images/IU_53_lateral.jpg,True,199038,True,True,2048,2048,train-00000-of-00005-c80629f6027d8eb1.parquet,train-00000-of-00005-c80629f6027d8eb1.parquet#row_group=0;row_in_shard=52;uid=53,"CHEST (PA AND LATERAL) on XXXX, XXXX.",71d8bc72916c024e69aaca3205d7dee0fb273b7d68a1a2fd25b97cd9e609de74,71d8bc72916c024e69aaca3205d7dee0fb273b7d68a1a2fd25b97cd9e609de74,True,74e631326b85a2fa5f4d20e85fac86afad88d1aaf51455f16b3986f7f070a670,74e631326b85a2fa5f4d20e85fac86afad88d1aaf51455f16b3986f7f070a670,True
66,IU_66,external_data/IU-Xray/images/IU_66_frontal.jpg,external_data/IU-Xray/images/IU_66_frontal.jpg,True,343193,True,True,2121,2048,True,external_data/IU-Xray/images/IU_66_lateral.jpg,True,358290,True,True,2048,2411,train-00000-of-00005-c80629f6027d8eb1.parquet,train-00000-of-00005-c80629f6027d8eb1.parquet#row_group=0;row_in_shard=65;uid=66," Chest, 2 views; SPINE LUMBAR 3 VIEWS XXXX, XXXX XXXX PM ",3c049fd83a71b79547051802fa38a00283fcf1ac7099248edb493b139007f3ce,3c049fd83a71b79547051802fa38a00283fcf1ac7099248edb493b139007f3ce,True,9cae78e67448f0dc748bbadff748e88aea6a0e76586d7ee49632a86f70136d84,9cae78e67448f0dc748bbadff748e88aea6a0e76586d7ee49632a86f70136d84,True
67,IU_67,external_data/IU-Xray/images/IU_67_frontal.jpg,external_data/IU-Xray/images/IU_67_frontal.jpg,True,298940,True,True,2048,2048,True,external_data/IU-Xray/images/IU_67_lateral.jpg,True,249374,True,True,2048,2048,train-00000-of-00005-c80629f6027d8eb1.parquet,train-00000-of-00005-c80629f6027d8eb1.parquet#row_group=0;row_in_shard=66;uid=67,CHEST AP and lateral at XXXX XXXX/XXXX,df89557d0afeb68ab892148ce94388e6c7d69e33a51a4e0caf188d540dd1067f,df89557d0afeb68ab892148ce94388e6c7d69e33a51a4e0caf188d540dd1067f,True,5d0f9f04c71169caadc972034fd5b790d883b6eb4ec2cc0e165736deda25c0ce,5d0f9f04c71169caadc972034fd5b790d883b6eb4ec2cc0e165736deda25c0ce,True
74,IU_74,external_data/IU-Xray/images/IU_74_frontal.jpg,,False,0,False,False,0,0,False,external_data/IU-Xray/images/IU_74_lateral.jpg,True,244756,True,True,2048,2048,train-00000-of-00005-c80629f6027d8eb1.parquet,train-00000-of-00005-c80629f6027d8eb1.parquet#row_group=0;row_in_shard=73;uid=74,"PA and lateral chest XXXX, XXXX.",,,False,7d1f908236ec01be7c5d3da593bd3971b2ebdf17a8a31ef76bd05c2d440d6d8e,7d1f908236ec01be7c5d3da593bd3971b2ebdf17a8a31ef76bd05c2d440d6d8e,True
175,IU_175,external_data/IU-Xray/images/IU_175_frontal.jpg,external_data/IU-Xray/images/IU_175_frontal.jpg,True,237941,True,True,2075,2048,True,,False,0,False,False,0,0,train-00000-of-00005-c80629f6027d8eb1.parquet,train-00000-of-00005-c80629f6027d8eb1.parquet#row_group=1;row_in_shard=170;uid=175,Xray Chest PA and Lateral,d180391e786fc628276dae57a4607175843abe9b04022bdea40df3ab0c1b45e5,d180391e786fc628276dae57a4607175843abe9b04022bdea40df3ab0c1b45e5,True,,,False
185,IU_185,external_data/IU-Xray/images/IU_185_frontal.jpg,external_data/IU-Xray/images/IU_185_frontal.jpg,True,268012,True,True,2048,2048,True,external_data/IU-Xray/images/IU_185_lateral.jpg,True,223631,True,True,2048,2048,train-00000-of-00005-c80629f6027d8eb1.parquet,train-00000-of-00005-c80629f6027d8eb1.parquet#row_group=1;row_in_shard=179;uid=185,Xray Chest PA and Lateral,c760f448d2c9deb90a6fe802757996cb4855ad6d3f19cc8db323a8b0817bd1fe,c760f448d2c9deb90a6fe802757996cb4855ad6d3f19cc8db323a8b0817bd1fe,True,e0647f2b7b5e3faed0552f80e4b40d008a5964f0a5f467f829130340f443e0ab,e0647f2b7b5e3faed0552f80e4b40d008a5964f0a5f467f829130340f443e0ab,True
190,IU_190,external_data/IU-Xray/images/IU_190_frontal.jpg,external_data/IU-Xray/images/IU_190_frontal.jpg,True,244610,True,True,2326,2048,True,external_data/IU-Xray/images/IU_190_lateral.jpg,True,212381,True,True,2048,2385,train-00000-of-00005-c80629f6027d8eb1.parquet,train-00000-of-00005-c80629f6027d8eb1.parquet#row_group=1;row_in_shard=184;uid=190,Xray Chest PA and Lateral,38e956cd1ab5155fd09f99b3a434ddda84559d06da0202a73a6a2d7b33108652,38e956cd1ab5155fd09f99b3a434ddda84559d06da0202a73a6a2d7b33108652,True,f168f0a3266dfa2a46f1c579d0baa1af10b6c99c95103ad9219735b7970a8848,f168f0a3266dfa2a46f1c579d0baa1af10b6c99c95103ad9219735b7970a8848,True
195,IU_195,external_data/IU-Xray/images/IU_195_frontal.jpg,external_data/IU-Xray/images/IU_195_frontal.jpg,True,382593,True,True,2048,2059,True,external_data/IU-Xray/images/IU_195_lateral.jpg,True,228347,True,True,2048,2053,train-00000-of-00005-c80629f6027d8eb1.parquet,train-00000-of-00005-c80629f6027d8eb1.parquet#row_group=1;row_in_shard=189;uid=195,Chest radiograph PA and lateral XXXX/XXXX at XXXX. ,b53cfdb9e9c0fb81cb8362022d2d81440d2ec3dc6e33c8f23f97cb65a21252a8,b53cfdb9e9c0fb81cb8362022d2d81440d2ec3dc6e33c8f23f97cb65a21252a8,True,65bbeba7e15f5cacb14309a190999fd167e05d69fb66e2b0ad3c7b8f1b093c72,65bbeba7e15f5cacb14309a190999fd167e05d69fb66e2b0ad3c7b8f1b093c72,True
227,IU_227,external_data/IU-Xray/images/IU_227_frontal.jpg,external_data/IU-Xray/images/IU_227_frontal.jpg,True,491222,True,True,2494,2048,True,external_data/IU-Xray/images/IU_227_lateral.jpg,True,217083,True,True,2048,2048,train-00000-of-00005-c80629f6027d8eb1.parquet,train-00000-of-00005-c80629f6027d8eb1.parquet#row_group=2;row_in_shard=219;uid=227,Xray Chest PA and Lateral,6094c31d1ad20434396c7e4e01f71bad87524bec0223af5759c947ae883b26de,6094c31d1ad20434396c7e4e01f71bad87524bec0223af5759c947ae883b26de,True,4e0c0f6420889e564ce5e64f1c2f70e34bd8c1619ef22816d2cc2b54e63e2bc5,4e0c0f6420889e564ce5e64f1c2f70e34bd8c1619ef22816d2cc2b54e63e2bc5,True
247,IU_247,external_data/IU-Xray/images/IU_247_frontal.jpg,external_data/IU-Xray/images/IU_247_frontal.jpg,True,269477,True,True,2048,2050,True,external_data/IU-Xray/images/IU_247_lateral.jpg,True,204310,True,True,2051,2048,train-00000-of-00005-c80629f6027d8eb1.parquet,train-00000-of-00005-c80629f6027d8eb1.parquet#row_group=2;row_in_shard=237;uid=247,PA and Lateral Chest: XXXX at XXXX hours.,073536f39b68ffe86c52cfc2d92951896dbe157f6013067b6c4b1326274195d9,073536f39b68ffe86c52cfc2d92951896dbe157f6013067b6c4b1326274195d9,True,9079e4e852a89882e76bcb22cabb714128c6acbfd521cefdfb2bb6401469746d,9079e4e852a89882e76bcb22cabb714128c6acbfd521cefdfb2bb6401469746d,True
253,IU_253,external_data/IU-Xray/images/IU_253_frontal.jpg,external_data/IU-Xray/images/IU_253_frontal.jpg,True,313322,True,True,2048,2496,True,external_data/IU-Xray/images/IU_253_lateral.jpg,True,238680,True,True,2048,2496,train-00000-of-00005-c80629f6027d8eb1.parquet,train-00000-of-00005-c80629f6027d8eb1.parquet#row_group=2;row_in_shard=243;uid=253,PA and lateral chest x-XXXX XXXX. ,09ee8a9b07781a78113432bbab1fd0aa016c15d3ff2a83168e6f25711da8d0cc,09ee8a9b07781a78113432bbab1fd0aa016c15d3ff2a83168e6f25711da8d0cc,True,4603929da0b95bbedb9dd650d5f407442aa7a33089de04aac52e2be344a7af00,4603929da0b95bbedb9dd650d5f407442aa7a33089de04aac52e2be344a7af00,True
254,IU_254,external_data/IU-Xray/images/IU_254_frontal.jpg,external_data/IU-Xray/images/IU_254_frontal.jpg,True,346080,True,True,2048,2496,True,external_data/IU-Xray/images/IU_254_lateral.jpg,True,279917,True,True,2048,2496,train-00000-of-00005-c80629f6027d8eb1.parquet,train-00000-of-00005-c80629f6027d8eb1.parquet#row_group=2;row_in_shard=244;uid=254,"PA and lateral views of the chest XXXX hours &lt;XXXX, XXXX&gt;. ",1101d92ef14474bec0616f985fcf7afbc3b77a7e92de8f5cfb4d3421da6d89fc,1101d92ef14474bec0616f985fcf7afbc3b77a7e92de8f5cfb4d3421da6d89fc,True,2b08ee1adaa59e90c5d5272aff7bab2541c6b11bec8c4e7f3959dd61d67b7ed9,2b08ee1adaa59e90c5d5272aff7bab2541c6b11bec8c4e7f3959dd61d67b7ed9,True
270,IU_270,external_data/IU-Xray/images/IU_270_frontal.jpg,external_data/IU-Xray/images/IU_270_frontal.jpg,True,328510,True,True,2048,2051,True,external_data/IU-Xray/images/IU_270_lateral.jpg,True,379381,True,True,2048,2785,train-00000-of-00005-c80629f6027d8eb1.parquet,train-00000-of-00005-c80629f6027d8eb1.parquet#row_group=2;row_in_shard=259;uid=270,Xray Chest PA and Lateral,b8d83f624ad00252903b54b7ecb79c8cd7e033545df11588ac4565fa6f8ab0d8,b8d83f624ad00252903b54b7ecb79c8cd7e033545df11588ac4565fa6f8ab0d8,True,138122486e198efb4ccf036141991fb387d14ce4a1a96bf66460809028e601dc,138122486e198efb4ccf036141991fb387d14ce4a1a96bf66460809028e601dc,True
275,IU_275,external_data/IU-Xray/images/IU_275_frontal.jpg,external_data/IU-Xray/images/IU_275_frontal.jpg,True,314403,True,True,2048,2496,True,external_data/IU-Xray/images/IU_275_lateral.jpg,True,240354,True,True,2048,2496,train-00000-of-00005-c80629f6027d8eb1.parquet,train-00000-of-00005-c80629f6027d8eb1.parquet#row_group=2;row_in_shard=264;uid=275,"Chest 2 views PA and lateral XXXX, XXXX XXXX a.m. ",21cec678d85d118771f34258f7971b401426f30f9bd8ce2a3e1aab996ba4466f,21cec678d85d118771f34258f7971b401426f30f9bd8ce2a3e1aab996ba4466f,True,34b14042daa79a9d01fc3167fea06934a2806456626c95047ee9e243d3659615,34b14042daa79a9d01fc3167fea06934a2806456626c95047ee9e243d3659615,True
282,IU_282,external_data/IU-Xray/images/IU_282_frontal.jpg,external_data/IU-Xray/images/IU_282_frontal.jpg,True,327031,True,True,2061,2048,True,external_data/IU-Xray/images/IU_282_lateral.jpg,True,463204,True,True,2048,2943,train-00000-of-00005-c80629f6027d8eb1.parquet,train-00000-of-00005-c80629f6027d8eb1.parquet#row_group=2;row_in_shard=271;uid=282,"PA and lateral views of the chest, 3 images. ",80bb05fc74b64eae5cbb26a970ce6f8a2b54ef98e7576fe42d9ad4feb2e7f9bc,80bb05fc74b64eae5cbb26a970ce6f8a2b54ef98e7576fe42d9ad4feb2e7f9bc,True,fb1fc56093f25ca695de7ba9c0c85f570494bdea5cf553f9b0f4ec4d3f467fe6,fb1fc56093f25ca695de7ba9c0c85f570494bdea5cf553f9b0f4ec4d3f467fe6,True
287,IU_287,external_data/IU-Xray/images/IU_287_frontal.jpg,external_data/IU-Xray/images/IU_287_frontal.jpg,True,460847,True,True,2494,2048,True,external_data/IU-Xray/images/IU_287_lateral.jpg,True,223971,True,True,2048,2048,train-00000-of-00005-c80629f6027d8eb1.parquet,train-00000-of-00005-c80629f6027d8eb1.parquet#row_group=2;row_in_shard=276;uid=287, Frontal and lateral views of the chest dated XXXX,bd79aa749b5c31da17f2c9369d450313cf8552c8bfc6d95d03c36071649d371b,bd79aa749b5c31da17f2c9369d450313cf8552c8bfc6d95d03c36071649d371b,True,8ec4c28245234df74eacc3815b2055c9a6f73aae015f8467ab8777fd09277b2a,8ec4c28245234df74eacc3815b2055c9a6f73aae015f8467ab8777fd09277b2a,True
290,IU_290,external_data/IU-Xray/images/IU_290_frontal.jpg,external_data/IU-Xray/images/IU_290_frontal.jpg,True,303807,True,True,2048,2048,True,external_data/IU-Xray/images/IU_290_lateral.jpg,True,295385,True,True,2048,2456,train-00000-of-00005-c80629f6027d8eb1.parquet,train-00000-of-00005-c80629f6027d8eb1.parquet#row_group=2;row_in_shard=279;uid=290,"XXXX and lateral chest XXXX, XXXX at XXXX hours.",0780156e762e9854aeee444edfd00b12e4f8b399dc99d15f01f3d8d10f569992,0780156e762e9854aeee444edfd00b12e4f8b399dc99d15f01f3d8d10f569992,True,ad7b38238320e5575e0ad048962654055bebbf0cde6987d570b7295c28b9ffbf,ad7b38238320e5575e0ad048962654055bebbf0cde6987d570b7295c28b9ffbf,True
297,IU_297,external_data/IU-Xray/images/IU_297_frontal.jpg,external_data/IU-Xray/images/IU_297_frontal.jpg,True,379094,True,True,2494,2048,True,external_data/IU-Xray/images/IU_297_lateral.jpg,True,292371,True,True,2048,2183,train-00000-of-00005-c80629f6027d8eb1.parquet,train-00000-of-00005-c80629f6027d8eb1.parquet#row_group=2;row_in_shard=286;uid=297,Xray Chest PA and Lateral,6a651cf0cdfbea0c9f2a43144e6e019f91d6e71f872f4d5f3ba15d45e4bfb4ab,6a651cf0cdfbea0c9f2a43144e6e019f91d6e71f872f4d5f3ba15d45e4bfb4ab,True,f592a2a0b6648fca5c87720cc536193af149d5d6e6835002bc55416c97b2ed25,f592a2a0b6648fca5c87720cc536193af149d5d6e6835002bc55416c97b2ed25,True
303,IU_303,external_data/IU-Xray/images/IU_303_frontal.jpg,external_data/IU-Xray/images/IU_303_frontal.jpg,True,362519,True,True,2131,2048,True,,False,0,False,False,0,0,train-00000-of-00005-c80629f6027d8eb1.parquet,train-00000-of-00005-c80629f6027d8eb1.parquet#row_group=2;row_in_shard=292;uid=303,CHEST 2V FRONTAL/LATERAL ,c62a447c3ef0d8ae5b5670061fff1e77164968e06380cb3e418809dc325f6943,c62a447c3ef0d8ae5b5670061fff1e77164968e06380cb3e418809dc325f6943,True,,,False
304,IU_304,external_data/IU-Xray/images/IU_304_frontal.jpg,external_data/IU-Xray/images/IU_304_frontal.jpg,True,459107,True,True,2494,2048,True,external_data/IU-Xray/images/IU_304_lateral.jpg,True,245810,True,True,2048,2048,train-00000-of-00005-c80629f6027d8eb1.parquet,train-00000-of-00005-c80629f6027d8eb1.parquet#row_group=2;row_in_shard=293;uid=304,Xray Chest PA and Lateral,215543bad5bab47661998bbd16b6964850377a083374f127fab8096bca0005cd,215543bad5bab47661998bbd16b6964850377a083374f127fab8096bca0005cd,True,2f426c92d7c63140e794a8ef35caf505c066fb55bb704638dd386764ddaee758,2f426c92d7c63140e794a8ef35caf505c066fb55bb704638dd386764ddaee758,True
313,IU_313,external_data/IU-Xray/images/IU_313_frontal.jpg,external_data/IU-Xray/images/IU_313_frontal.jpg,True,269016,True,True,2048,2048,True,,False,0,False,False,0,0,train-00000-of-00005-c80629f6027d8eb1.parquet,train-00000-of-00005-c80629f6027d8eb1.parquet#row_group=3;row_in_shard=301;uid=313,Xray Chest PA and Lateral,d11935e6fc166ab9ff819e782dba5ce621109957be1708ad853b3211158c2422,d11935e6fc166ab9ff819e782dba5ce621109957be1708ad853b3211158c2422,True,,,False
317,IU_317,external_data/IU-Xray/images/IU_317_frontal.jpg,external_data/IU-Xray/images/IU_317_frontal.jpg,True,277942,True,True,2048,2048,True,external_data/IU-Xray/images/IU_317_lateral.jpg,True,241499,True,True,2048,2048,train-00000-of-00005-c80629f6027d8eb1.parquet,train-00000-of-00005-c80629f6027d8eb1.parquet#row_group=3;row_in_shard=305;uid=317,Frontal and lateral chest on XXXX XXXX.,871692998d65c365d64a3bf280b9eac240d433a9ffd699a6e29e4bd107b8d11b,871692998d65c365d64a3bf280b9eac240d433a9ffd699a6e29e4bd107b8d11b,True,2ae4abe38d809f899e732295a1864bdc6ff91a909a755b01bab4d5bbd2e51ce6,2ae4abe38d809f899e732295a1864bdc6ff91a909a755b01bab4d5bbd2e51ce6,True
329,IU_329,external_data/IU-Xray/images/IU_329_frontal.jpg,external_data/IU-Xray/images/IU_329_frontal.jpg,True,276666,True,True,2486,2048,True,external_data/IU-Xray/images/IU_329_lateral.jpg,True,249217,True,True,2048,2486,train-00000-of-00005-c80629f6027d8eb1.parquet,train-00000-of-00005-c80629f6027d8eb1.parquet#row_group=3;row_in_shard=317;uid=329,"Chest, 2 views, frontal and lateral",4bffeee0e40d394d41c6189d0d2e446b8c8182bf75899680067cb1c0243e0bbf,4bffeee0e40d394d41c6189d0d2e446b8c8182bf75899680067cb1c0243e0bbf,True,14da5925aeaf5b2c1abbe0b0533adec99c81c50ef3c774a9ef8f482a642d1e8e,14da5925aeaf5b2c1abbe0b0533adec99c81c50ef3c774a9ef8f482a642d1e8e,True
340,IU_340,external_data/IU-Xray/images/IU_340_frontal.jpg,external_data/IU-Xray/images/IU_340_frontal.jpg,True,422374,True,True,2494,2048,True,external_data/IU-Xray/images/IU_340_lateral.jpg,True,242927,True,True,2048,2048,train-00000-of-00005-c80629f6027d8eb1.parquet,train-00000-of-00005-c80629f6027d8eb1.parquet#row_group=3;row_in_shard=328;uid=340,Xray Chest PA and Lateral,79182af3e64f0892d03c857805911bc5a2cb0ba25219ce03654d773b3ef35c3b,79182af3e64f0892d03c857805911bc5a2cb0ba25219ce03654d773b3ef35c3b,True,5e938a7a04005bf443f78e265028a07784139fa635eedb18a4b12512eebcab43,5e938a7a04005bf443f78e265028a07784139fa635eedb18a4b12512eebcab43,True
341,IU_341,external_data/IU-Xray/images/IU_341_frontal.jpg,external_data/IU-Xray/images/IU_341_frontal.jpg,True,353696,True,True,2048,2157,True,external_data/IU-Xray/images/IU_341_lateral.jpg,True,447604,True,True,1943,2712,train-00000-of-00005-c80629f6027d8eb1.parquet,train-00000-of-00005-c80629f6027d8eb1.parquet#row_group=3;row_in_shard=329;uid=341,CHEST 2V FRONTAL/LATERAL ; Three-view right foot.,c4d6f6f61440454cd981378165ad92f8721cb5fa87fc704cad7fa3aa45144c6d,c4d6f6f61440454cd981378165ad92f8721cb5fa87fc704cad7fa3aa45144c6d,True,2ed1366a6e1f27f7384042e816c5494397d240bd9bccfb7f8db158a61cb788b3,2ed1366a6e1f27f7384042e816c5494397d240bd9bccfb7f8db158a61cb788b3,True
372,IU_372,external_data/IU-Xray/images/IU_372_frontal.jpg,external_data/IU-Xray/images/IU_372_frontal.jpg,True,547110,True,True,2494,2048,True,external_data/IU-Xray/images/IU_372_lateral.jpg,True,345917,True,True,2048,2474,train-00000-of-00005-c80629f6027d8eb1.parquet,train-00000-of-00005-c80629f6027d8eb1.parquet#row_group=3;row_in_shard=359;uid=372,Xray Chest PA and Lateral,f9408e110cc6ca635d48822c027bfd5dddf91d0fc77e23c83fd9e1ec56b54410,f9408e110cc6ca635d48822c027bfd5dddf91d0fc77e23c83fd9e1ec56b54410,True,1d2a9d51c864a0fc1a872d0ec23b8f99ad2b1eccc09eaf3ee275d125574969ac,1d2a9d51c864a0fc1a872d0ec23b8f99ad2b1eccc09eaf3ee275d125574969ac,True
382,IU_382,external_data/IU-Xray/images/IU_382_frontal.jpg,external_data/IU-Xray/images/IU_382_frontal.jpg,True,301044,True,True,2048,2496,True,external_data/IU-Xray/images/IU_382_lateral.jpg,True,247104,True,True,2048,2496,train-00000-of-00005-c80629f6027d8eb1.parquet,train-00000-of-00005-c80629f6027d8eb1.parquet#row_group=3;row_in_shard=368;uid=382,"Chest radiographs (PA and lateral views), dated XXXX. ",056ea9f4815d1a37fce7c1c7a43f5ee32371606fa4981c78223b339235b9250a,056ea9f4815d1a37fce7c1c7a43f5ee32371606fa4981c78223b339235b9250a,True,99c3b1d2d278dde5734290a08305f0727eeeb0c3fd540bea810bbb4707947aaf,99c3b1d2d278dde5734290a08305f0727eeeb0c3fd540bea810bbb4707947aaf,True
388,IU_388,external_data/IU-Xray/images/IU_388_frontal.jpg,external_data/IU-Xray/images/IU_388_frontal.jpg,True,282116,True,True,2048,2048,True,external_data/IU-Xray/images/IU_388_lateral.jpg,True,287144,True,True,2048,2284,train-00000-of-00005-c80629f6027d8eb1.parquet,train-00000-of-00005-c80629f6027d8eb1.parquet#row_group=3;row_in_shard=374;uid=388,Xray Chest PA and Lateral,bb34d4bd541c3b897497f41eb6702583594b02b54436b8d17f875c901ba66c32,bb34d4bd541c3b897497f41eb6702583594b02b54436b8d17f875c901ba66c32,True,8f7cfe7891eaa874bfda1f09ffd3f62b59f112d6ccef4c99e0036813be1b93c5,8f7cfe7891eaa874bfda1f09ffd3f62b59f112d6ccef4c99e0036813be1b93c5,True
400,IU_400,external_data/IU-Xray/images/IU_400_frontal.jpg,external_data/IU-Xray/images/IU_400_frontal.jpg,True,302070,True,True,2496,2048,True,,False,0,False,False,0,0,train-00000-of-00005-c80629f6027d8eb1.parquet,train-00000-of-00005-c80629f6027d8eb1.parquet#row_group=3;row_in_shard=386;uid=400,"PA and lateral chest x-XXXX dated XXXX, XXXX at XXXX p.m. ",6f13c43a1642b121d82616442881a9d9e8b782c04804fdac88b1e90ff2f9bd10,6f13c43a1642b121d82616442881a9d9e8b782c04804fdac88b1e90ff2f9bd10,True,,,False
417,IU_417,external_data/IU-Xray/images/IU_417_frontal.jpg,external_data/IU-Xray/images/IU_417_frontal.jpg,True,418099,True,True,2455,2048,True,external_data/IU-Xray/images/IU_417_lateral.jpg,True,220717,True,True,2048,2078,train-00000-of-00005-c80629f6027d8eb1.parquet,train-00000-of-00005-c80629f6027d8eb1.parquet#row_group=4;row_in_shard=403;uid=417,Chest X XXXX 2 XXXX PA and lateral ,18591f25c4e6146ec954458516942cc3f25f8224919c08931c7152dd2f1fce50,18591f25c4e6146ec954458516942cc3f25f8224919c08931c7152dd2f1fce50,True,f0860ecb2221bb342d7d7383e918ce57e43c8502b0e9a1e4e5a5553ab73169c5,f0860ecb2221bb342d7d7383e918ce57e43c8502b0e9a1e4e5a5553ab73169c5,True
437,IU_437,external_data/IU-Xray/images/IU_437_frontal.jpg,external_data/IU-Xray/images/IU_437_frontal.jpg,True,390840,True,True,2496,2048,True,external_data/IU-Xray/images/IU_437_lateral.jpg,True,358648,True,True,2048,2496,train-00000-of-00005-c80629f6027d8eb1.parquet,train-00000-of-00005-c80629f6027d8eb1.parquet#row_group=4;row_in_shard=423;uid=437,Xray Chest PA and Lateral,0cf9a91c8fe334b67c22217588cd291e66f934ae4aa2f1b0f2be71f9d5bba75a,0cf9a91c8fe334b67c22217588cd291e66f934ae4aa2f1b0f2be71f9d5bba75a,True,80b45c034cc08768e9c725a24f7be22d93aba6f8746540d4b79fbfea741596ba,80b45c034cc08768e9c725a24f7be22d93aba6f8746540d4b79fbfea741596ba,True
451,IU_451,external_data/IU-Xray/images/IU_451_frontal.jpg,external_data/IU-Xray/images/IU_451_frontal.jpg,True,305104,True,True,2048,2496,True,external_data/IU-Xray/images/IU_451_lateral.jpg,True,224340,True,True,2048,2496,train-00000-of-00005-c80629f6027d8eb1.parquet,train-00000-of-00005-c80629f6027d8eb1.parquet#row_group=4;row_in_shard=436;uid=451,"Pelvis with bilateral hips, AP femur with PA and lateral chest XXXX, XXXX.",a12abd550c9f63ad1a8219d1538035c462f1651dd5d9bc540e0146de69901577,a12abd550c9f63ad1a8219d1538035c462f1651dd5d9bc540e0146de69901577,True,dd0f956d07a8717539f1af89090f9e2899568a5852e938bcd8d5a8a2de17bbc0,dd0f956d07a8717539f1af89090f9e2899568a5852e938bcd8d5a8a2de17bbc0,True
458,IU_458,external_data/IU-Xray/images/IU_458_frontal.jpg,external_data/IU-Xray/images/IU_458_frontal.jpg,True,217955,True,True,2048,2048,True,external_data/IU-Xray/images/IU_458_lateral.jpg,True,243963,True,True,2048,2460,train-00000-of-00005-c80629f6027d8eb1.parquet,train-00000-of-00005-c80629f6027d8eb1.parquet#row_group=4;row_in_shard=443;uid=458,"PA and lateral views of the chest, XXXX, XXXX XXXX PM",3def5aa0155422408ca18f4fe498ca372e95d493c602e86ee1b6c938c241e897,3def5aa0155422408ca18f4fe498ca372e95d493c602e86ee1b6c938c241e897,True,84ba86c9daaec0e067eb556997cdb4193229106ce0cdc97a7436e414bdc948e2,84ba86c9daaec0e067eb556997cdb4193229106ce0cdc97a7436e414bdc948e2,True
460,IU_460,external_data/IU-Xray/images/IU_460_frontal.jpg,external_data/IU-Xray/images/IU_460_frontal.jpg,True,218963,True,True,2048,2048,True,external_data/IU-Xray/images/IU_460_lateral.jpg,True,199115,True,True,2048,2048,train-00000-of-00005-c80629f6027d8eb1.parquet,train-00000-of-00005-c80629f6027d8eb1.parquet#row_group=4;row_in_shard=445;uid=460,2 views Chest: XXXX,e88c9ace02ae55a3ca6a18800060f8c1a37c32a7e99d0772d92598fa72ea77f4,e88c9ace02ae55a3ca6a18800060f8c1a37c32a7e99d0772d92598fa72ea77f4,True,4fd3c04e5ea4f42e32d96e5ab8451943b21d43daae87391fe5e14a60d59a0ebd,4fd3c04e5ea4f42e32d96e5ab8451943b21d43daae87391fe5e14a60d59a0ebd,True
461,IU_461,external_data/IU-Xray/images/IU_461_frontal.jpg,external_data/IU-Xray/images/IU_461_frontal.jpg,True,291464,True,True,2048,2048,True,external_data/IU-Xray/images/IU_461_lateral.jpg,True,199667,True,True,2048,2090,train-00000-of-00005-c80629f6027d8eb1.parquet,train-00000-of-00005-c80629f6027d8eb1.parquet#row_group=4;row_in_shard=446;uid=461,Xray Chest PA and Lateral,b3efdcab6279ccc89988c72602b663308ae95632a5d4975c29a928e188757877,b3efdcab6279ccc89988c72602b663308ae95632a5d4975c29a928e188757877,True,084f56abd765465c259a2fd13e656ef05d7310af8934e6d350801907a3c3b7d5,084f56abd765465c259a2fd13e656ef05d7310af8934e6d350801907a3c3b7d5,True
463,IU_463,external_data/IU-Xray/images/IU_463_frontal.jpg,external_data/IU-Xray/images/IU_463_frontal.jpg,True,306149,True,True,2048,2048,True,external_data/IU-Xray/images/IU_463_lateral.jpg,True,269198,True,True,2048,2048,train-00000-of-00005-c80629f6027d8eb1.parquet,train-00000-of-00005-c80629f6027d8eb1.parquet#row_group=4;row_in_shard=448;uid=463,Xray Chest PA and Lateral,44d2ae96668a8129a9a73953d4edb57cae99ff153c8dc45c90fed1ece26891dd,44d2ae96668a8129a9a73953d4edb57cae99ff153c8dc45c90fed1ece26891dd,True,eac05ef28c2daf2b06a9ce91f5452c87209d020e6bff52a3d415ac33dee12acc,eac05ef28c2daf2b06a9ce91f5452c87209d020e6bff52a3d415ac33dee12acc,True
475,IU_475,external_data/IU-Xray/images/IU_475_frontal.jpg,external_data/IU-Xray/images/IU_475_frontal.jpg,True,263408,True,True,2051,2048,True,external_data/IU-Xray/images/IU_475_lateral.jpg,True,206328,True,True,2051,2048,train-00000-of-00005-c80629f6027d8eb1.parquet,train-00000-of-00005-c80629f6027d8eb1.parquet#row_group=4;row_in_shard=460;uid=475,Xray Chest PA and Lateral,050a341684da37278cadc24c8b1881f7e1bd5d028c73c0291095fc880ed314c0,050a341684da37278cadc24c8b1881f7e1bd5d028c73c0291095fc880ed314c0,True,12f6f490f98bc2a56775bf841294113995abb3915dc7b6369f6a58c1bf523365,12f6f490f98bc2a56775bf841294113995abb3915dc7b6369f6a58c1bf523365,True
486,IU_486,external_data/IU-Xray/images/IU_486_frontal.jpg,external_data/IU-Xray/images/IU_486_frontal.jpg,True,335356,True,True,2048,2048,True,,False,0,False,False,0,0,train-00000-of-00005-c80629f6027d8eb1.parquet,train-00000-of-00005-c80629f6027d8eb1.parquet#row_group=4;row_in_shard=471;uid=486,2 views Chest: XXXX,fdc92500516d80b713a463b31ff98f95f891ce5a7454ca17fc747004814e83a1,fdc92500516d80b713a463b31ff98f95f891ce5a7454ca17fc747004814e83a1,True,,,False
493,IU_493,external_data/IU-Xray/images/IU_493_frontal.jpg,external_data/IU-Xray/images/IU_493_frontal.jpg,True,282194,True,True,2496,2048,True,external_data/IU-Xray/images/IU_493_lateral.jpg,True,233587,True,True,2048,2496,train-00000-of-00005-c80629f6027d8eb1.parquet,train-00000-of-00005-c80629f6027d8eb1.parquet#row_group=4;row_in_shard=478;uid=493,PA and lateral chest radiograph (2 views) (2 images) ,2c7b4e418b2f4ac20065b9a5b7e80576b38373b02d69ccc69521febfb1e1d490,2c7b4e418b2f4ac20065b9a5b7e80576b38373b02d69ccc69521febfb1e1d490,True,0bf33f72bd61513db046c81963bc05fdd50bc6caaec64d2cdbcc54206c5b512b,0bf33f72bd61513db046c81963bc05fdd50bc6caaec64d2cdbcc54206c5b512b,True
494,IU_494,external_data/IU-Xray/images/IU_494_frontal.jpg,external_data/IU-Xray/images/IU_494_frontal.jpg,True,293878,True,True,2048,2048,True,external_data/IU-Xray/images/IU_494_lateral.jpg,True,245953,True,True,2048,2048,train-00000-of-00005-c80629f6027d8eb1.parquet,train-00000-of-00005-c80629f6027d8eb1.parquet#row_group=4;row_in_shard=479;uid=494,"PA and lateral chest, XXXX at XXXX",beab7ed02cfb37bb62c32b951cdfd71570734f1d37557062271af88d761469ea,beab7ed02cfb37bb62c32b951cdfd71570734f1d37557062271af88d761469ea,True,5c7dca616703e27e20e6081c899c81b9706d29abaf8734932a5c24716b6729d5,5c7dca616703e27e20e6081c899c81b9706d29abaf8734932a5c24716b6729d5,True
498,IU_498,external_data/IU-Xray/images/IU_498_frontal.jpg,external_data/IU-Xray/images/IU_498_frontal.jpg,True,378243,True,True,2496,2048,True,external_data/IU-Xray/images/IU_498_lateral.jpg,True,376084,True,True,2048,2496,train-00000-of-00005-c80629f6027d8eb1.parquet,train-00000-of-00005-c80629f6027d8eb1.parquet#row_group=4;row_in_shard=483;uid=498,Xray Chest PA and Lateral,4d9c9b9d498988f2594f519c9a39c3cc07b674658c54cb952cc19f34c593815c,4d9c9b9d498988f2594f519c9a39c3cc07b674658c54cb952cc19f34c593815c,True,44f3a090b630e8b4fc3fa59e7e1d9baeb92a40b2e393141652e0b19fca54d6bf,44f3a090b630e8b4fc3fa59e7e1d9baeb92a40b2e393141652e0b19fca54d6bf,True
502,IU_502,external_data/IU-Xray/images/IU_502_frontal.jpg,external_data/IU-Xray/images/IU_502_frontal.jpg,True,344352,True,True,2077,2048,True,external_data/IU-Xray/images/IU_502_lateral.jpg,True,466702,True,True,2048,2781,train-00000-of-00005-c80629f6027d8eb1.parquet,train-00000-of-00005-c80629f6027d8eb1.parquet#row_group=4;row_in_shard=487;uid=502,"Chest X XXXX 2 XXXX PA and lateral, Abdomen X XXXX 2 XXXX AP supine and XXXX. ",3164acd14258b18c38809cfc76a38bbd0474cd4d8e60e7bc417374629d4533e1,3164acd14258b18c38809cfc76a38bbd0474cd4d8e60e7bc417374629d4533e1,True,5df40d2936071f27c1833e778ba7f74186e259bdd6baa760f7b9941430b0b463,5df40d2936071f27c1833e778ba7f74186e259bdd6baa760f7b9941430b0b463,True
519,IU_519,external_data/IU-Xray/images/IU_519_frontal.jpg,external_data/IU-Xray/images/IU_519_frontal.jpg,True,268908,True,True,2051,2048,True,external_data/IU-Xray/images/IU_519_lateral.jpg,True,222467,True,True,2051,2048,train-00000-of-00005-c80629f6027d8eb1.parquet,train-00000-of-00005-c80629f6027d8eb1.parquet#row_group=5;row_in_shard=504;uid=519,Xray Chest PA and Lateral,847eef038278473186a63b7997eee8dbe9f23ac77dbd2cdc3e6a55cadfc9cff2,847eef038278473186a63b7997eee8dbe9f23ac77dbd2cdc3e6a55cadfc9cff2,True,27040d4af069a6e77b455f95498b836be4bf761451c832230ee73990c9271fe5,27040d4af069a6e77b455f95498b836be4bf761451c832230ee73990c9271fe5,True
527,IU_527,external_data/IU-Xray/images/IU_527_frontal.jpg,external_data/IU-Xray/images/IU_527_frontal.jpg,True,264875,True,True,2062,2048,True,,False,0,False,False,0,0,train-00000-of-00005-c80629f6027d8eb1.parquet,train-00000-of-00005-c80629f6027d8eb1.parquet#row_group=5;row_in_shard=512;uid=527,Xray Chest PA and Lateral,c856e629a3d0ede809d82c3a4bab607bb5f5a49d153547e19065ebb49436c22d,c856e629a3d0ede809d82c3a4bab607bb5f5a49d153547e19065ebb49436c22d,True,,,False
551,IU_551,external_data/IU-Xray/images/IU_551_frontal.jpg,external_data/IU-Xray/images/IU_551_frontal.jpg,True,270585,True,True,2051,2048,True,external_data/IU-Xray/images/IU_551_lateral.jpg,True,234525,True,True,2048,2181,train-00000-of-00005-c80629f6027d8eb1.parquet,train-00000-of-00005-c80629f6027d8eb1.parquet#row_group=5;row_in_shard=535;uid=551,Xray Chest PA and Lateral,77b2a59e01bd99c670b87a6c31e304841fb65ea82419c9a2be5ac24c51ea8207,77b2a59e01bd99c670b87a6c31e304841fb65ea82419c9a2be5ac24c51ea8207,True,a642a97fa79ae804c952a5371b72cca9f92f321bdd780d64161af59526b8105d,a642a97fa79ae804c952a5371b72cca9f92f321bdd780d64161af59526b8105d,True
567,IU_567,external_data/IU-Xray/images/IU_567_frontal.jpg,external_data/IU-Xray/images/IU_567_frontal.jpg,True,242430,True,True,2051,2048,True,external_data/IU-Xray/images/IU_567_lateral.jpg,True,217036,True,True,2051,2048,train-00000-of-00005-c80629f6027d8eb1.parquet,train-00000-of-00005-c80629f6027d8eb1.parquet#row_group=5;row_in_shard=550;uid=567,Frontal and Lateral view of the chest XXXX/XXXX at 507 hours.,76b581aa911cc6f13a50f42ee4cf0c6d9a33605e3e65b1fc1fd54df66291cbd8,76b581aa911cc6f13a50f42ee4cf0c6d9a33605e3e65b1fc1fd54df66291cbd8,True,6f8b28dcea6f784d04bc4c3685fa0f33eaf2b51c2a915bbb3f4e2e4b532b7739,6f8b28dcea6f784d04bc4c3685fa0f33eaf2b51c2a915bbb3f4e2e4b532b7739,True
577,IU_577,external_data/IU-Xray/images/IU_577_frontal.jpg,external_data/IU-Xray/images/IU_577_frontal.jpg,True,221170,True,True,2048,2048,True,external_data/IU-Xray/images/IU_577_lateral.jpg,True,194889,True,True,2048,2048,train-00000-of-00005-c80629f6027d8eb1.parquet,train-00000-of-00005-c80629f6027d8eb1.parquet#row_group=5;row_in_shard=559;uid=577,Xray Chest PA and Lateral,54e80bb57abb7b5ee4986fc2543580498d3a8ca7aeee12f1cc59186cab499097,54e80bb57abb7b5ee4986fc2543580498d3a8ca7aeee12f1cc59186cab499097,True,d225c1373dee52fd7aaa271292d06ab993caeb5cbbca248ad0da9c414898f63a,d225c1373dee52fd7aaa271292d06ab993caeb5cbbca248ad0da9c414898f63a,True
581,IU_581,external_data/IU-Xray/images/IU_581_frontal.jpg,external_data/IU-Xray/images/IU_581_frontal.jpg,True,236735,True,True,2048,2048,True,external_data/IU-Xray/images/IU_581_lateral.jpg,True,235270,True,True,2048,2048,train-00000-of-00005-c80629f6027d8eb1.parquet,train-00000-of-00005-c80629f6027d8eb1.parquet#row_group=5;row_in_shard=563;uid=581,"CHEST, Two (2) Views XXXX, XXXX at XXXX hours.",3d4091f652bfe92a1fe60776ef90522788b99f912573462becf55ad14827f7f1,3d4091f652bfe92a1fe60776ef90522788b99f912573462becf55ad14827f7f1,True,649dce294f2d66cba992edfbf10179c0e9569baea73cb1ab100d0f8f20c3e5df,649dce294f2d66cba992edfbf10179c0e9569baea73cb1ab100d0f8f20c3e5df,True
585,IU_585,external_data/IU-Xray/images/IU_585_frontal.jpg,external_data/IU-Xray/images/IU_585_frontal.jpg,True,339011,True,True,2048,2195,True,external_data/IU-Xray/images/IU_585_lateral.jpg,True,226363,True,True,2048,2048,train-00000-of-00005-c80629f6027d8eb1.parquet,train-00000-of-00005-c80629f6027d8eb1.parquet#row_group=5;row_in_shard=567;uid=585,"CHEST ( FRONTAL AND LATERAL): XXXX, XXXX XXXX PM",051ebe94728d244d516ececcaf7ac6743219e798685e8fe9d7a98e9a111f3dc3,051ebe94728d244d516ececcaf7ac6743219e798685e8fe9d7a98e9a111f3dc3,True,8adbc6527e9ab41cf5930a6d132e43e7e57b437f92aac7f366caf4305d95efc5,8adbc6527e9ab41cf5930a6d132e43e7e57b437f92aac7f366caf4305d95efc5,True
586,IU_586,external_data/IU-Xray/images/IU_586_frontal.jpg,external_data/IU-Xray/images/IU_586_frontal.jpg,True,291871,True,True,2048,2048,True,,False,0,False,False,0,0,train-00000-of-00005-c80629f6027d8eb1.parquet,train-00000-of-00005-c80629f6027d8eb1.parquet#row_group=5;row_in_shard=568;uid=586,PA and lateral chest radiographs dated XXXX at XXXX hours.,6c8705d9299fd7066fca34be1d7540dab4180181345d8d15826aba13696d37c0,6c8705d9299fd7066fca34be1d7540dab4180181345d8d15826aba13696d37c0,True,,,False
590,IU_590,external_data/IU-Xray/images/IU_590_frontal.jpg,external_data/IU-Xray/images/IU_590_frontal.jpg,True,280513,True,True,2171,2048,True,external_data/IU-Xray/images/IU_590_lateral.jpg,True,222470,True,True,2190,2048,train-00000-of-00005-c80629f6027d8eb1.parquet,train-00000-of-00005-c80629f6027d8eb1.parquet#row_group=5;row_in_shard=572;uid=590,Xray Chest PA and Lateral,0873a63f8b9a560b77300e864f81de13c56d6cfab8cf83e67179b3b4240764f8,0873a63f8b9a560b77300e864f81de13c56d6cfab8cf83e67179b3b4240764f8,True,f413676f629e4636513b041c9741037310e220cda886db9f688b805e286c65ff,f413676f629e4636513b041c9741037310e220cda886db9f688b805e286c65ff,True
594,IU_594,external_data/IU-Xray/images/IU_594_frontal.jpg,external_data/IU-Xray/images/IU_594_frontal.jpg,True,411610,True,True,2500,2048,True,external_data/IU-Xray/images/IU_594_lateral.jpg,True,357060,True,True,2048,2541,train-00000-of-00005-c80629f6027d8eb1.parquet,train-00000-of-00005-c80629f6027d8eb1.parquet#row_group=5;row_in_shard=576;uid=594,XR Chest PA and Lateral,a3f7c0e77d4a22ed9c12c80281c33406932592cb9617f6ffa80b3713b62b4783,a3f7c0e77d4a22ed9c12c80281c33406932592cb9617f6ffa80b3713b62b4783,True,7de3f2a218ac7709755b910eedb0625548182b39fb11af0e56038ba3348b35d4,7de3f2a218ac7709755b910eedb0625548182b39fb11af0e56038ba3348b35d4,True
595,IU_595,external_data/IU-Xray/images/IU_595_frontal.jpg,external_data/IU-Xray/images/IU_595_frontal.jpg,True,281547,True,True,2048,2048,True,external_data/IU-Xray/images/IU_595_lateral.jpg,True,245635,True,True,2048,2048,train-00000-of-00005-c80629f6027d8eb1.parquet,train-00000-of-00005-c80629f6027d8eb1.parquet#row_group=5;row_in_shard=577;uid=595,Xray Chest PA and Lateral,7eae205ff10e0404905282ad087d0f40750c3e08b2aca3da93e8d2663108213b,7eae205ff10e0404905282ad087d0f40750c3e08b2aca3da93e8d2663108213b,True,4835a15178bfc88b2c2482870a64b33350b092fcc1a0f0c303322243c03b8edb,4835a15178bfc88b2c2482870a64b33350b092fcc1a0f0c303322243c03b8edb,True
597,IU_597,external_data/IU-Xray/images/IU_597_frontal.jpg,,False,0,False,False,0,0,False,external_data/IU-Xray/images/IU_597_lateral.jpg,True,219632,True,True,2048,2048,train-00000-of-00005-c80629f6027d8eb1.parquet,train-00000-of-00005-c80629f6027d8eb1.parquet#row_group=5;row_in_shard=579;uid=597,Xray Chest PA and Lateral,,,False,7f5b0644ac9a8964fa56a20b65baedcfe70fb8764d7b6298eaec309c561d99a1,7f5b0644ac9a8964fa56a20b65baedcfe70fb8764d7b6298eaec309c561d99a1,True
600,IU_600,external_data/IU-Xray/images/IU_600_frontal.jpg,external_data/IU-Xray/images/IU_600_frontal.jpg,True,247073,True,True,2048,2048,True,external_data/IU-Xray/images/IU_600_lateral.jpg,True,180111,True,True,2048,2048,train-00000-of-00005-c80629f6027d8eb1.parquet,train-00000-of-00005-c80629f6027d8eb1.parquet#row_group=5;row_in_shard=582;uid=600,Xray Chest PA and Lateral,042142fac1cc9da5a14f3ec1741c2dbc2798c54cbdb706430b2359a6be01190b,042142fac1cc9da5a14f3ec1741c2dbc2798c54cbdb706430b2359a6be01190b,True,dd300c51335f43d410dfab3207cc41fc49569fb97c2414e8c67290da592613e7,dd300c51335f43d410dfab3207cc41fc49569fb97c2414e8c67290da592613e7,True
604,IU_604,external_data/IU-Xray/images/IU_604_frontal.jpg,external_data/IU-Xray/images/IU_604_frontal.jpg,True,219849,True,True,2048,2048,True,external_data/IU-Xray/images/IU_604_lateral.jpg,True,239079,True,True,2048,2460,train-00000-of-00005-c80629f6027d8eb1.parquet,train-00000-of-00005-c80629f6027d8eb1.parquet#row_group=5;row_in_shard=586;uid=604,PA and Lateral Chest X-XXXX dated XXXX.,f6592f1647d8b66bd2a2276bcc458a63b5fd4acf45d2104d6c27ea0acd65f989,f6592f1647d8b66bd2a2276bcc458a63b5fd4acf45d2104d6c27ea0acd65f989,True,2beab855571ef24bddc0a93094dd6244dc0d9c74603a6e6b72ff7d7ca2d34741,2beab855571ef24bddc0a93094dd6244dc0d9c74603a6e6b72ff7d7ca2d34741,True
628,IU_628,external_data/IU-Xray/images/IU_628_frontal.jpg,external_data/IU-Xray/images/IU_628_frontal.jpg,True,321287,True,True,2048,2048,True,external_data/IU-Xray/images/IU_628_lateral.jpg,True,263893,True,True,2048,2048,train-00000-of-00005-c80629f6027d8eb1.parquet,train-00000-of-00005-c80629f6027d8eb1.parquet#row_group=6;row_in_shard=609;uid=628,"CHEST, Two (2) Views XXXX, XXXX at XXXX hours.",ae141b6cf6c7f61c45cac8fbe9284d4e94363ec4a3049fd27e83508a64d07baa,ae141b6cf6c7f61c45cac8fbe9284d4e94363ec4a3049fd27e83508a64d07baa,True,c75086dc162a4a39bf6b1c7fddbe1ba453a00fd6fc7b768ec3a7f095b534e347,c75086dc162a4a39bf6b1c7fddbe1ba453a00fd6fc7b768ec3a7f095b534e347,True
633,IU_633,external_data/IU-Xray/images/IU_633_frontal.jpg,external_data/IU-Xray/images/IU_633_frontal.jpg,True,269797,True,True,2051,2048,True,external_data/IU-Xray/images/IU_633_lateral.jpg,True,237609,True,True,2051,2048,train-00000-of-00005-c80629f6027d8eb1.parquet,train-00000-of-00005-c80629f6027d8eb1.parquet#row_group=6;row_in_shard=614;uid=633,Xray Chest PA and Lateral,e0130732b6f580ab84bf1b63cea6a6e4881eb7852cea14aadee63eaa817263a7,e0130732b6f580ab84bf1b63cea6a6e4881eb7852cea14aadee63eaa817263a7,True,e04c5ea4391998328a7429e691786d89f1ce8e3c176c431a1216c6232c1d90c4,e04c5ea4391998328a7429e691786d89f1ce8e3c176c431a1216c6232c1d90c4,True
645,IU_645,external_data/IU-Xray/images/IU_645_frontal.jpg,external_data/IU-Xray/images/IU_645_frontal.jpg,True,315804,True,True,2496,2048,True,external_data/IU-Xray/images/IU_645_lateral.jpg,True,294468,True,True,2048,2496,train-00000-of-00005-c80629f6027d8eb1.parquet,train-00000-of-00005-c80629f6027d8eb1.parquet#row_group=6;row_in_shard=626;uid=645,"PA and Lateral Chest. XXXX, XXXX XXXX XXXX . ",8de371e1bc7588dcf126dd3f019fbc3d315a3b76f03fa670d7f2d0da4e7dbde3,8de371e1bc7588dcf126dd3f019fbc3d315a3b76f03fa670d7f2d0da4e7dbde3,True,8b2e78c90f24bf15230a04446d6c8aaa70f626cb9ad59340d97044f7b2650859,8b2e78c90f24bf15230a04446d6c8aaa70f626cb9ad59340d97044f7b2650859,True
653,IU_653,external_data/IU-Xray/images/IU_653_frontal.jpg,external_data/IU-Xray/images/IU_653_frontal.jpg,True,283009,True,True,2048,2048,True,external_data/IU-Xray/images/IU_653_lateral.jpg,True,274330,True,True,2048,2048,train-00000-of-00005-c80629f6027d8eb1.parquet,train-00000-of-00005-c80629f6027d8eb1.parquet#row_group=6;row_in_shard=634;uid=653,"PA lateral chest x-XXXX, XXXX",6a9ff054f0b2030fe65741044eccc7bbd0368db3bd75293e10497577e2d47eb1,6a9ff054f0b2030fe65741044eccc7bbd0368db3bd75293e10497577e2d47eb1,True,b5e9ffc6aff09730359ce55a6d4fba24ebc71ceb80b2b4c684cecb476c98bfbf,b5e9ffc6aff09730359ce55a6d4fba24ebc71ceb80b2b4c684cecb476c98bfbf,True
655,IU_655,external_data/IU-Xray/images/IU_655_frontal.jpg,external_data/IU-Xray/images/IU_655_frontal.jpg,True,240501,True,True,2048,2048,True,external_data/IU-Xray/images/IU_655_lateral.jpg,True,199589,True,True,2048,2048,train-00000-of-00005-c80629f6027d8eb1.parquet,train-00000-of-00005-c80629f6027d8eb1.parquet#row_group=6;row_in_shard=636;uid=655,Xray Chest PA and Lateral,eb798d4ef1e686ff9c44ca1b59a10da91f2007b918ac0be3184a199929dc947c,eb798d4ef1e686ff9c44ca1b59a10da91f2007b918ac0be3184a199929dc947c,True,9795423dcb838875761fdf0b83f93a322d5dca3c422ddeca9eb642f29c0fcf92,9795423dcb838875761fdf0b83f93a322d5dca3c422ddeca9eb642f29c0fcf92,True
688,IU_688,external_data/IU-Xray/images/IU_688_frontal.jpg,external_data/IU-Xray/images/IU_688_frontal.jpg,True,201043,True,True,2048,2048,True,external_data/IU-Xray/images/IU_688_lateral.jpg,True,250401,True,True,2048,2048,train-00000-of-00005-c80629f6027d8eb1.parquet,train-00000-of-00005-c80629f6027d8eb1.parquet#row_group=6;row_in_shard=668;uid=688,Xray Chest PA and Lateral,e2a24da433feada1d1a43ee8e60d01703b907ef78e6488dcfd35e7d487e7fa79,e2a24da433feada1d1a43ee8e60d01703b907ef78e6488dcfd35e7d487e7fa79,True,1d33262bc32f685ce9c74714921d938ee50f6204864ac8558c87844cfdc0fcb5,1d33262bc32f685ce9c74714921d938ee50f6204864ac8558c87844cfdc0fcb5,True
702,IU_702,external_data/IU-Xray/images/IU_702_frontal.jpg,external_data/IU-Xray/images/IU_702_frontal.jpg,True,415456,True,True,2405,2048,True,,False,0,False,False,0,0,train-00000-of-00005-c80629f6027d8eb1.parquet,train-00000-of-00005-c80629f6027d8eb1.parquet#row_group=6;row_in_shard=682;uid=702,"PA and lateral chest x-XXXX dated XXXX, XXXX at XXXX p.m.. ",d4342dbaf8ef78279196134de916e5e489c0586700ad5761e27e536355abfeee,d4342dbaf8ef78279196134de916e5e489c0586700ad5761e27e536355abfeee,True,,,False
729,IU_729,external_data/IU-Xray/images/IU_729_frontal.jpg,external_data/IU-Xray/images/IU_729_frontal.jpg,True,305572,True,True,2496,2048,True,external_data/IU-Xray/images/IU_729_lateral.jpg,True,261881,True,True,2048,2496,train-00000-of-00005-c80629f6027d8eb1.parquet,train-00000-of-00005-c80629f6027d8eb1.parquet#row_group=7;row_in_shard=708;uid=729,"PA and lateral chest x-XXXX dated XXXX, XXXX at XXXX p.m.. ",ede87d80a8d25929bfbc87b53bc0e88de4c25e78d37dbb2a54cfee364413aac0,ede87d80a8d25929bfbc87b53bc0e88de4c25e78d37dbb2a54cfee364413aac0,True,b769e2e5942eac4f8d38d583981b8c22253e59afc02a770c3e8c7e1ec2f4120e,b769e2e5942eac4f8d38d583981b8c22253e59afc02a770c3e8c7e1ec2f4120e,True
753,IU_753,external_data/IU-Xray/images/IU_753_frontal.jpg,external_data/IU-Xray/images/IU_753_frontal.jpg,True,309700,True,True,2048,2048,True,external_data/IU-Xray/images/IU_753_lateral.jpg,True,217243,True,True,2048,2048,train-00000-of-00005-c80629f6027d8eb1.parquet,train-00000-of-00005-c80629f6027d8eb1.parquet#row_group=7;row_in_shard=732;uid=753,Xray Chest PA and Lateral,8eb35f77252f5413f111a3c426624cfc998b57748923768fc64ee74ac11c4ce7,8eb35f77252f5413f111a3c426624cfc998b57748923768fc64ee74ac11c4ce7,True,5a182af45fa0fe76234e9fb8788927d28d5dde34554da174ea2d09a399b01e1c,5a182af45fa0fe76234e9fb8788927d28d5dde34554da174ea2d09a399b01e1c,True
772,IU_772,external_data/IU-Xray/images/IU_772_frontal.jpg,external_data/IU-Xray/images/IU_772_frontal.jpg,True,425791,True,True,2474,2048,True,,False,0,False,False,0,0,train-00000-of-00005-c80629f6027d8eb1.parquet,train-00000-of-00005-c80629f6027d8eb1.parquet#row_group=7;row_in_shard=751;uid=772,Xray Chest PA and Lateral,4c14bd9a510097a1d2b2d29bef9d7d95e49f2ee1a1407f9650f18608c3c0a03f,4c14bd9a510097a1d2b2d29bef9d7d95e49f2ee1a1407f9650f18608c3c0a03f,True,,,False
782,IU_782,external_data/IU-Xray/images/IU_782_frontal.jpg,external_data/IU-Xray/images/IU_782_frontal.jpg,True,242234,True,True,2048,2048,True,external_data/IU-Xray/images/IU_782_lateral.jpg,True,193507,True,True,2048,2048,train-00000-of-00005-c80629f6027d8eb1.parquet,train-00000-of-00005-c80629f6027d8eb1.parquet#row_group=7;row_in_shard=760;uid=782,"CHEST, Two (2) Views XXXX, XXXX at XXXX hours.",314f5d6b13f5e0b394115a73d4fbb8dadeb3e0df01802c40ba6a08c95562a265,314f5d6b13f5e0b394115a73d4fbb8dadeb3e0df01802c40ba6a08c95562a265,True,2301719ea79ecd110a9ec7b45f57ed6a505d0e6c4891ef8f0bdb969b248a49b3,2301719ea79ecd110a9ec7b45f57ed6a505d0e6c4891ef8f0bdb969b248a49b3,True
783,IU_783,external_data/IU-Xray/images/IU_783_frontal.jpg,external_data/IU-Xray/images/IU_783_frontal.jpg,True,330375,True,True,2094,2048,True,external_data/IU-Xray/images/IU_783_lateral.jpg,True,303885,True,True,2048,2456,train-00000-of-00005-c80629f6027d8eb1.parquet,train-00000-of-00005-c80629f6027d8eb1.parquet#row_group=7;row_in_shard=761;uid=783,"PA and lateral chest XXXX, XXXX at XXXX hours.",8d6b5766d30e3d00b35f98c5c4e3d3bc97cc0e944ccaa2c4a295717e150aceb5,8d6b5766d30e3d00b35f98c5c4e3d3bc97cc0e944ccaa2c4a295717e150aceb5,True,50fadaa1f7dc86ce0dbe3c0c1091166543a5c0dd9c28e4e869f64d0e2f938512,50fadaa1f7dc86ce0dbe3c0c1091166543a5c0dd9c28e4e869f64d0e2f938512,True
784,IU_784,external_data/IU-Xray/images/IU_784_frontal.jpg,external_data/IU-Xray/images/IU_784_frontal.jpg,True,375026,True,True,2500,2048,True,external_data/IU-Xray/images/IU_784_lateral.jpg,True,252480,True,True,2048,2075,train-00000-of-00005-c80629f6027d8eb1.parquet,train-00000-of-00005-c80629f6027d8eb1.parquet#row_group=7;row_in_shard=762;uid=784,Xray Chest PA and Lateral,e30d5cbb6909048aecf09293b409a70f218c563a2b2eccffb0bbc979c88ed62f,e30d5cbb6909048aecf09293b409a70f218c563a2b2eccffb0bbc979c88ed62f,True,71405ca719cbff7921d377e11d179a6145c84c3eca6de48c7afced05eba78cc1,71405ca719cbff7921d377e11d179a6145c84c3eca6de48c7afced05eba78cc1,True
793,IU_793,external_data/IU-Xray/images/IU_793_frontal.jpg,external_data/IU-Xray/images/IU_793_frontal.jpg,True,313555,True,True,2048,2048,True,external_data/IU-Xray/images/IU_793_lateral.jpg,True,254276,True,True,2048,2297,train-00000-of-00005-c80629f6027d8eb1.parquet,train-00000-of-00005-c80629f6027d8eb1.parquet#row_group=7;row_in_shard=770;uid=793,Xray Chest PA and Lateral,7b4d63d404097583810f18adc67b543f3ddff5c5be26b8aba862a814c599d648,7b4d63d404097583810f18adc67b543f3ddff5c5be26b8aba862a814c599d648,True,a82c90d62bfff10b0b629a4f31358129b4b106fc2dafc561f2438ec372814d42,a82c90d62bfff10b0b629a4f31358129b4b106fc2dafc561f2438ec372814d42,True
803,IU_803,external_data/IU-Xray/images/IU_803_frontal.jpg,,False,0,False,False,0,0,False,external_data/IU-Xray/images/IU_803_lateral.jpg,True,252018,True,True,2048,2496,train-00001-of-00005-07e6c158a3f56170.parquet,train-00001-of-00005-07e6c158a3f56170.parquet#row_group=0;row_in_shard=9;uid=803,PA and lateral chest radiographs XXXX at XXXX hours. ,,,False,cce27d8cf56f21718f6b82b2c58a224957d44edf2d538779b19e8c740d348503,cce27d8cf56f21718f6b82b2c58a224957d44edf2d538779b19e8c740d348503,True
806,IU_806,external_data/IU-Xray/images/IU_806_frontal.jpg,external_data/IU-Xray/images/IU_806_frontal.jpg,True,417476,True,True,2474,2048,True,external_data/IU-Xray/images/IU_806_lateral.jpg,True,466547,True,True,2048,2474,train-00001-of-00005-07e6c158a3f56170.parquet,train-00001-of-00005-07e6c158a3f56170.parquet#row_group=0;row_in_shard=12;uid=806,Xray Chest PA and Lateral,b2f8ab69335c2eafce3c3ece67cc727616ce4c43d6fb3568d5d11b80c81985c1,b2f8ab69335c2eafce3c3ece67cc727616ce4c43d6fb3568d5d11b80c81985c1,True,8d8b400de6c6af3eec5d2dbc7c897d25cb70641998d3bb466fa5263363fd951c,8d8b400de6c6af3eec5d2dbc7c897d25cb70641998d3bb466fa5263363fd951c,True
814,IU_814,external_data/IU-Xray/images/IU_814_frontal.jpg,external_data/IU-Xray/images/IU_814_frontal.jpg,True,288992,True,True,2048,2048,True,external_data/IU-Xray/images/IU_814_lateral.jpg,True,247848,True,True,2048,2048,train-00001-of-00005-07e6c158a3f56170.parquet,train-00001-of-00005-07e6c158a3f56170.parquet#row_group=0;row_in_shard=19;uid=814,Xray Chest PA and Lateral,4fbbc5a81cf9e0b3af10efe98faae80b134a82d45448f06fe41fda5a1accdcca,4fbbc5a81cf9e0b3af10efe98faae80b134a82d45448f06fe41fda5a1accdcca,True,01679f1259bd8eaee78311e1f01e920bfbfba3f77b035e562d9d640192b72cf5,01679f1259bd8eaee78311e1f01e920bfbfba3f77b035e562d9d640192b72cf5,True
827,IU_827,external_data/IU-Xray/images/IU_827_frontal.jpg,external_data/IU-Xray/images/IU_827_frontal.jpg,True,406108,True,True,2472,2048,True,external_data/IU-Xray/images/IU_827_lateral.jpg,True,385083,True,True,2048,2786,train-00001-of-00005-07e6c158a3f56170.parquet,train-00001-of-00005-07e6c158a3f56170.parquet#row_group=0;row_in_shard=30;uid=827,CHEST 2V FRONTAL/LATERAL ,3a66681f47cf52c54552485f05dd0a52e747e14be83c9e301dfd600375e485a1,3a66681f47cf52c54552485f05dd0a52e747e14be83c9e301dfd600375e485a1,True,94853806c8d0cf6a0b85bdd2a13485f491d637960a483aa9982604189b848299,94853806c8d0cf6a0b85bdd2a13485f491d637960a483aa9982604189b848299,True
854,IU_854,external_data/IU-Xray/images/IU_854_frontal.jpg,external_data/IU-Xray/images/IU_854_frontal.jpg,True,278958,True,True,2048,2048,True,external_data/IU-Xray/images/IU_854_lateral.jpg,True,227853,True,True,2048,2048,train-00001-of-00005-07e6c158a3f56170.parquet,train-00001-of-00005-07e6c158a3f56170.parquet#row_group=0;row_in_shard=55;uid=854,Xray Chest PA and Lateral,3f01c3a63d2aece3d53b209ed3ac5747aadbf44245cc6b79adb4e5dadda961fa,3f01c3a63d2aece3d53b209ed3ac5747aadbf44245cc6b79adb4e5dadda961fa,True,0e8b646a8ef476fc82f740745cc1ce48689a8a456dd6c23deee9b472de41b1f7,0e8b646a8ef476fc82f740745cc1ce48689a8a456dd6c23deee9b472de41b1f7,True
871,IU_871,external_data/IU-Xray/images/IU_871_frontal.jpg,external_data/IU-Xray/images/IU_871_frontal.jpg,True,223676,True,True,2496,2048,True,external_data/IU-Xray/images/IU_871_lateral.jpg,True,287052,True,True,2048,2496,train-00001-of-00005-07e6c158a3f56170.parquet,train-00001-of-00005-07e6c158a3f56170.parquet#row_group=0;row_in_shard=72;uid=871,1. PA and lateral views of the chest. 2. AP pelvis with frogleg lateral views of the hips. ,89c52db2e31e50fb480cfddd0a7d4e5612f9abbb050102a1559e6b6cfa26990f,89c52db2e31e50fb480cfddd0a7d4e5612f9abbb050102a1559e6b6cfa26990f,True,f8ed83f7e08dc79c31c8af00174ea18ca5f33d7dc8a430d6fcd75b78d024432b,f8ed83f7e08dc79c31c8af00174ea18ca5f33d7dc8a430d6fcd75b78d024432b,True
885,IU_885,external_data/IU-Xray/images/IU_885_frontal.jpg,,False,0,False,False,0,0,False,external_data/IU-Xray/images/IU_885_lateral.jpg,True,256349,True,True,2048,2048,train-00001-of-00005-07e6c158a3f56170.parquet,train-00001-of-00005-07e6c158a3f56170.parquet#row_group=0;row_in_shard=84;uid=885,Xray Chest PA and Lateral,,,False,0143e2dfd39d598bfdbe90eddbee114abd6986e492de5c74872469ce55342fd5,0143e2dfd39d598bfdbe90eddbee114abd6986e492de5c74872469ce55342fd5,True
927,IU_927,external_data/IU-Xray/images/IU_927_frontal.jpg,external_data/IU-Xray/images/IU_927_frontal.jpg,True,233942,True,True,2051,2048,True,external_data/IU-Xray/images/IU_927_lateral.jpg,True,248051,True,True,2051,2048,train-00001-of-00005-07e6c158a3f56170.parquet,train-00001-of-00005-07e6c158a3f56170.parquet#row_group=1;row_in_shard=123;uid=927,Xray Chest PA and Lateral,f430e60e92ad0762a3c95968419b13c90b548ddccf736d11da56e347f83cd604,f430e60e92ad0762a3c95968419b13c90b548ddccf736d11da56e347f83cd604,True,d451f75a3c00010509750bfe8e9ffa1557e089473a00525a8b0768c9724814fc,d451f75a3c00010509750bfe8e9ffa1557e089473a00525a8b0768c9724814fc,True
936,IU_936,external_data/IU-Xray/images/IU_936_frontal.jpg,external_data/IU-Xray/images/IU_936_frontal.jpg,True,281936,True,True,2048,2048,True,,False,0,False,False,0,0,train-00001-of-00005-07e6c158a3f56170.parquet,train-00001-of-00005-07e6c158a3f56170.parquet#row_group=1;row_in_shard=132;uid=936,Xray Chest PA and Lateral,d976d5d16cbb6d830242fa6ff185bedfcd9868cb343925c3adb2072c6212b18a,d976d5d16cbb6d830242fa6ff185bedfcd9868cb343925c3adb2072c6212b18a,True,,,False
960,IU_960,external_data/IU-Xray/images/IU_960_frontal.jpg,external_data/IU-Xray/images/IU_960_frontal.jpg,True,409161,True,True,2494,2048,True,external_data/IU-Xray/images/IU_960_lateral.jpg,True,220389,True,True,2048,2048,train-00001-of-00005-07e6c158a3f56170.parquet,train-00001-of-00005-07e6c158a3f56170.parquet#row_group=1;row_in_shard=156;uid=960,Xray Chest PA and Lateral,bc7b90b50ed5ec2e0bc3ca6200ad8d6a00c45160948744895616be02870aabb8,bc7b90b50ed5ec2e0bc3ca6200ad8d6a00c45160948744895616be02870aabb8,True,b36119992e0728e2009750104b4bd46513a0fbd5c5d2fdac72cfc33af66dc977,b36119992e0728e2009750104b4bd46513a0fbd5c5d2fdac72cfc33af66dc977,True
963,IU_963,external_data/IU-Xray/images/IU_963_frontal.jpg,external_data/IU-Xray/images/IU_963_frontal.jpg,True,318589,True,True,2048,2048,True,external_data/IU-Xray/images/IU_963_lateral.jpg,True,230505,True,True,2048,2048,train-00001-of-00005-07e6c158a3f56170.parquet,train-00001-of-00005-07e6c158a3f56170.parquet#row_group=1;row_in_shard=159;uid=963,Xray Chest PA and Lateral,00d19766e6677a5b8684b1f519c282910a7ee519de00eaaae510d13e4931759c,00d19766e6677a5b8684b1f519c282910a7ee519de00eaaae510d13e4931759c,True,e7c366252e59fb64605f84f099bbe6c27034f35de3a7851b77fc390258bfe68d,e7c366252e59fb64605f84f099bbe6c27034f35de3a7851b77fc390258bfe68d,True
965,IU_965,external_data/IU-Xray/images/IU_965_frontal.jpg,external_data/IU-Xray/images/IU_965_frontal.jpg,True,296540,True,True,2048,2048,True,external_data/IU-Xray/images/IU_965_lateral.jpg,True,210208,True,True,2048,2048,train-00001-of-00005-07e6c158a3f56170.parquet,train-00001-of-00005-07e6c158a3f56170.parquet#row_group=1;row_in_shard=161;uid=965,Xray Chest PA and Lateral,a616ec5b05ed11246be8870bb85b6c042cab9ab393ba2a903eb58e7c6ca5e5fc,a616ec5b05ed11246be8870bb85b6c042cab9ab393ba2a903eb58e7c6ca5e5fc,True,c212b1249e6ac82a3a279996b9e9d7f1c6cd4ac5b69e85d304ab61b6a5b21e69,c212b1249e6ac82a3a279996b9e9d7f1c6cd4ac5b69e85d304ab61b6a5b21e69,True
975,IU_975,external_data/IU-Xray/images/IU_975_frontal.jpg,external_data/IU-Xray/images/IU_975_frontal.jpg,True,238812,True,True,2051,2048,True,external_data/IU-Xray/images/IU_975_lateral.jpg,True,213791,True,True,2051,2048,train-00001-of-00005-07e6c158a3f56170.parquet,train-00001-of-00005-07e6c158a3f56170.parquet#row_group=1;row_in_shard=171;uid=975,Xray Chest PA and Lateral,67da4aaa78f30858a156507e5420296a3a2c293a44cd99f6c7cfba43b501eae0,67da4aaa78f30858a156507e5420296a3a2c293a44cd99f6c7cfba43b501eae0,True,20d457017105d06ac9f03894d6834dccfc025c785feded528803c9b07eb579fe,20d457017105d06ac9f03894d6834dccfc025c785feded528803c9b07eb579fe,True
989,IU_989,external_data/IU-Xray/images/IU_989_frontal.jpg,external_data/IU-Xray/images/IU_989_frontal.jpg,True,234707,True,True,2048,2486,True,external_data/IU-Xray/images/IU_989_lateral.jpg,True,247153,True,True,2048,2486,train-00001-of-00005-07e6c158a3f56170.parquet,train-00001-of-00005-07e6c158a3f56170.parquet#row_group=1;row_in_shard=185;uid=989,"Chest, 2 views, frontal and lateral",624fcf5bd78e68c0ef8f13137ec074c90fedcc883b114b2292e4d4b326ca5cc2,624fcf5bd78e68c0ef8f13137ec074c90fedcc883b114b2292e4d4b326ca5cc2,True,4b1da02a6efd44a0ff50048ecbb4a56a1f3f05906f02fd4a934150f1e86bc143,4b1da02a6efd44a0ff50048ecbb4a56a1f3f05906f02fd4a934150f1e86bc143,True
991,IU_991,external_data/IU-Xray/images/IU_991_frontal.jpg,external_data/IU-Xray/images/IU_991_frontal.jpg,True,279837,True,True,2500,2048,True,external_data/IU-Xray/images/IU_991_lateral.jpg,True,256992,True,True,2048,2048,train-00001-of-00005-07e6c158a3f56170.parquet,train-00001-of-00005-07e6c158a3f56170.parquet#row_group=1;row_in_shard=187;uid=991,Xray Chest PA and Lateral,d18214748f977be9e0b1896d0e6d6185d75c86eb5a9e87cb0aae12235115425d,d18214748f977be9e0b1896d0e6d6185d75c86eb5a9e87cb0aae12235115425d,True,11499c98aee4ec92590c9600721c591f576591e18eda25fdaf7a3764d5f4b342,11499c98aee4ec92590c9600721c591f576591e18eda25fdaf7a3764d5f4b342,True
1001,IU_1001,external_data/IU-Xray/images/IU_1001_frontal.jpg,external_data/IU-Xray/images/IU_1001_frontal.jpg,True,325603,True,True,2160,2048,True,external_data/IU-Xray/images/IU_1001_lateral.jpg,True,211544,True,True,2048,2181,train-00001-of-00005-07e6c158a3f56170.parquet,train-00001-of-00005-07e6c158a3f56170.parquet#row_group=1;row_in_shard=197;uid=1001,"CHEST 2V FRONTAL/LATERAL XXXX, XXXX XXXX PM",95985eead67f792180f1a62e3423652df31340573f6ae682adb8b493f3da4dfa,95985eead67f792180f1a62e3423652df31340573f6ae682adb8b493f3da4dfa,True,1bb8b85cb9992ccf6120086e66dce05e36dbc62309426da45b32e21457f263d5,1bb8b85cb9992ccf6120086e66dce05e36dbc62309426da45b32e21457f263d5,True
1008,IU_1008,external_data/IU-Xray/images/IU_1008_frontal.jpg,external_data/IU-Xray/images/IU_1008_frontal.jpg,True,481463,True,True,2494,2048,True,external_data/IU-Xray/images/IU_1008_lateral.jpg,True,259324,True,True,2048,2048,train-00001-of-00005-07e6c158a3f56170.parquet,train-00001-of-00005-07e6c158a3f56170.parquet#row_group=2;row_in_shard=204;uid=1008,Xray Chest PA and Lateral,93648d8f505ffeecb52609e35d625c2940a08d75ca02ebd3f229cb32b660b16c,93648d8f505ffeecb52609e35d625c2940a08d75ca02ebd3f229cb32b660b16c,True,43a7263c39d0b1dd1b5771265e6e0012c8a5523090abd83f93f9d6357b01ae2f,43a7263c39d0b1dd1b5771265e6e0012c8a5523090abd83f93f9d6357b01ae2f,True
1025,IU_1025,external_data/IU-Xray/images/IU_1025_frontal.jpg,external_data/IU-Xray/images/IU_1025_frontal.jpg,True,218938,True,True,2048,2048,True,external_data/IU-Xray/images/IU_1025_lateral.jpg,True,211446,True,True,2048,2048,train-00001-of-00005-07e6c158a3f56170.parquet,train-00001-of-00005-07e6c158a3f56170.parquet#row_group=2;row_in_shard=221;uid=1025,"Radiographs of the chest, 2 views, dated XXXX, XXXX, at XXXX hours.",0990e2219ef3131f0995b21efa62e42cff5399a767ce24081ede268385a55cd5,0990e2219ef3131f0995b21efa62e42cff5399a767ce24081ede268385a55cd5,True,e20808f5afb2ac547cd91d65ee18f421f1db0e21bacbaa71d7acaf60e6964ba3,e20808f5afb2ac547cd91d65ee18f421f1db0e21bacbaa71d7acaf60e6964ba3,True
1034,IU_1034,external_data/IU-Xray/images/IU_1034_frontal.jpg,external_data/IU-Xray/images/IU_1034_frontal.jpg,True,376139,True,True,2048,2179,True,external_data/IU-Xray/images/IU_1034_lateral.jpg,True,437283,True,True,2048,2615,train-00001-of-00005-07e6c158a3f56170.parquet,train-00001-of-00005-07e6c158a3f56170.parquet#row_group=2;row_in_shard=230;uid=1034,"CHEST 2V FRONTAL/LATERAL XXXX, XXXX XXXX PM ",3090bf4db21928fd1bfc281e03f3c382458de284543b587f3aa76d7d34472f0c,3090bf4db21928fd1bfc281e03f3c382458de284543b587f3aa76d7d34472f0c,True,29d4c27d8eaf1e2808853c864a93e583450146fdc7f7f78e9bc7644420ff4b88,29d4c27d8eaf1e2808853c864a93e583450146fdc7f7f78e9bc7644420ff4b88,True
1059,IU_1059,external_data/IU-Xray/images/IU_1059_frontal.jpg,external_data/IU-Xray/images/IU_1059_frontal.jpg,True,299366,True,True,2496,2048,True,,False,0,False,False,0,0,train-00001-of-00005-07e6c158a3f56170.parquet,train-00001-of-00005-07e6c158a3f56170.parquet#row_group=2;row_in_shard=255;uid=1059,Frontal and lateral chest on XXXX XXXX. ,548f08b52347e4879aebbefb28fbe3a70b70c0c4b72969d1a9f75551d1ed48be,548f08b52347e4879aebbefb28fbe3a70b70c0c4b72969d1a9f75551d1ed48be,True,,,False
1097,IU_1097,external_data/IU-Xray/images/IU_1097_frontal.jpg,external_data/IU-Xray/images/IU_1097_frontal.jpg,True,340288,True,True,2048,2243,True,external_data/IU-Xray/images/IU_1097_lateral.jpg,True,292799,True,True,2048,2575,train-00001-of-00005-07e6c158a3f56170.parquet,train-00001-of-00005-07e6c158a3f56170.parquet#row_group=2;row_in_shard=291;uid=1097,Xray Chest PA and Lateral,7ba1cd4501ca287c2132627e1275e3a7a4e3c502216c53711e1bd492c24a81bd,7ba1cd4501ca287c2132627e1275e3a7a4e3c502216c53711e1bd492c24a81bd,True,fe51f39c6ff971faeaaee2119d371e237c54b0003cc970ae2e056a1e9460758e,fe51f39c6ff971faeaaee2119d371e237c54b0003cc970ae2e056a1e9460758e,True
1114,IU_1114,external_data/IU-Xray/images/IU_1114_frontal.jpg,external_data/IU-Xray/images/IU_1114_frontal.jpg,True,306491,True,True,2496,2048,True,external_data/IU-Xray/images/IU_1114_lateral.jpg,True,272664,True,True,2048,2496,train-00001-of-00005-07e6c158a3f56170.parquet,train-00001-of-00005-07e6c158a3f56170.parquet#row_group=3;row_in_shard=308;uid=1114,CHEST 2V FRONTAL/LATERAL ,d879dbea10b89eb3d48adc6ffa714a68dc59548f3b47b63441221af5c2204f6c,d879dbea10b89eb3d48adc6ffa714a68dc59548f3b47b63441221af5c2204f6c,True,61cc35de6ea0842c10bf53547a8735400c8b6c971801388ed92fcf52d3e6ba1e,61cc35de6ea0842c10bf53547a8735400c8b6c971801388ed92fcf52d3e6ba1e,True
1165,IU_1165,external_data/IU-Xray/images/IU_1165_frontal.jpg,external_data/IU-Xray/images/IU_1165_frontal.jpg,True,261088,True,True,2048,2087,True,,False,0,False,False,0,0,train-00001-of-00005-07e6c158a3f56170.parquet,train-00001-of-00005-07e6c158a3f56170.parquet#row_group=3;row_in_shard=357;uid=1165,Xray Chest PA and Lateral,b396b60c44898a9474a456a399cf5d7b6e6509095613f7a7d293df3fe7b2aae5,b396b60c44898a9474a456a399cf5d7b6e6509095613f7a7d293df3fe7b2aae5,True,,,False
1172,IU_1172,external_data/IU-Xray/images/IU_1172_frontal.jpg,external_data/IU-Xray/images/IU_1172_frontal.jpg,True,331645,True,True,2135,2048,True,,False,0,False,False,0,0,train-00001-of-00005-07e6c158a3f56170.parquet,train-00001-of-00005-07e6c158a3f56170.parquet#row_group=3;row_in_shard=364;uid=1172,"PA and lateral views of the chest dated XXXX, XXXX.",cb83576bd879ba398d07a960e3aaeeb6a2c2023a1c4271bdbd8d10f3452fe6df,cb83576bd879ba398d07a960e3aaeeb6a2c2023a1c4271bdbd8d10f3452fe6df,True,,,False
1173,IU_1173,external_data/IU-Xray/images/IU_1173_frontal.jpg,external_data/IU-Xray/images/IU_1173_frontal.jpg,True,301728,True,True,2048,2496,True,external_data/IU-Xray/images/IU_1173_lateral.jpg,True,281801,True,True,2048,2250,train-00001-of-00005-07e6c158a3f56170.parquet,train-00001-of-00005-07e6c158a3f56170.parquet#row_group=3;row_in_shard=365;uid=1173,"PA and Lateral Chest: XXXX, XXXX at XXXX a.m.",968a0d286e17166289c2bd818ff8d8646a1bf456a509079220d814442648d2d1,968a0d286e17166289c2bd818ff8d8646a1bf456a509079220d814442648d2d1,True,cb358f9933b928c31eb114511efc2a6cacf4592195cffd248ce47a66395ce1cc,cb358f9933b928c31eb114511efc2a6cacf4592195cffd248ce47a66395ce1cc,True
1205,IU_1205,external_data/IU-Xray/images/IU_1205_frontal.jpg,external_data/IU-Xray/images/IU_1205_frontal.jpg,True,503367,True,True,2376,2048,True,external_data/IU-Xray/images/IU_1205_lateral.jpg,True,248658,True,True,2062,2048,train-00001-of-00005-07e6c158a3f56170.parquet,train-00001-of-00005-07e6c158a3f56170.parquet#row_group=3;row_in_shard=393;uid=1205,"Chest radiographs, 2 images. ",45025a6a506004bfc06858d9a486362fd88ae15ea861c1efc42cb12a86d2e116,45025a6a506004bfc06858d9a486362fd88ae15ea861c1efc42cb12a86d2e116,True,0cc6fd07906e985f134360e2e3bcfc4d0b5eea4f4089334c8a0f9a968c9ab8c8,0cc6fd07906e985f134360e2e3bcfc4d0b5eea4f4089334c8a0f9a968c9ab8c8,True
