sample_id,condition,baseline_report_length_chars,gated_report_length_chars,delta_report_length_chars,baseline_claim_count,gated_claim_count,delta_claim_count,baseline_claim_count_per_report,gated_claim_count_per_report,delta_claim_count_per_report,baseline_has_supported_claim,gated_has_supported_claim,change_type_supported,baseline_has_omission,gated_has_omission,change_type_omission,baseline_has_extra_negation,gated_has_extra_negation,change_type_extra_negation,baseline_has_ungrounded_affirmation,gated_has_ungrounded_affirmation,change_type_ungrounded_affirmation,baseline_has_unsupported_affirmation,gated_has_unsupported_affirmation,change_type_unsupported_affirmation,baseline_has_contradiction,gated_has_contradiction,change_type_contradiction,baseline_has_unclear_claim,gated_has_unclear_claim,change_type_unclear
IU_1,sufficient,298,298,0,3,3,0,3.0,3.0,0.0,True,True,both_yes,True,True,both_yes,False,False,both_no,False,False,both_no,False,False,both_no,False,False,both_no,False,False,both_no
IU_1,irrelevant,305,251,-54,3,4,1,3.0,4.0,1.0,True,True,both_yes,True,False,baseline_only,False,False,both_no,False,False,both_no,False,False,both_no,False,False,both_no,False,False,both_no
IU_1,conflicting,373,419,46,2,2,0,2.0,2.0,0.0,True,True,both_yes,True,True,both_yes,False,False,both_no,False,False,both_no,False,False,both_no,False,False,both_no,False,False,both_no
IU_1,insufficient,251,292,41,4,4,0,4.0,4.0,0.0,True,True,both_yes,False,False,both_no,False,False,both_no,False,False,both_no,False,False,both_no,False,False,both_no,False,False,both_no
IU_2,sufficient,305,305,0,3,3,0,3.0,3.0,0.0,False,False,both_no,True,True,both_yes,True,True,both_yes,False,False,both_no,False,False,both_no,False,False,both_no,False,False,both_no
IU_2,irrelevant,327,251,-76,2,4,2,2.0,4.0,2.0,False,False,both_no,True,True,both_yes,True,True,both_yes,False,False,both_no,False,False,both_no,False,False,both_no,False,False,both_no
IU_2,conflicting,392,438,46,3,3,0,3.0,3.0,0.0,False,False,both_no,True,True,both_yes,True,True,both_yes,False,False,both_no,False,False,both_no,False,False,both_no,False,False,both_no
IU_2,insufficient,251,292,41,4,4,0,4.0,4.0,0.0,False,False,both_no,True,True,both_yes,True,True,both_yes,False,False,both_no,False,False,both_no,False,False,both_no,False,False,both_no
IU_4,sufficient,299,299,0,2,2,0,2.0,2.0,0.0,True,True,both_yes,True,True,both_yes,False,False,both_no,False,False,both_no,False,False,both_no,False,False,both_no,False,False,both_no
IU_4,irrelevant,365,252,-113,4,4,0,4.0,4.0,0.0,True,True,both_yes,True,True,both_yes,False,True,gated_only,True,False,baseline_only,False,False,both_no,False,False,both_no,False,False,both_no
IU_4,insufficient,252,293,41,4,4,0,4.0,4.0,0.0,True,True,both_yes,True,True,both_yes,True,True,both_yes,False,False,both_no,False,False,both_no,False,False,both_no,False,False,both_no
IU_5,sufficient,335,335,0,2,2,0,2.0,2.0,0.0,True,True,both_yes,True,True,both_yes,False,False,both_no,False,False,both_no,False,False,both_no,False,False,both_no,False,False,both_no
IU_5,incomplete,338,338,0,2,2,0,2.0,2.0,0.0,True,True,both_yes,True,True,both_yes,False,False,both_no,False,False,both_no,False,False,both_no,False,False,both_no,False,False,both_no
IU_5,irrelevant,330,251,-79,2,4,2,2.0,4.0,2.0,True,True,both_yes,True,True,both_yes,False,True,gated_only,False,False,both_no,False,False,both_no,False,False,both_no,False,False,both_no
IU_5,conflicting,327,373,46,2,2,0,2.0,2.0,0.0,True,True,both_yes,True,True,both_yes,False,False,both_no,False,False,both_no,False,False,both_no,False,False,both_no,False,False,both_no
IU_5,insufficient,251,292,41,4,4,0,4.0,4.0,0.0,True,True,both_yes,True,True,both_yes,True,True,both_yes,False,False,both_no,False,False,both_no,False,False,both_no,False,False,both_no
IU_6,sufficient,286,286,0,2,2,0,2.0,2.0,0.0,True,True,both_yes,True,True,both_yes,False,False,both_no,False,False,both_no,False,False,both_no,False,False,both_no,False,False,both_no
IU_6,irrelevant,302,251,-51,3,4,1,3.0,4.0,1.0,True,True,both_yes,True,True,both_yes,False,True,gated_only,False,False,both_no,False,False,both_no,False,False,both_no,False,False,both_no
IU_6,conflicting,318,364,46,2,2,0,2.0,2.0,0.0,True,True,both_yes,True,True,both_yes,False,False,both_no,False,False,both_no,False,False,both_no,False,False,both_no,False,False,both_no
IU_6,insufficient,251,292,41,4,4,0,4.0,4.0,0.0,True,True,both_yes,True,True,both_yes,True,True,both_yes,False,False,both_no,False,False,both_no,False,False,both_no,False,False,both_no
IU_7,sufficient,326,326,0,3,3,0,3.0,3.0,0.0,True,True,both_yes,True,True,both_yes,True,True,both_yes,False,False,both_no,False,False,both_no,False,False,both_no,False,False,both_no
IU_7,irrelevant,381,251,-130,2,4,2,2.0,4.0,2.0,True,True,both_yes,True,True,both_yes,True,True,both_yes,False,False,both_no,False,False,both_no,False,False,both_no,False,False,both_no
IU_7,conflicting,306,352,46,4,4,0,4.0,4.0,0.0,True,True,both_yes,True,True,both_yes,True,True,both_yes,False,False,both_no,False,False,both_no,False,False,both_no,False,False,both_no
IU_7,insufficient,251,292,41,4,4,0,4.0,4.0,0.0,True,True,both_yes,True,True,both_yes,True,True,both_yes,False,False,both_no,False,False,both_no,False,False,both_no,False,False,both_no
IU_8,sufficient,377,377,0,2,2,0,2.0,2.0,0.0,True,True,both_yes,True,True,both_yes,False,False,both_no,False,False,both_no,False,False,both_no,False,False,both_no,False,False,both_no
IU_8,incomplete,307,307,0,4,4,0,4.0,4.0,0.0,True,True,both_yes,True,True,both_yes,True,True,both_yes,False,False,both_no,False,False,both_no,False,False,both_no,False,False,both_no
IU_8,irrelevant,341,239,-102,3,4,1,3.0,4.0,1.0,True,True,both_yes,True,True,both_yes,True,True,both_yes,False,False,both_no,False,False,both_no,False,False,both_no,False,False,both_no
IU_8,conflicting,314,360,46,2,2,0,2.0,2.0,0.0,True,True,both_yes,True,True,both_yes,False,False,both_no,False,False,both_no,False,False,both_no,False,False,both_no,False,False,both_no
IU_8,insufficient,239,280,41,4,4,0,4.0,4.0,0.0,True,True,both_yes,True,True,both_yes,True,True,both_yes,False,False,both_no,False,False,both_no,False,False,both_no,False,False,both_no
IU_9,sufficient,337,337,0,3,3,0,3.0,3.0,0.0,True,True,both_yes,True,True,both_yes,False,False,both_no,False,False,both_no,False,False,both_no,False,False,both_no,False,False,both_no
IU_9,incomplete,358,358,0,3,3,0,3.0,3.0,0.0,True,True,both_yes,True,True,both_yes,False,False,both_no,False,False,both_no,False,False,both_no,False,False,both_no,False,False,both_no
IU_9,irrelevant,318,251,-67,2,4,2,2.0,4.0,2.0,True,True,both_yes,True,True,both_yes,False,True,gated_only,False,False,both_no,False,False,both_no,False,False,both_no,False,False,both_no
IU_9,insufficient,251,292,41,4,4,0,4.0,4.0,0.0,True,True,both_yes,True,True,both_yes,True,True,both_yes,False,False,both_no,False,False,both_no,False,False,both_no,False,False,both_no
IU_10,sufficient,289,289,0,2,2,0,2.0,2.0,0.0,True,True,both_yes,True,True,both_yes,False,False,both_no,False,False,both_no,False,False,both_no,False,False,both_no,False,False,both_no
IU_10,incomplete,295,295,0,2,2,0,2.0,2.0,0.0,True,True,both_yes,True,True,both_yes,False,False,both_no,False,False,both_no,False,False,both_no,False,False,both_no,False,False,both_no
IU_10,irrelevant,317,251,-66,3,4,1,3.0,4.0,1.0,True,True,both_yes,True,True,both_yes,True,True,both_yes,False,False,both_no,False,False,both_no,False,False,both_no,False,False,both_no
IU_10,conflicting,327,373,46,2,2,0,2.0,2.0,0.0,True,True,both_yes,True,True,both_yes,False,False,both_no,False,False,both_no,False,False,both_no,False,False,both_no,False,False,both_no
IU_10,insufficient,251,292,41,4,4,0,4.0,4.0,0.0,True,True,both_yes,True,True,both_yes,True,True,both_yes,False,False,both_no,False,False,both_no,False,False,both_no,False,False,both_no
IU_11,sufficient,310,310,0,4,4,0,4.0,4.0,0.0,True,True,both_yes,False,False,both_no,True,True,both_yes,False,False,both_no,False,False,both_no,False,False,both_no,False,False,both_no
IU_11,incomplete,303,303,0,3,3,0,3.0,3.0,0.0,True,True,both_yes,False,False,both_no,True,True,both_yes,False,False,both_no,False,False,both_no,False,False,both_no,False,False,both_no
IU_11,irrelevant,304,239,-65,2,4,2,2.0,4.0,2.0,True,True,both_yes,False,False,both_no,False,True,gated_only,False,False,both_no,False,False,both_no,False,False,both_no,False,False,both_no
IU_11,conflicting,327,373,46,2,2,0,2.0,2.0,0.0,True,True,both_yes,False,False,both_no,False,False,both_no,False,False,both_no,False,False,both_no,False,False,both_no,False,False,both_no
IU_11,insufficient,239,280,41,4,4,0,4.0,4.0,0.0,True,True,both_yes,False,False,both_no,True,True,both_yes,False,False,both_no,False,False,both_no,False,False,both_no,False,False,both_no
IU_12,irrelevant,387,251,-136,3,4,1,3.0,4.0,1.0,True,True,both_yes,False,False,both_no,True,True,both_yes,False,False,both_no,False,False,both_no,False,False,both_no,False,False,both_no
IU_12,insufficient,251,292,41,4,4,0,4.0,4.0,0.0,True,True,both_yes,False,False,both_no,True,True,both_yes,False,False,both_no,False,False,both_no,False,False,both_no,False,False,both_no
IU_13,irrelevant,290,251,-39,2,4,2,2.0,4.0,2.0,True,True,both_yes,True,True,both_yes,False,True,gated_only,False,False,both_no,False,False,both_no,False,False,both_no,False,False,both_no
IU_13,insufficient,251,292,41,4,4,0,4.0,4.0,0.0,True,True,both_yes,True,True,both_yes,True,True,both_yes,False,False,both_no,False,False,both_no,False,False,both_no,False,False,both_no
IU_14,sufficient,302,302,0,2,2,0,2.0,2.0,0.0,True,True,both_yes,True,True,both_yes,True,True,both_yes,False,False,both_no,False,False,both_no,False,False,both_no,False,False,both_no
IU_14,incomplete,309,309,0,2,2,0,2.0,2.0,0.0,True,True,both_yes,True,True,both_yes,True,True,both_yes,False,False,both_no,False,False,both_no,False,False,both_no,False,False,both_no
IU_14,irrelevant,258,239,-19,2,4,2,2.0,4.0,2.0,True,True,both_yes,True,True,both_yes,True,True,both_yes,False,False,both_no,False,False,both_no,False,False,both_no,False,False,both_no
IU_14,conflicting,301,347,46,4,4,0,4.0,4.0,0.0,True,True,both_yes,True,True,both_yes,True,True,both_yes,False,False,both_no,False,False,both_no,False,False,both_no,False,False,both_no
IU_14,insufficient,239,280,41,4,4,0,4.0,4.0,0.0,True,True,both_yes,True,True,both_yes,True,True,both_yes,False,False,both_no,False,False,both_no,False,False,both_no,False,False,both_no
IU_15,irrelevant,268,292,24,2,4,2,2.0,4.0,2.0,True,True,both_yes,True,True,both_yes,False,True,gated_only,False,False,both_no,False,False,both_no,False,False,both_no,False,False,both_no
IU_15,insufficient,292,333,41,4,4,0,4.0,4.0,0.0,True,True,both_yes,True,True,both_yes,True,True,both_yes,False,False,both_no,False,False,both_no,False,False,both_no,False,False,both_no
IU_17,sufficient,320,320,0,2,2,0,2.0,2.0,0.0,True,True,both_yes,True,True,both_yes,False,False,both_no,False,False,both_no,False,False,both_no,False,False,both_no,False,False,both_no
IU_17,incomplete,285,285,0,4,4,0,4.0,4.0,0.0,True,True,both_yes,True,True,both_yes,True,True,both_yes,False,False,both_no,False,False,both_no,False,False,both_no,False,False,both_no
IU_17,irrelevant,275,251,-24,2,4,2,2.0,4.0,2.0,True,True,both_yes,True,True,both_yes,False,True,gated_only,False,False,both_no,False,False,both_no,False,False,both_no,False,False,both_no
IU_17,conflicting,327,373,46,2,2,0,2.0,2.0,0.0,True,True,both_yes,True,True,both_yes,False,False,both_no,False,False,both_no,False,False,both_no,False,False,both_no,False,False,both_no
IU_17,insufficient,251,292,41,4,4,0,4.0,4.0,0.0,True,True,both_yes,True,True,both_yes,True,True,both_yes,False,False,both_no,False,False,both_no,False,False,both_no,False,False,both_no
IU_18,sufficient,275,275,0,2,2,0,2.0,2.0,0.0,True,True,both_yes,True,True,both_yes,False,False,both_no,False,False,both_no,False,False,both_no,False,False,both_no,False,False,both_no
IU_18,incomplete,278,278,0,4,4,0,4.0,4.0,0.0,True,True,both_yes,False,False,both_no,False,False,both_no,False,False,both_no,False,False,both_no,False,False,both_no,False,False,both_no
IU_18,irrelevant,329,251,-78,3,4,1,3.0,4.0,1.0,True,True,both_yes,True,False,baseline_only,False,False,both_no,False,False,both_no,False,False,both_no,False,False,both_no,False,False,both_no
IU_18,conflicting,301,347,46,4,4,0,4.0,4.0,0.0,True,True,both_yes,False,False,both_no,False,False,both_no,False,False,both_no,False,False,both_no,False,False,both_no,False,False,both_no
IU_18,insufficient,251,292,41,4,4,0,4.0,4.0,0.0,True,True,both_yes,False,False,both_no,False,False,both_no,False,False,both_no,False,False,both_no,False,False,both_no,False,False,both_no
IU_19,sufficient,410,410,0,3,3,0,3.0,3.0,0.0,True,True,both_yes,True,True,both_yes,True,True,both_yes,False,False,both_no,False,False,both_no,False,False,both_no,False,False,both_no
IU_19,irrelevant,331,241,-90,0,3,3,0.0,3.0,3.0,False,True,gated_only,True,True,both_yes,False,True,gated_only,False,False,both_no,False,False,both_no,False,False,both_no,False,False,both_no
IU_19,conflicting,327,373,46,2,2,0,2.0,2.0,0.0,True,True,both_yes,True,True,both_yes,False,False,both_no,False,False,both_no,False,False,both_no,False,False,both_no,False,False,both_no
IU_19,insufficient,241,282,41,3,3,0,3.0,3.0,0.0,True,True,both_yes,True,True,both_yes,True,True,both_yes,False,False,both_no,False,False,both_no,False,False,both_no,False,False,both_no
IU_20,sufficient,402,402,0,3,3,0,3.0,3.0,0.0,True,True,both_yes,True,True,both_yes,True,True,both_yes,False,False,both_no,False,False,both_no,False,False,both_no,False,False,both_no
IU_20,irrelevant,346,251,-95,2,4,2,2.0,4.0,2.0,True,True,both_yes,True,True,both_yes,False,True,gated_only,False,False,both_no,False,False,both_no,False,False,both_no,False,False,both_no
IU_20,conflicting,296,342,46,3,3,0,3.0,3.0,0.0,True,True,both_yes,True,True,both_yes,True,True,both_yes,False,False,both_no,False,False,both_no,False,False,both_no,False,False,both_no
IU_20,insufficient,251,292,41,4,4,0,4.0,4.0,0.0,True,True,both_yes,True,True,both_yes,True,True,both_yes,False,False,both_no,False,False,both_no,False,False,both_no,False,False,both_no
IU_22,sufficient,268,268,0,2,2,0,2.0,2.0,0.0,True,True,both_yes,True,True,both_yes,False,False,both_no,False,False,both_no,False,False,both_no,False,False,both_no,False,False,both_no
IU_22,irrelevant,331,294,-37,3,3,0,3.0,3.0,0.0,True,True,both_yes,True,True,both_yes,True,True,both_yes,False,False,both_no,False,False,both_no,False,False,both_no,False,False,both_no
IU_22,conflicting,296,342,46,3,3,0,3.0,3.0,0.0,True,True,both_yes,True,True,both_yes,True,True,both_yes,False,False,both_no,False,False,both_no,False,False,both_no,False,False,both_no
IU_22,insufficient,294,335,41,3,3,0,3.0,3.0,0.0,True,True,both_yes,True,True,both_yes,True,True,both_yes,False,False,both_no,False,False,both_no,False,False,both_no,False,False,both_no
IU_23,sufficient,348,348,0,3,3,0,3.0,3.0,0.0,True,True,both_yes,True,True,both_yes,True,True,both_yes,False,False,both_no,False,False,both_no,False,False,both_no,False,False,both_no
IU_23,incomplete,299,299,0,3,3,0,3.0,3.0,0.0,True,True,both_yes,True,True,both_yes,True,True,both_yes,False,False,both_no,False,False,both_no,False,False,both_no,False,False,both_no
IU_23,irrelevant,298,251,-47,3,4,1,3.0,4.0,1.0,True,True,both_yes,True,True,both_yes,True,True,both_yes,False,False,both_no,False,False,both_no,False,False,both_no,False,False,both_no
IU_23,conflicting,308,354,46,2,2,0,2.0,2.0,0.0,True,True,both_yes,True,True,both_yes,False,False,both_no,False,False,both_no,False,False,both_no,False,False,both_no,False,False,both_no
IU_23,insufficient,251,292,41,4,4,0,4.0,4.0,0.0,True,True,both_yes,True,True,both_yes,True,True,both_yes,False,False,both_no,False,False,both_no,False,False,both_no,False,False,both_no
