pattern,scope,condition,record_count,description,selected_cases
normal generation preservation,condition,sufficient,96,"Reports unchanged in 96/96 cases; unsupported labels 20 baseline / 20 gated, retained where present.","Q13, Q14, Q15"
syntactically incomplete context,condition,syntactic_incomplete,96,Analyzer state distribution {'incomplete': 96}; reports changed in 96/96. Unsupported labels 16→21; omission labels 152→124. Text change does not imply claim-risk reduction.,"Q16, Q17, Q18"
evidentiary-incomplete analyzer limitation,condition,evidentiary_incomplete,96,All 96 analyzer states were sufficient; gate action was generate; reports unchanged in 96/96. Removed-evidence records therefore received no gate intervention; unsupported labels remain 21→21.,"Q04, Q05, Q06"
irrelevant context handling,condition,irrelevant,96,Discount-context action changed reports in 96/96. Unsupported labels were 19 baseline and 21 gated; this cohort-level count does not support calling the action successful suppression.,"Q10, Q11, Q12"
conflicting context handling,condition,conflicting,96,Reports changed in 96/96 under qualification action. Unsupported labels 23→23; conflicting content was not removed in cases where Phase 19 continued to label contradictions.,"Q01, Q02, Q03"
insufficient evidence abstention,condition,insufficient,96,Abstain action applied in 96/96; report text changed to the abstention output. Unsupported labels 21→0; gated candidates are not conventional generated reports.,"Q07, Q08, Q09"
unchanged outputs,all eligible,sufficient + evidentiary_incomplete,192,"The unchanged-output pool consists of sufficient and evidentiary_incomplete cases; the latter reflects analyzer classification as sufficient, not harmless evidence removal.","Q13, Q14, Q15; Q04, Q05, Q06"
report changed without claim-label transition,all eligible,conflicting,96,Conflicting reports can change by adding qualification while Phase 19 claim labels remain the same; a textual change alone is not evidence that the conflict was resolved.,"Q01, Q02, Q03"
unsupported-claim labels by condition,all eligible,all six conditions,576,Phase 19 unsupported-label counts by condition (baseline→gated): sufficient: 20→20; syntactic_incomplete: 16→21; evidentiary_incomplete: 21→21; irrelevant: 19→21; conflicting: 23→23; insufficient: 21→0. These associations do not establish that context caused a particular claim.,"Q13, Q14, Q15; Q16, Q17, Q18; Q04, Q05, Q06; Q10, Q11, Q12; Q01, Q02, Q03; Q07, Q08, Q09"
irrelevant-context claim transitions,condition,irrelevant,96,"Discount-context reports changed for all 96 records. At least one unsupported finding was removed in 2 records and added in 4; aggregate unsupported labels rose from 19 to 21, so the pattern is mixed and is not summarized as a successful overall reduction.","Q10, Q11, Q12"
text changes without positive delta on either metric,selected conditions,syntactic_incomplete + irrelevant + conflicting,165,Count of records with changed report text and non-positive paired delta on both existing Phase 20 metrics. This is descriptive; unchanged overlap scores do not establish clinical harm or benefit.,"Q16, Q17, Q18; Q10, Q11, Q12; Q01, Q02, Q03"
