category_type,category,N,covered,abstained,coverage,baseline_radgraph_f1,gated_radgraph_f1,baseline_chexpert_f1,gated_chexpert_f1
analyzer_state,sufficient,192,192,0,1.0,0.1947208333333333,0.1947208333333333,0.1924625,0.1924625
analyzer_state,incomplete,96,96,0,1.0,0.2053125,0.2038968749999999,0.1871541666666666,0.2106666666666666
analyzer_state,irrelevant,96,96,0,1.0,0.1846635416666666,0.2039385416666666,0.2024333333333333,0.2106666666666666
analyzer_state,conflicting,96,96,0,1.0,0.1982343749999999,0.1992854166666666,0.178128125,0.178128125
analyzer_state,insufficient,96,0,96,0.0,0.2039385416666666,0.0,0.2106666666666666,0.1666666666666666
gate_action,generate,192,192,0,1.0,0.1947208333333333,0.1947208333333333,0.1924625,0.1924625
gate_action,qualify,96,96,0,1.0,0.2053125,0.2038968749999999,0.1871541666666666,0.2106666666666666
gate_action,discount_context,96,96,0,1.0,0.1846635416666666,0.2039385416666666,0.2024333333333333,0.2106666666666666
gate_action,qualify_or_abstain,96,96,0,1.0,0.1982343749999999,0.1992854166666666,0.178128125,0.178128125
gate_action,abstain,96,0,96,0.0,0.2039385416666666,0.0,0.2106666666666666,0.1666666666666666
