sample_id,condition,transformation_type,image_path,perturbed_context,reference_findings,reference_impression,context_complete,predicted_state,gate_action,gate_reason,source_baseline_condition,baseline_report,gated_report,was_model_inference_run,baseline_report_length,gated_report_length,baseline_claim_count,gated_claim_count
IU_1,sufficient,none,data\processed\iu_xray\images\IU_1_frontal.jpg,Positive TB test,The cardiac silhouette and mediastinum size are within normal limits. There is no pulmonary edema. There is no focal consolidation. There are no XXXX of a pleural effusion. There is no evidence of pneumothorax.,Normal chest x-XXXX.,True,sufficient,generate,Evidence is sufficient and context is consistent.,sufficient,"clinical indication : positive tb test generate a radiology report for this chest x - ray. findings : the lungs are clear without focal consolidation, pleural effusion, or pneumothorax. the heart is normal in size. the mediastinal contours are normal. impression : no acute cardiopulmonary process.","clinical indication : positive tb test generate a radiology report for this chest x - ray. findings : the lungs are clear without focal consolidation, pleural effusion, or pneumothorax. the heart is normal in size. the mediastinal contours are normal. impression : no acute cardiopulmonary process.",False,298,298,3,3
IU_1,irrelevant,cross_case_context_swap,data\processed\iu_xray\images\IU_1_frontal.jpg,Preop bariatric surgery.,The cardiac silhouette and mediastinum size are within normal limits. There is no pulmonary edema. There is no focal consolidation. There are no XXXX of a pleural effusion. There is no evidence of pneumothorax.,Normal chest x-XXXX.,True,irrelevant,discount_context,Provided clinical context is not relevant to the imaging task.,insufficient,"clinical indication : preop bariatric surgery. generate a radiology report for this chest x - ray. findings : the lungs are clear without focal consolidation, pleural effusion or pneumothorax. the heart is normal in size. the mediastinal contours are normal. impression : no acute cardiopulmonary process.",generate a radiology report for this chest x - ray. findings : the lungs are clear without consolidation or edema. there is no pleural effusion or pneumothorax. the cardiomediastinal silhouette is normal. impression : no acute cardiopulmonary process.,False,305,251,3,4
IU_1,conflicting,negative_finding_contradiction,data\processed\iu_xray\images\IU_1_frontal.jpg,Pleural effusion is present.,The cardiac silhouette and mediastinum size are within normal limits. There is no pulmonary edema. There is no focal consolidation. There are no XXXX of a pleural effusion. There is no evidence of pneumothorax.,Normal chest x-XXXX.,True,conflicting,qualify_or_abstain,Clinical context conflicts with available evidence.,conflicting,clinical indication : pleural effusion is present. generate a radiology report for this chest x - ray. findings : frontal and lateral chest radiographs demonstrate a normal cardiomediastinal silhouette and well - aerated lungs which are clear. there is no pleural effusion or pneumothorax. the visualized upper abdomen is unremarkable. impression : normal chest radiograph.,[WARNING: Clinical context conflict detected] clinical indication : pleural effusion is present. generate a radiology report for this chest x - ray. findings : frontal and lateral chest radiographs demonstrate a normal cardiomediastinal silhouette and well - aerated lungs which are clear. there is no pleural effusion or pneumothorax. the visualized upper abdomen is unremarkable. impression : normal chest radiograph.,False,373,419,2,2
IU_1,insufficient,context_removed,data\processed\iu_xray\images\IU_1_frontal.jpg,,The cardiac silhouette and mediastinum size are within normal limits. There is no pulmonary edema. There is no focal consolidation. There are no XXXX of a pleural effusion. There is no evidence of pneumothorax.,Normal chest x-XXXX.,False,insufficient,abstain,Available evidence is insufficient for reliable generation.,none,generate a radiology report for this chest x - ray. findings : the lungs are clear without consolidation or edema. there is no pleural effusion or pneumothorax. the cardiomediastinal silhouette is normal. impression : no acute cardiopulmonary process.,[ABSTAIN: Insufficient evidence for report generation],False,251,54,4,0
IU_2,sufficient,none,data\processed\iu_xray\images\IU_2_frontal.jpg,Preop bariatric surgery.,Borderline cardiomegaly. Midline sternotomy XXXX. Enlarged pulmonary arteries. Clear lungs. Inferior XXXX XXXX XXXX.,No acute pulmonary findings.,True,sufficient,generate,Evidence is sufficient and context is consistent.,sufficient,"clinical indication : preop bariatric surgery. generate a radiology report for this chest x - ray. findings : the lungs are clear without focal consolidation, pleural effusion or pneumothorax. the heart is normal in size. the mediastinal contours are normal. impression : no acute cardiopulmonary process.","clinical indication : preop bariatric surgery. generate a radiology report for this chest x - ray. findings : the lungs are clear without focal consolidation, pleural effusion or pneumothorax. the heart is normal in size. the mediastinal contours are normal. impression : no acute cardiopulmonary process.",False,305,305,3,3
IU_2,irrelevant,cross_case_context_swap,data\processed\iu_xray\images\IU_2_frontal.jpg,XXXX-year-old XXXX with XXXX.,Borderline cardiomegaly. Midline sternotomy XXXX. Enlarged pulmonary arteries. Clear lungs. Inferior XXXX XXXX XXXX.,No acute pulmonary findings.,True,irrelevant,discount_context,Provided clinical context is not relevant to the imaging task.,insufficient,clinical indication : xxxx - year - old xxxx with xxxx. generate a radiology report for this chest x - ray. findings : the lungs are clear. the hilar and cardiomediastinal contours are normal. there is no pneumothorax. there is no pleural effusion. pulmonary vascularity is normal. impression : normal radiographs of the chest.,generate a radiology report for this chest x - ray. findings : the lungs are clear without consolidation or edema. there is no pleural effusion or pneumothorax. the cardiomediastinal silhouette is normal. impression : no acute cardiopulmonary process.,False,327,251,2,4
IU_2,conflicting,positive_finding_negation,data\processed\iu_xray\images\IU_2_frontal.jpg,There is no cardiomegaly.,Borderline cardiomegaly. Midline sternotomy XXXX. Enlarged pulmonary arteries. Clear lungs. Inferior XXXX XXXX XXXX.,No acute pulmonary findings.,True,conflicting,qualify_or_abstain,Clinical context conflicts with available evidence.,conflicting,"clinical indication : there is no cardiomegaly. generate a radiology report for this chest x - ray. findings : frontal and lateral chest radiographs demonstrate a normal cardiomediastinal silhouette and well - aerated lungs which are clear. there is no focal consolidation, pleural effusion, or pneumothorax. the visualized upper abdomen is unremarkable. impression : normal chest radiograph.","[WARNING: Clinical context conflict detected] clinical indication : there is no cardiomegaly. generate a radiology report for this chest x - ray. findings : frontal and lateral chest radiographs demonstrate a normal cardiomediastinal silhouette and well - aerated lungs which are clear. there is no focal consolidation, pleural effusion, or pneumothorax. the visualized upper abdomen is unremarkable. impression : normal chest radiograph.",False,392,438,3,3
IU_2,insufficient,context_removed,data\processed\iu_xray\images\IU_2_frontal.jpg,,Borderline cardiomegaly. Midline sternotomy XXXX. Enlarged pulmonary arteries. Clear lungs. Inferior XXXX XXXX XXXX.,No acute pulmonary findings.,False,insufficient,abstain,Available evidence is insufficient for reliable generation.,none,generate a radiology report for this chest x - ray. findings : the lungs are clear without consolidation or edema. there is no pleural effusion or pneumothorax. the cardiomediastinal silhouette is normal. impression : no acute cardiopulmonary process.,[ABSTAIN: Insufficient evidence for report generation],False,251,54,4,0
IU_4,sufficient,none,data\processed\iu_xray\images\IU_4_frontal.jpg,XXXX-year-old XXXX with XXXX.,"There are diffuse bilateral interstitial and alveolar opacities consistent with chronic obstructive lung disease and bullous emphysema. There are irregular opacities in the left lung apex, that could represent a cavitary lesion in the left lung apex.There are streaky opacities in the right upper lobe, XXXX scarring. The cardiomediastinal silhouette is normal in size and contour. There is no pneumothorax or large pleural effusion.","1. Bullous emphysema and interstitial fibrosis. 2. Probably scarring in the left apex, although difficult to exclude a cavitary lesion. 3. Opacities in the bilateral upper lobes could represent scarring, however the absence of comparison exam, recommend short interval followup radiograph or CT thorax to document resolution.",True,sufficient,generate,Evidence is sufficient and context is consistent.,sufficient,clinical indication : xxxx - year - old xxxx with xxxx. generate a radiology report for this chest x - ray. findings : the lungs are well expanded and clear. cardiomediastinal and hilar contours are unremarkable. there is no pleural effusion or pneumothorax. impression : unremarkable chest x - ray.,clinical indication : xxxx - year - old xxxx with xxxx. generate a radiology report for this chest x - ray. findings : the lungs are well expanded and clear. cardiomediastinal and hilar contours are unremarkable. there is no pleural effusion or pneumothorax. impression : unremarkable chest x - ray.,False,299,299,2,2
IU_4,irrelevant,cross_case_context_swap,data\processed\iu_xray\images\IU_4_frontal.jpg,Chest and nasal congestion.,"There are diffuse bilateral interstitial and alveolar opacities consistent with chronic obstructive lung disease and bullous emphysema. There are irregular opacities in the left lung apex, that could represent a cavitary lesion in the left lung apex.There are streaky opacities in the right upper lobe, XXXX scarring. The cardiomediastinal silhouette is normal in size and contour. There is no pneumothorax or large pleural effusion.","1. Bullous emphysema and interstitial fibrosis. 2. Probably scarring in the left apex, although difficult to exclude a cavitary lesion. 3. Opacities in the bilateral upper lobes could represent scarring, however the absence of comparison exam, recommend short interval followup radiograph or CT thorax to document resolution.",True,irrelevant,discount_context,Provided clinical context is not relevant to the imaging task.,insufficient,"clinical indication : chest and nasal congestion. generate a radiology report for this chest x - ray. findings : frontal and lateral chest radiographs demonstrate a normal cardiomediastinal silhouette. there is a right upper lobe opacity, which is concerning for pneumonia. no pleural effusion or pneumothorax is identified. impression : right upper lobe pneumonia.",generate a radiology report for this chest x - ray. findings : the lungs are clear without consolidation or edema. there is no pleural effusion or pneumothorax : the cardiomediastinal silhouette is normal. impression : no acute cardiopulmonary process.,False,365,252,4,4
IU_4,insufficient,context_removed,data\processed\iu_xray\images\IU_4_frontal.jpg,,"There are diffuse bilateral interstitial and alveolar opacities consistent with chronic obstructive lung disease and bullous emphysema. There are irregular opacities in the left lung apex, that could represent a cavitary lesion in the left lung apex.There are streaky opacities in the right upper lobe, XXXX scarring. The cardiomediastinal silhouette is normal in size and contour. There is no pneumothorax or large pleural effusion.","1. Bullous emphysema and interstitial fibrosis. 2. Probably scarring in the left apex, although difficult to exclude a cavitary lesion. 3. Opacities in the bilateral upper lobes could represent scarring, however the absence of comparison exam, recommend short interval followup radiograph or CT thorax to document resolution.",False,insufficient,abstain,Available evidence is insufficient for reliable generation.,none,generate a radiology report for this chest x - ray. findings : the lungs are clear without consolidation or edema. there is no pleural effusion or pneumothorax : the cardiomediastinal silhouette is normal. impression : no acute cardiopulmonary process.,[ABSTAIN: Insufficient evidence for report generation],False,252,54,4,0
IU_5,sufficient,none,data\processed\iu_xray\images\IU_5_frontal.jpg,Chest and nasal congestion.,"The cardiomediastinal silhouette and pulmonary vasculature are within normal limits. There is no pneumothorax or pleural effusion. There are no focal areas of consolidation. Cholecystectomy clips are present. Small T-spine osteophytes. There is biapical pleural thickening, unchanged from prior. Mildly hyperexpanded lungs.",No acute cardiopulmonary abnormality.,True,sufficient,generate,Evidence is sufficient and context is consistent.,sufficient,clinical indication : chest and nasal congestion. generate a radiology report for this chest x - ray. findings : frontal and lateral chest radiographs demonstrate a normal cardiomediastinal silhouette and well - aerated lungs which are clear. there is no pleural effusion or pneumothorax. impression : no acute cardiopulmonary process.,clinical indication : chest and nasal congestion. generate a radiology report for this chest x - ray. findings : frontal and lateral chest radiographs demonstrate a normal cardiomediastinal silhouette and well - aerated lungs which are clear. there is no pleural effusion or pneumothorax. impression : no acute cardiopulmonary process.,False,335,335,2,2
IU_5,incomplete,partial_context_reduction,data\processed\iu_xray\images\IU_5_frontal.jpg,nasal congestion.,"The cardiomediastinal silhouette and pulmonary vasculature are within normal limits. There is no pneumothorax or pleural effusion. There are no focal areas of consolidation. Cholecystectomy clips are present. Small T-spine osteophytes. There is biapical pleural thickening, unchanged from prior. Mildly hyperexpanded lungs.",No acute cardiopulmonary abnormality.,True,sufficient,generate,Evidence is sufficient and context is consistent.,incomplete,clinical indication : nasal congestion. generate a radiology report for this chest x - ray. findings : frontal and lateral chest radiographs demonstrate unremarkable cardiomediastinal and hilar contours. lungs are clear. no pleural effusion or pneumothorax evident. no osseous abnormality identified. impression : normal chest radiograph.,clinical indication : nasal congestion. generate a radiology report for this chest x - ray. findings : frontal and lateral chest radiographs demonstrate unremarkable cardiomediastinal and hilar contours. lungs are clear. no pleural effusion or pneumothorax evident. no osseous abnormality identified. impression : normal chest radiograph.,False,338,338,2,2
IU_5,irrelevant,cross_case_context_swap,data\processed\iu_xray\images\IU_5_frontal.jpg,Evaluate for infection,"The cardiomediastinal silhouette and pulmonary vasculature are within normal limits. There is no pneumothorax or pleural effusion. There are no focal areas of consolidation. Cholecystectomy clips are present. Small T-spine osteophytes. There is biapical pleural thickening, unchanged from prior. Mildly hyperexpanded lungs.",No acute cardiopulmonary abnormality.,True,irrelevant,discount_context,Provided clinical context is not relevant to the imaging task.,insufficient,clinical indication : evaluate for infection generate a radiology report for this chest x - ray. findings : frontal and lateral chest radiographs demonstrate a normal cardiomediastinal silhouette and well - aerated lungs which are clear. there is no pleural effusion or pneumothorax. impression : no acute cardiopulmonary process.,generate a radiology report for this chest x - ray. findings : the lungs are clear without consolidation or edema. there is no pleural effusion or pneumothorax. the cardiomediastinal silhouette is normal. impression : no acute cardiopulmonary process.,False,330,251,2,4
IU_5,conflicting,negative_finding_contradiction,data\processed\iu_xray\images\IU_5_frontal.jpg,Pleural effusion is present.,"The cardiomediastinal silhouette and pulmonary vasculature are within normal limits. There is no pneumothorax or pleural effusion. There are no focal areas of consolidation. Cholecystectomy clips are present. Small T-spine osteophytes. There is biapical pleural thickening, unchanged from prior. Mildly hyperexpanded lungs.",No acute cardiopulmonary abnormality.,True,conflicting,qualify_or_abstain,Clinical context conflicts with available evidence.,conflicting,clinical indication : pleural effusion is present. generate a radiology report for this chest x - ray. findings : frontal and lateral chest radiographs demonstrate a normal cardiomediastinal silhouette and well - aerated lungs which are clear. there is no pleural effusion or pneumothorax. impression : normal chest radiograph.,[WARNING: Clinical context conflict detected] clinical indication : pleural effusion is present. generate a radiology report for this chest x - ray. findings : frontal and lateral chest radiographs demonstrate a normal cardiomediastinal silhouette and well - aerated lungs which are clear. there is no pleural effusion or pneumothorax. impression : normal chest radiograph.,False,327,373,2,2
IU_5,insufficient,context_removed,data\processed\iu_xray\images\IU_5_frontal.jpg,,"The cardiomediastinal silhouette and pulmonary vasculature are within normal limits. There is no pneumothorax or pleural effusion. There are no focal areas of consolidation. Cholecystectomy clips are present. Small T-spine osteophytes. There is biapical pleural thickening, unchanged from prior. Mildly hyperexpanded lungs.",No acute cardiopulmonary abnormality.,False,insufficient,abstain,Available evidence is insufficient for reliable generation.,none,generate a radiology report for this chest x - ray. findings : the lungs are clear without consolidation or edema. there is no pleural effusion or pneumothorax. the cardiomediastinal silhouette is normal. impression : no acute cardiopulmonary process.,[ABSTAIN: Insufficient evidence for report generation],False,251,54,4,0
IU_6,sufficient,none,data\processed\iu_xray\images\IU_6_frontal.jpg,Evaluate for infection,Heart size and mediastinal contour are within normal limits. There is no focal airspace consolidation or suspicious pulmonary opacity. No pneumothorax or large pleural effusion. Mild degenerative change of the thoracic spine.,No acute cardiopulmonary findings.,True,sufficient,generate,Evidence is sufficient and context is consistent.,sufficient,clinical indication : evaluate for infection generate a radiology report for this chest x - ray. findings : the lungs are clear. the cardiac and mediastinal contours are normal. there are no pleural effusions. no pneumothorax is seen. impression : no acute cardiac or pulmonary process.,clinical indication : evaluate for infection generate a radiology report for this chest x - ray. findings : the lungs are clear. the cardiac and mediastinal contours are normal. there are no pleural effusions. no pneumothorax is seen. impression : no acute cardiac or pulmonary process.,False,286,286,2,2
IU_6,irrelevant,cross_case_context_swap,data\processed\iu_xray\images\IU_6_frontal.jpg,Preop lumbar surgery,Heart size and mediastinal contour are within normal limits. There is no focal airspace consolidation or suspicious pulmonary opacity. No pneumothorax or large pleural effusion. Mild degenerative change of the thoracic spine.,No acute cardiopulmonary findings.,True,irrelevant,discount_context,Provided clinical context is not relevant to the imaging task.,insufficient,"clinical indication : preop lumbar surgery generate a radiology report for this chest x - ray. findings : the lungs are clear without focal consolidation, pleural effusion, or pneumothorax. the heart is normal in size. the mediastinal contours are normal. impression : no acute cardiopulmonary process.",generate a radiology report for this chest x - ray. findings : the lungs are clear without consolidation or edema. there is no pleural effusion or pneumothorax. the cardiomediastinal silhouette is normal. impression : no acute cardiopulmonary process.,False,302,251,3,4
IU_6,conflicting,negative_finding_contradiction,data\processed\iu_xray\images\IU_6_frontal.jpg,Focal airspace consolidation is present.,Heart size and mediastinal contour are within normal limits. There is no focal airspace consolidation or suspicious pulmonary opacity. No pneumothorax or large pleural effusion. Mild degenerative change of the thoracic spine.,No acute cardiopulmonary findings.,True,conflicting,qualify_or_abstain,Clinical context conflicts with available evidence.,conflicting,clinical indication : focal airspace consolidation is present. generate a radiology report for this chest x - ray. findings : the lungs are clear. the heart size is normal. the mediastinal contours are normal. there are no pleural effusions. no pneumothorax is seen. impression : no acute cardiac or pulmonary process.,[WARNING: Clinical context conflict detected] clinical indication : focal airspace consolidation is present. generate a radiology report for this chest x - ray. findings : the lungs are clear. the heart size is normal. the mediastinal contours are normal. there are no pleural effusions. no pneumothorax is seen. impression : no acute cardiac or pulmonary process.,False,318,364,2,2
IU_6,insufficient,context_removed,data\processed\iu_xray\images\IU_6_frontal.jpg,,Heart size and mediastinal contour are within normal limits. There is no focal airspace consolidation or suspicious pulmonary opacity. No pneumothorax or large pleural effusion. Mild degenerative change of the thoracic spine.,No acute cardiopulmonary findings.,False,insufficient,abstain,Available evidence is insufficient for reliable generation.,none,generate a radiology report for this chest x - ray. findings : the lungs are clear without consolidation or edema. there is no pleural effusion or pneumothorax. the cardiomediastinal silhouette is normal. impression : no acute cardiopulmonary process.,[ABSTAIN: Insufficient evidence for report generation],False,251,54,4,0
IU_7,sufficient,none,data\processed\iu_xray\images\IU_7_frontal.jpg,Preop lumbar surgery,The cardiac contours are normal. XXXX basilar atelectasis. The lungs are clear. Thoracic spondylosis. Lower cervical XXXX arthritis.,Basilar atelectasis. No confluent lobar consolidation or pleural effusion.,True,sufficient,generate,Evidence is sufficient and context is consistent.,sufficient,"clinical indication : preop lumbar surgery generate a radiology report for this chest x - ray. findings : the lungs are clear without focal consolidation, pleural effusion, or pneumothorax. the heart is normal in size. the mediastinal and hilar contours are within normal limits. impression : no acute cardiopulmonary process.","clinical indication : preop lumbar surgery generate a radiology report for this chest x - ray. findings : the lungs are clear without focal consolidation, pleural effusion, or pneumothorax. the heart is normal in size. the mediastinal and hilar contours are within normal limits. impression : no acute cardiopulmonary process.",False,326,326,3,3
IU_7,irrelevant,cross_case_context_swap,data\processed\iu_xray\images\IU_7_frontal.jpg,XXXX-year-old with XXXX on XXXX. Dyspnea. History of mitral valve prolapse.,The cardiac contours are normal. XXXX basilar atelectasis. The lungs are clear. Thoracic spondylosis. Lower cervical XXXX arthritis.,Basilar atelectasis. No confluent lobar consolidation or pleural effusion.,True,irrelevant,discount_context,Provided clinical context is not relevant to the imaging task.,insufficient,"clinical indication : xxxx - year - old with xxxx on xxxx. dyspnea. history of mitral valve prolapse. generate a radiology report for this chest x - ray. findings : the lungs are well expanded and clear. the cardiomediastinal silhouette, hilar contours, and pleural surfaces are normal. no pleural effusion or pneumothorax is present. impression : no acute cardiopulmonary process.",generate a radiology report for this chest x - ray. findings : the lungs are clear without consolidation or edema. there is no pleural effusion or pneumothorax. the cardiomediastinal silhouette is normal. impression : no acute cardiopulmonary process.,False,381,251,2,4
IU_7,conflicting,positive_finding_negation,data\processed\iu_xray\images\IU_7_frontal.jpg,There is no basilar atelectasis.,The cardiac contours are normal. XXXX basilar atelectasis. The lungs are clear. Thoracic spondylosis. Lower cervical XXXX arthritis.,Basilar atelectasis. No confluent lobar consolidation or pleural effusion.,True,conflicting,qualify_or_abstain,Clinical context conflicts with available evidence.,conflicting,clinical indication : there is no basilar atelectasis. generate a radiology report for this chest x - ray. findings : the lungs are clear without consolidation or edema. there is no pleural effusion or pneumothorax. the cardiomediastinal silhouette is normal. impression : no acute cardiopulmonary process.,[WARNING: Clinical context conflict detected] clinical indication : there is no basilar atelectasis. generate a radiology report for this chest x - ray. findings : the lungs are clear without consolidation or edema. there is no pleural effusion or pneumothorax. the cardiomediastinal silhouette is normal. impression : no acute cardiopulmonary process.,False,306,352,4,4
IU_7,insufficient,context_removed,data\processed\iu_xray\images\IU_7_frontal.jpg,,The cardiac contours are normal. XXXX basilar atelectasis. The lungs are clear. Thoracic spondylosis. Lower cervical XXXX arthritis.,Basilar atelectasis. No confluent lobar consolidation or pleural effusion.,False,insufficient,abstain,Available evidence is insufficient for reliable generation.,none,generate a radiology report for this chest x - ray. findings : the lungs are clear without consolidation or edema. there is no pleural effusion or pneumothorax. the cardiomediastinal silhouette is normal. impression : no acute cardiopulmonary process.,[ABSTAIN: Insufficient evidence for report generation],False,251,54,4,0
IU_8,sufficient,none,data\processed\iu_xray\images\IU_8_frontal.jpg,XXXX-year-old with XXXX on XXXX. Dyspnea. History of mitral valve prolapse.,"The heart, pulmonary XXXX and mediastinum are within normal limits. There is no pleural effusion or pneumothorax. There is no focal air space opacity to suggest a pneumonia. There is an interim XXXX cervical spinal fusion partly evaluated.",No acute cardiopulmonary disease.,True,sufficient,generate,Evidence is sufficient and context is consistent.,sufficient,"clinical indication : xxxx - year - old with xxxx on xxxx. dyspnea. history of mitral valve prolapse. generate a radiology report for this chest x - ray. findings : the lungs are well expanded and clear. the cardiomediastinal silhouette, hilar contours, and pleural surfaces are normal. there is no pleural effusion or pneumothorax. impression : normal radiograph of the chest.","clinical indication : xxxx - year - old with xxxx on xxxx. dyspnea. history of mitral valve prolapse. generate a radiology report for this chest x - ray. findings : the lungs are well expanded and clear. the cardiomediastinal silhouette, hilar contours, and pleural surfaces are normal. there is no pleural effusion or pneumothorax. impression : normal radiograph of the chest.",False,377,377,2,2
IU_8,incomplete,partial_context_reduction,data\processed\iu_xray\images\IU_8_frontal.jpg,History of mitral valve prolapse.,"The heart, pulmonary XXXX and mediastinum are within normal limits. There is no pleural effusion or pneumothorax. There is no focal air space opacity to suggest a pneumonia. There is an interim XXXX cervical spinal fusion partly evaluated.",No acute cardiopulmonary disease.,True,sufficient,generate,Evidence is sufficient and context is consistent.,incomplete,clinical indication : history of mitral valve prolapse. generate a radiology report for this chest x - ray. findings : the lungs are clear without consolidation or edema. there is no pleural effusion or pneumothorax. the cardiomediastinal silhouette is normal. impression : no acute cardiopulmonary process.,clinical indication : history of mitral valve prolapse. generate a radiology report for this chest x - ray. findings : the lungs are clear without consolidation or edema. there is no pleural effusion or pneumothorax. the cardiomediastinal silhouette is normal. impression : no acute cardiopulmonary process.,False,307,307,4,4
IU_8,irrelevant,cross_case_context_swap,data\processed\iu_xray\images\IU_8_frontal.jpg,Chest pain today. History of stent placement 7+ years ago.,"The heart, pulmonary XXXX and mediastinum are within normal limits. There is no pleural effusion or pneumothorax. There is no focal air space opacity to suggest a pneumonia. There is an interim XXXX cervical spinal fusion partly evaluated.",No acute cardiopulmonary disease.,True,irrelevant,discount_context,Provided clinical context is not relevant to the imaging task.,insufficient,"clinical indication : chest pain today. history of stent placement 7 + years ago. generate a radiology report for this chest x - ray. findings : the lungs are clear without focal consolidation, pleural effusion or pneumothorax. the heart size is normal. the mediastinal contours are normal. impression : no acute cardiopulmonary abnormality.",generate a radiology report for this chest x - ray. findings : the lungs are clear without consolidation or edema. there is no pleural effusion or pneumothorax. the cardiomediastinal silhouette is normal. impression : normal chest x - ray.,False,341,239,3,4
IU_8,conflicting,negative_finding_contradiction,data\processed\iu_xray\images\IU_8_frontal.jpg,A focal airspace opacity is present.,"The heart, pulmonary XXXX and mediastinum are within normal limits. There is no pleural effusion or pneumothorax. There is no focal air space opacity to suggest a pneumonia. There is an interim XXXX cervical spinal fusion partly evaluated.",No acute cardiopulmonary disease.,True,conflicting,qualify_or_abstain,Clinical context conflicts with available evidence.,conflicting,clinical indication : a focal airspace opacity is present. generate a radiology report for this chest x - ray. findings : the lungs are clear. the heart size is normal. the mediastinal contours are normal. there are no pleural effusions. no pneumothorax is seen. impression : no acute cardiac or pulmonary process.,[WARNING: Clinical context conflict detected] clinical indication : a focal airspace opacity is present. generate a radiology report for this chest x - ray. findings : the lungs are clear. the heart size is normal. the mediastinal contours are normal. there are no pleural effusions. no pneumothorax is seen. impression : no acute cardiac or pulmonary process.,False,314,360,2,2
IU_8,insufficient,context_removed,data\processed\iu_xray\images\IU_8_frontal.jpg,,"The heart, pulmonary XXXX and mediastinum are within normal limits. There is no pleural effusion or pneumothorax. There is no focal air space opacity to suggest a pneumonia. There is an interim XXXX cervical spinal fusion partly evaluated.",No acute cardiopulmonary disease.,False,insufficient,abstain,Available evidence is insufficient for reliable generation.,none,generate a radiology report for this chest x - ray. findings : the lungs are clear without consolidation or edema. there is no pleural effusion or pneumothorax. the cardiomediastinal silhouette is normal. impression : normal chest x - ray.,[ABSTAIN: Insufficient evidence for report generation],False,239,54,4,0
IU_9,sufficient,none,data\processed\iu_xray\images\IU_9_frontal.jpg,Chest pain today. History of stent placement 7+ years ago.,"The XXXX examination consists of frontal and lateral radiographs of the chest. The cardiac silhouette is not enlarged. There has been apparent interval increase in low density convexity at the left cardiophrenic XXXX. Calcified granuloma is again seen in the right upper lobe. There is no consolidation, pleural effusion or pneumothorax.","Increased size of density in the left cardiophrenic XXXX. Primary differential considerations include increased size of prominent epicardial fat, pericardial mass, pleural mass or cardiac aneurysm. CT chest with contrast is recommended. These findings and recommendations were discussed XXXX. XXXX by Dr. XXXX XXXX telephone at XXXX p.m. XXXX/XXXX. Dr. XXXX<XXXX>technologist receipt of the results.",True,sufficient,generate,Evidence is sufficient and context is consistent.,sufficient,"clinical indication : chest pain today. history of stent placement 7 + years ago. generate a radiology report for this chest x - ray. findings : the lungs are clear without focal consolidation, pleural effusion or pneumothorax. the heart size is normal. the mediastinal contours are normal. impression : no acute cardiopulmonary process.","clinical indication : chest pain today. history of stent placement 7 + years ago. generate a radiology report for this chest x - ray. findings : the lungs are clear without focal consolidation, pleural effusion or pneumothorax. the heart size is normal. the mediastinal contours are normal. impression : no acute cardiopulmonary process.",False,337,337,3,3
IU_9,incomplete,partial_context_reduction,data\processed\iu_xray\images\IU_9_frontal.jpg,History of stent placement 7+ years ago.,"The XXXX examination consists of frontal and lateral radiographs of the chest. The cardiac silhouette is not enlarged. There has been apparent interval increase in low density convexity at the left cardiophrenic XXXX. Calcified granuloma is again seen in the right upper lobe. There is no consolidation, pleural effusion or pneumothorax.","Increased size of density in the left cardiophrenic XXXX. Primary differential considerations include increased size of prominent epicardial fat, pericardial mass, pleural mass or cardiac aneurysm. CT chest with contrast is recommended. These findings and recommendations were discussed XXXX. XXXX by Dr. XXXX XXXX telephone at XXXX p.m. XXXX/XXXX. Dr. XXXX<XXXX>technologist receipt of the results.",True,sufficient,generate,Evidence is sufficient and context is consistent.,incomplete,"clinical indication : history of stent placement 7 + years ago. generate a radiology report for this chest x - ray. findings : the lungs are clear without focal consolidation, pleural effusion, or pneumothorax. the heart size is normal. the cardiac, hilar, and mediastinal contours are within normal limits. impression : no acute cardiopulmonary abnormality.","clinical indication : history of stent placement 7 + years ago. generate a radiology report for this chest x - ray. findings : the lungs are clear without focal consolidation, pleural effusion, or pneumothorax. the heart size is normal. the cardiac, hilar, and mediastinal contours are within normal limits. impression : no acute cardiopulmonary abnormality.",False,358,358,3,3
IU_9,irrelevant,cross_case_context_swap,data\processed\iu_xray\images\IU_9_frontal.jpg,"XXXX-year-old male, chest pain.","The XXXX examination consists of frontal and lateral radiographs of the chest. The cardiac silhouette is not enlarged. There has been apparent interval increase in low density convexity at the left cardiophrenic XXXX. Calcified granuloma is again seen in the right upper lobe. There is no consolidation, pleural effusion or pneumothorax.","Increased size of density in the left cardiophrenic XXXX. Primary differential considerations include increased size of prominent epicardial fat, pericardial mass, pleural mass or cardiac aneurysm. CT chest with contrast is recommended. These findings and recommendations were discussed XXXX. XXXX by Dr. XXXX XXXX telephone at XXXX p.m. XXXX/XXXX. Dr. XXXX<XXXX>technologist receipt of the results.",True,irrelevant,discount_context,Provided clinical context is not relevant to the imaging task.,insufficient,"clinical indication : xxxx - year - old male, chest pain. generate a radiology report for this chest x - ray. findings : the lungs are well expanded and clear. cardiomediastinal and hilar contours are unremarkable. there is no pleural effusion or pneumothorax. impression : unremarkable chest radiographic examination.",generate a radiology report for this chest x - ray. findings : the lungs are clear without consolidation or edema. there is no pleural effusion or pneumothorax. the cardiomediastinal silhouette is normal. impression : no acute cardiopulmonary process.,False,318,251,2,4
IU_9,insufficient,context_removed,data\processed\iu_xray\images\IU_9_frontal.jpg,,"The XXXX examination consists of frontal and lateral radiographs of the chest. The cardiac silhouette is not enlarged. There has been apparent interval increase in low density convexity at the left cardiophrenic XXXX. Calcified granuloma is again seen in the right upper lobe. There is no consolidation, pleural effusion or pneumothorax.","Increased size of density in the left cardiophrenic XXXX. Primary differential considerations include increased size of prominent epicardial fat, pericardial mass, pleural mass or cardiac aneurysm. CT chest with contrast is recommended. These findings and recommendations were discussed XXXX. XXXX by Dr. XXXX XXXX telephone at XXXX p.m. XXXX/XXXX. Dr. XXXX<XXXX>technologist receipt of the results.",False,insufficient,abstain,Available evidence is insufficient for reliable generation.,none,generate a radiology report for this chest x - ray. findings : the lungs are clear without consolidation or edema. there is no pleural effusion or pneumothorax. the cardiomediastinal silhouette is normal. impression : no acute cardiopulmonary process.,[ABSTAIN: Insufficient evidence for report generation],False,251,54,4,0
IU_10,sufficient,none,data\processed\iu_xray\images\IU_10_frontal.jpg,"XXXX-year-old male, chest pain.","The cardiomediastinal silhouette is within normal limits for size and contour. The lungs are normally inflated without evidence of focal airspace disease, pleural effusion, or pneumothorax. Stable calcified granuloma within the right upper lung. No acute bone abnormality..",No acute cardiopulmonary process.,True,sufficient,generate,Evidence is sufficient and context is consistent.,sufficient,"clinical indication : xxxx - year - old male, chest pain. generate a radiology report for this chest x - ray. findings : lungs are fully expanded and clear. cardiomediastinal and hilar contours are normal. there is no pleural effusion or pneumothorax. impression : normal chest radiograph.","clinical indication : xxxx - year - old male, chest pain. generate a radiology report for this chest x - ray. findings : lungs are fully expanded and clear. cardiomediastinal and hilar contours are normal. there is no pleural effusion or pneumothorax. impression : normal chest radiograph.",False,289,289,2,2
IU_10,incomplete,partial_context_reduction,data\processed\iu_xray\images\IU_10_frontal.jpg,chest pain.,"The cardiomediastinal silhouette is within normal limits for size and contour. The lungs are normally inflated without evidence of focal airspace disease, pleural effusion, or pneumothorax. Stable calcified granuloma within the right upper lung. No acute bone abnormality..",No acute cardiopulmonary process.,True,sufficient,generate,Evidence is sufficient and context is consistent.,incomplete,clinical indication : chest pain. generate a radiology report for this chest x - ray. findings : the lungs are clear. the hilar and cardiomediastinal contours are normal. there is no pneumothorax or pleural effusion. pulmonary vascularity is normal. impression : normal radiographs of the chest.,clinical indication : chest pain. generate a radiology report for this chest x - ray. findings : the lungs are clear. the hilar and cardiomediastinal contours are normal. there is no pneumothorax or pleural effusion. pulmonary vascularity is normal. impression : normal radiographs of the chest.,False,295,295,2,2
IU_10,irrelevant,cross_case_context_swap,data\processed\iu_xray\images\IU_10_frontal.jpg,"Fatigue, weakness, anterior chest pain","The cardiomediastinal silhouette is within normal limits for size and contour. The lungs are normally inflated without evidence of focal airspace disease, pleural effusion, or pneumothorax. Stable calcified granuloma within the right upper lung. No acute bone abnormality..",No acute cardiopulmonary process.,True,irrelevant,discount_context,Provided clinical context is not relevant to the imaging task.,insufficient,"clinical indication : fatigue, weakness, anterior chest pain generate a radiology report for this chest x - ray. findings : the lungs are clear without focal consolidation, pleural effusion or pneumothorax. the heart is normal in size. normal cardiomediastinal silhouette. impression : no acute intrathoracic process.",generate a radiology report for this chest x - ray. findings : the lungs are clear without consolidation or edema. there is no pleural effusion or pneumothorax. the cardiomediastinal silhouette is normal. impression : no acute cardiopulmonary process.,False,317,251,3,4
IU_10,conflicting,negative_finding_contradiction,data\processed\iu_xray\images\IU_10_frontal.jpg,Pleural effusion is present.,"The cardiomediastinal silhouette is within normal limits for size and contour. The lungs are normally inflated without evidence of focal airspace disease, pleural effusion, or pneumothorax. Stable calcified granuloma within the right upper lung. No acute bone abnormality..",No acute cardiopulmonary process.,True,conflicting,qualify_or_abstain,Clinical context conflicts with available evidence.,conflicting,clinical indication : pleural effusion is present. generate a radiology report for this chest x - ray. findings : frontal and lateral chest radiographs demonstrate a normal cardiomediastinal silhouette and well - aerated lungs which are clear. there is no pleural effusion or pneumothorax. impression : normal chest radiograph.,[WARNING: Clinical context conflict detected] clinical indication : pleural effusion is present. generate a radiology report for this chest x - ray. findings : frontal and lateral chest radiographs demonstrate a normal cardiomediastinal silhouette and well - aerated lungs which are clear. there is no pleural effusion or pneumothorax. impression : normal chest radiograph.,False,327,373,2,2
IU_10,insufficient,context_removed,data\processed\iu_xray\images\IU_10_frontal.jpg,,"The cardiomediastinal silhouette is within normal limits for size and contour. The lungs are normally inflated without evidence of focal airspace disease, pleural effusion, or pneumothorax. Stable calcified granuloma within the right upper lung. No acute bone abnormality..",No acute cardiopulmonary process.,False,insufficient,abstain,Available evidence is insufficient for reliable generation.,none,generate a radiology report for this chest x - ray. findings : the lungs are clear without consolidation or edema. there is no pleural effusion or pneumothorax. the cardiomediastinal silhouette is normal. impression : no acute cardiopulmonary process.,[ABSTAIN: Insufficient evidence for report generation],False,251,54,4,0
IU_11,sufficient,none,data\processed\iu_xray\images\IU_11_frontal.jpg,"Fatigue, weakness, anterior chest pain",Cardiomediastinal silhouette and pulmonary vasculature are within normal limits. Lungs are clear. No pneumothorax or pleural effusion. No acute osseous findings.,No acute cardiopulmonary findings.,True,sufficient,generate,Evidence is sufficient and context is consistent.,sufficient,"clinical indication : fatigue, weakness, anterior chest pain generate a radiology report for this chest x - ray. findings : the lungs are clear without focal consolidation, pleural effusion, or pneumothorax. heart size is normal. mediastinal silhouette and hilar contours are normal. impression : no pneumonia.","clinical indication : fatigue, weakness, anterior chest pain generate a radiology report for this chest x - ray. findings : the lungs are clear without focal consolidation, pleural effusion, or pneumothorax. heart size is normal. mediastinal silhouette and hilar contours are normal. impression : no pneumonia.",False,310,310,4,4
IU_11,incomplete,partial_context_reduction,data\processed\iu_xray\images\IU_11_frontal.jpg,anterior chest pain,Cardiomediastinal silhouette and pulmonary vasculature are within normal limits. Lungs are clear. No pneumothorax or pleural effusion. No acute osseous findings.,No acute cardiopulmonary findings.,True,sufficient,generate,Evidence is sufficient and context is consistent.,incomplete,"clinical indication : anterior chest pain generate a radiology report for this chest x - ray. findings : the lungs are clear without focal consolidation, pleural effusion, or pneumothorax. heart size is normal. mediastinal silhouette and hilar contours are normal. impression : normal chest radiographs.","clinical indication : anterior chest pain generate a radiology report for this chest x - ray. findings : the lungs are clear without focal consolidation, pleural effusion, or pneumothorax. heart size is normal. mediastinal silhouette and hilar contours are normal. impression : normal chest radiographs.",False,303,303,3,3
IU_11,irrelevant,cross_case_context_swap,data\processed\iu_xray\images\IU_11_frontal.jpg,XXXX,Cardiomediastinal silhouette and pulmonary vasculature are within normal limits. Lungs are clear. No pneumothorax or pleural effusion. No acute osseous findings.,No acute cardiopulmonary findings.,True,irrelevant,discount_context,Provided clinical context is not relevant to the imaging task.,insufficient,"clinical indication : xxxx generate a radiology report for this chest x - ray. findings : the lungs are well expanded and clear. the cardiomediastinal silhouette, hilar contours, and pleural surfaces are normal. no pleural effusion or pneumothorax is present. impression : normal radiograph of the chest.",generate a radiology report for this chest x - ray. findings : the lungs are clear without consolidation or edema. there is no pleural effusion or pneumothorax. the cardiomediastinal silhouette is normal. impression : normal chest x - ray.,False,304,239,2,4
IU_11,conflicting,negative_finding_contradiction,data\processed\iu_xray\images\IU_11_frontal.jpg,Pleural effusion is present.,Cardiomediastinal silhouette and pulmonary vasculature are within normal limits. Lungs are clear. No pneumothorax or pleural effusion. No acute osseous findings.,No acute cardiopulmonary findings.,True,conflicting,qualify_or_abstain,Clinical context conflicts with available evidence.,conflicting,clinical indication : pleural effusion is present. generate a radiology report for this chest x - ray. findings : frontal and lateral chest radiographs demonstrate a normal cardiomediastinal silhouette and well - aerated lungs which are clear. there is no pleural effusion or pneumothorax. impression : normal chest radiograph.,[WARNING: Clinical context conflict detected] clinical indication : pleural effusion is present. generate a radiology report for this chest x - ray. findings : frontal and lateral chest radiographs demonstrate a normal cardiomediastinal silhouette and well - aerated lungs which are clear. there is no pleural effusion or pneumothorax. impression : normal chest radiograph.,False,327,373,2,2
IU_11,insufficient,context_removed,data\processed\iu_xray\images\IU_11_frontal.jpg,,Cardiomediastinal silhouette and pulmonary vasculature are within normal limits. Lungs are clear. No pneumothorax or pleural effusion. No acute osseous findings.,No acute cardiopulmonary findings.,False,insufficient,abstain,Available evidence is insufficient for reliable generation.,none,generate a radiology report for this chest x - ray. findings : the lungs are clear without consolidation or edema. there is no pleural effusion or pneumothorax. the cardiomediastinal silhouette is normal. impression : normal chest x - ray.,[ABSTAIN: Insufficient evidence for report generation],False,239,54,4,0
IU_12,irrelevant,cross_case_context_swap,data\processed\iu_xray\images\IU_12_frontal.jpg,Chest pain.,Lungs are clear bilaterally. Cardiac and mediastinal silhouettes are normal. Pulmonary vasculature is normal. No pneumothorax or pleural effusion. No acute bony abnormality.,No acute cardiopulmonary abnormality.,True,irrelevant,discount_context,Provided clinical context is not relevant to the imaging task.,insufficient,"clinical indication : chest pain. generate a radiology report for this chest x - ray. findings : frontal and lateral chest radiographs demonstrate a normal cardiomediastinal silhouette and well - aerated lungs which are clear. there is no focal consolidation, pleural effusion, or pneumothorax. the visualized upper abdomen is unremarkable. impression : no acute cardiopulmonary process.",generate a radiology report for this chest x - ray. findings : the lungs are clear without consolidation or edema. there is no pleural effusion or pneumothorax. the cardiomediastinal silhouette is normal. impression : no acute cardiopulmonary process.,False,387,251,3,4
IU_12,insufficient,context_removed,data\processed\iu_xray\images\IU_12_frontal.jpg,,Lungs are clear bilaterally. Cardiac and mediastinal silhouettes are normal. Pulmonary vasculature is normal. No pneumothorax or pleural effusion. No acute bony abnormality.,No acute cardiopulmonary abnormality.,False,insufficient,abstain,Available evidence is insufficient for reliable generation.,none,generate a radiology report for this chest x - ray. findings : the lungs are clear without consolidation or edema. there is no pleural effusion or pneumothorax. the cardiomediastinal silhouette is normal. impression : no acute cardiopulmonary process.,[ABSTAIN: Insufficient evidence for report generation],False,251,54,4,0
IU_13,irrelevant,cross_case_context_swap,data\processed\iu_xray\images\IU_13_frontal.jpg,"XXXX-year-old female, chest pain","The cardiac silhouette is borderline enlarged. Otherwise, there is no focal opacity. Mediastinal contours are within normal limits. There is no large pleural effusion. No pneumothorax.",Borderline enlargement of the cardiac silhouette without acute pulmonary disease.,True,irrelevant,discount_context,Provided clinical context is not relevant to the imaging task.,insufficient,"clinical indication : xxxx - year - old female, chest pain generate a radiology report for this chest x - ray. findings : lungs are fully expanded and clear. cardiomediastinal and hilar contours are normal. there is no pleural effusion or pneumothorax. impression : normal chest radiograph.",generate a radiology report for this chest x - ray. findings : the lungs are clear without consolidation or edema. there is no pleural effusion or pneumothorax. the cardiomediastinal silhouette is normal. impression : no acute cardiopulmonary process.,False,290,251,2,4
IU_13,insufficient,context_removed,data\processed\iu_xray\images\IU_13_frontal.jpg,,"The cardiac silhouette is borderline enlarged. Otherwise, there is no focal opacity. Mediastinal contours are within normal limits. There is no large pleural effusion. No pneumothorax.",Borderline enlargement of the cardiac silhouette without acute pulmonary disease.,False,insufficient,abstain,Available evidence is insufficient for reliable generation.,none,generate a radiology report for this chest x - ray. findings : the lungs are clear without consolidation or edema. there is no pleural effusion or pneumothorax. the cardiomediastinal silhouette is normal. impression : no acute cardiopulmonary process.,[ABSTAIN: Insufficient evidence for report generation],False,251,54,4,0
IU_14,sufficient,none,data\processed\iu_xray\images\IU_14_frontal.jpg,"XXXX-year-old female, chest pain","Heart size within normal limits, stable mediastinal and hilar contours. Mild hyperinflation appears similar to prior. No focal alveolar consolidation, no definite pleural effusion seen. Scattered chronic appearing irregular interstitial markings, no typical findings of pulmonary edema.",No acute findings,True,sufficient,generate,Evidence is sufficient and context is consistent.,sufficient,"clinical indication : xxxx - year - old female, chest pain generate a radiology report for this chest x - ray. findings : the lungs are well expanded and clear. cardiomediastinal and hilar contours are unremarkable. there is no pleural effusion or pneumothorax. impression : unremarkable chest x - ray.","clinical indication : xxxx - year - old female, chest pain generate a radiology report for this chest x - ray. findings : the lungs are well expanded and clear. cardiomediastinal and hilar contours are unremarkable. there is no pleural effusion or pneumothorax. impression : unremarkable chest x - ray.",False,302,302,2,2
IU_14,incomplete,partial_context_reduction,data\processed\iu_xray\images\IU_14_frontal.jpg,chest pain,"Heart size within normal limits, stable mediastinal and hilar contours. Mild hyperinflation appears similar to prior. No focal alveolar consolidation, no definite pleural effusion seen. Scattered chronic appearing irregular interstitial markings, no typical findings of pulmonary edema.",No acute findings,True,sufficient,generate,Evidence is sufficient and context is consistent.,incomplete,clinical indication : chest pain generate a radiology report for this chest x - ray. findings : frontal and lateral chest radiographs demonstrate a normal cardiomediastinal silhouette and well - aerated lungs which are clear. there is no pleural effusion or pneumothorax. impression : normal chest radiograph.,clinical indication : chest pain generate a radiology report for this chest x - ray. findings : frontal and lateral chest radiographs demonstrate a normal cardiomediastinal silhouette and well - aerated lungs which are clear. there is no pleural effusion or pneumothorax. impression : normal chest radiograph.,False,309,309,2,2
IU_14,irrelevant,cross_case_context_swap,data\processed\iu_xray\images\IU_14_frontal.jpg,Dyspnea,"Heart size within normal limits, stable mediastinal and hilar contours. Mild hyperinflation appears similar to prior. No focal alveolar consolidation, no definite pleural effusion seen. Scattered chronic appearing irregular interstitial markings, no typical findings of pulmonary edema.",No acute findings,True,irrelevant,discount_context,Provided clinical context is not relevant to the imaging task.,insufficient,clinical indication : dyspnea generate a radiology report for this chest x - ray. findings : the lungs are clear without infiltrate or effusion. the bony thorax is normal. the cardiac and mediastinal silhouettes are normal. impression : normal chest x - ray.,generate a radiology report for this chest x - ray. findings : the lungs are clear without consolidation or edema. there is no pleural effusion or pneumothorax. the cardiomediastinal silhouette is normal. impression : normal chest x - ray.,False,258,239,2,4
IU_14,conflicting,negative_finding_contradiction,data\processed\iu_xray\images\IU_14_frontal.jpg,Pulmonary edema is present.,"Heart size within normal limits, stable mediastinal and hilar contours. Mild hyperinflation appears similar to prior. No focal alveolar consolidation, no definite pleural effusion seen. Scattered chronic appearing irregular interstitial markings, no typical findings of pulmonary edema.",No acute findings,True,conflicting,qualify_or_abstain,Clinical context conflicts with available evidence.,conflicting,clinical indication : pulmonary edema is present. generate a radiology report for this chest x - ray. findings : the lungs are clear without consolidation or edema. there is no pleural effusion or pneumothorax. the cardiomediastinal silhouette is normal. impression : no acute cardiopulmonary process.,[WARNING: Clinical context conflict detected] clinical indication : pulmonary edema is present. generate a radiology report for this chest x - ray. findings : the lungs are clear without consolidation or edema. there is no pleural effusion or pneumothorax. the cardiomediastinal silhouette is normal. impression : no acute cardiopulmonary process.,False,301,347,4,4
IU_14,insufficient,context_removed,data\processed\iu_xray\images\IU_14_frontal.jpg,,"Heart size within normal limits, stable mediastinal and hilar contours. Mild hyperinflation appears similar to prior. No focal alveolar consolidation, no definite pleural effusion seen. Scattered chronic appearing irregular interstitial markings, no typical findings of pulmonary edema.",No acute findings,False,insufficient,abstain,Available evidence is insufficient for reliable generation.,none,generate a radiology report for this chest x - ray. findings : the lungs are clear without consolidation or edema. there is no pleural effusion or pneumothorax. the cardiomediastinal silhouette is normal. impression : normal chest x - ray.,[ABSTAIN: Insufficient evidence for report generation],False,239,54,4,0
IU_15,irrelevant,cross_case_context_swap,data\processed\iu_xray\images\IU_15_frontal.jpg,"XXXX-year-old female, chest pain.",Cardiomediastinal silhouette and pulmonary vasculature are within normal limits. Lungs are clear. No pneumothorax or pleural effusion. Evidence of prior granulomatous disease. No acute osseous findings.,No acute cardiopulmonary findings.,True,irrelevant,discount_context,Provided clinical context is not relevant to the imaging task.,insufficient,"clinical indication : xxxx - year - old female, chest pain. generate a radiology report for this chest x - ray. findings : the lungs are clear. there is no pleural effusion or pneumothorax. the cardiomediastinal silhouette is normal. impression : normal chest x - ray.",generate a radiology report for this chest x - ray. findings : the lungs are clear without focal consolidation. no pleural effusion or pneumothorax is seen. the cardiac and mediastinal silhouettes are unremarkable. no displaced fracture is seen. impression : no acute cardiopulmonary process.,False,268,292,2,4
IU_15,insufficient,context_removed,data\processed\iu_xray\images\IU_15_frontal.jpg,,Cardiomediastinal silhouette and pulmonary vasculature are within normal limits. Lungs are clear. No pneumothorax or pleural effusion. Evidence of prior granulomatous disease. No acute osseous findings.,No acute cardiopulmonary findings.,False,insufficient,abstain,Available evidence is insufficient for reliable generation.,none,generate a radiology report for this chest x - ray. findings : the lungs are clear without focal consolidation. no pleural effusion or pneumothorax is seen. the cardiac and mediastinal silhouettes are unremarkable. no displaced fracture is seen. impression : no acute cardiopulmonary process.,[ABSTAIN: Insufficient evidence for report generation],False,292,54,4,0
IU_17,sufficient,none,data\processed\iu_xray\images\IU_17_frontal.jpg,"XXXX-year-old female, chest pain.",No focal areas of consolidation. No suspicious pulmonary opacities. Heart size within normal limits. No pleural effusions. No evidence of pneumothorax. Osseous structures intact.,No acute cardiopulmonary abnormality.,True,sufficient,generate,Evidence is sufficient and context is consistent.,sufficient,"clinical indication : xxxx - year - old female, chest pain. generate a radiology report for this chest x - ray. findings : the lungs are well expanded and clear. cardiomediastinal and hilar contours are unremarkable. there is no pleural effusion or pneumothorax. impression : unremarkable chest radiographic examination.","clinical indication : xxxx - year - old female, chest pain. generate a radiology report for this chest x - ray. findings : the lungs are well expanded and clear. cardiomediastinal and hilar contours are unremarkable. there is no pleural effusion or pneumothorax. impression : unremarkable chest radiographic examination.",False,320,320,2,2
IU_17,incomplete,partial_context_reduction,data\processed\iu_xray\images\IU_17_frontal.jpg,chest pain.,No focal areas of consolidation. No suspicious pulmonary opacities. Heart size within normal limits. No pleural effusions. No evidence of pneumothorax. Osseous structures intact.,No acute cardiopulmonary abnormality.,True,sufficient,generate,Evidence is sufficient and context is consistent.,incomplete,clinical indication : chest pain. generate a radiology report for this chest x - ray. findings : the lungs are clear without consolidation or edema. there is no pleural effusion or pneumothorax. the cardiomediastinal silhouette is normal. impression : no acute cardiopulmonary process.,clinical indication : chest pain. generate a radiology report for this chest x - ray. findings : the lungs are clear without consolidation or edema. there is no pleural effusion or pneumothorax. the cardiomediastinal silhouette is normal. impression : no acute cardiopulmonary process.,False,285,285,4,4
IU_17,irrelevant,cross_case_context_swap,data\processed\iu_xray\images\IU_17_frontal.jpg,"XXXX-year-old male, pain",No focal areas of consolidation. No suspicious pulmonary opacities. Heart size within normal limits. No pleural effusions. No evidence of pneumothorax. Osseous structures intact.,No acute cardiopulmonary abnormality.,True,irrelevant,discount_context,Provided clinical context is not relevant to the imaging task.,insufficient,"clinical indication : xxxx - year - old male, pain generate a radiology report for this chest x - ray. findings : lungs are clear. cardiomediastinal and hilar contours are unremarkable. there is no pleural effusion or pneumothorax. impression : unremarkable chest radiograph.",generate a radiology report for this chest x - ray. findings : the lungs are clear without consolidation or edema. there is no pleural effusion or pneumothorax. the cardiomediastinal silhouette is normal. impression : no acute cardiopulmonary process.,False,275,251,2,4
IU_17,conflicting,negative_finding_contradiction,data\processed\iu_xray\images\IU_17_frontal.jpg,Pleural effusion is present.,No focal areas of consolidation. No suspicious pulmonary opacities. Heart size within normal limits. No pleural effusions. No evidence of pneumothorax. Osseous structures intact.,No acute cardiopulmonary abnormality.,True,conflicting,qualify_or_abstain,Clinical context conflicts with available evidence.,conflicting,clinical indication : pleural effusion is present. generate a radiology report for this chest x - ray. findings : frontal and lateral chest radiographs demonstrate a normal cardiomediastinal silhouette and well - aerated lungs which are clear. there is no pleural effusion or pneumothorax. impression : normal chest radiograph.,[WARNING: Clinical context conflict detected] clinical indication : pleural effusion is present. generate a radiology report for this chest x - ray. findings : frontal and lateral chest radiographs demonstrate a normal cardiomediastinal silhouette and well - aerated lungs which are clear. there is no pleural effusion or pneumothorax. impression : normal chest radiograph.,False,327,373,2,2
IU_17,insufficient,context_removed,data\processed\iu_xray\images\IU_17_frontal.jpg,,No focal areas of consolidation. No suspicious pulmonary opacities. Heart size within normal limits. No pleural effusions. No evidence of pneumothorax. Osseous structures intact.,No acute cardiopulmonary abnormality.,False,insufficient,abstain,Available evidence is insufficient for reliable generation.,none,generate a radiology report for this chest x - ray. findings : the lungs are clear without consolidation or edema. there is no pleural effusion or pneumothorax. the cardiomediastinal silhouette is normal. impression : no acute cardiopulmonary process.,[ABSTAIN: Insufficient evidence for report generation],False,251,54,4,0
IU_18,sufficient,none,data\processed\iu_xray\images\IU_18_frontal.jpg,"XXXX-year-old male, pain","Heart size within normal limits. No focal alveolar consolidation, no definite pleural effusion seen. No typical findings of pulmonary edema. No pneumothorax.",No acute cardiopulmonary findings,True,sufficient,generate,Evidence is sufficient and context is consistent.,sufficient,"clinical indication : xxxx - year - old male, pain generate a radiology report for this chest x - ray. findings : lungs are clear. cardiomediastinal and hilar contours are unremarkable. there is no pleural effusion or pneumothorax. impression : unremarkable chest radiograph.","clinical indication : xxxx - year - old male, pain generate a radiology report for this chest x - ray. findings : lungs are clear. cardiomediastinal and hilar contours are unremarkable. there is no pleural effusion or pneumothorax. impression : unremarkable chest radiograph.",False,275,275,2,2
IU_18,incomplete,partial_context_reduction,data\processed\iu_xray\images\IU_18_frontal.jpg,pain,"Heart size within normal limits. No focal alveolar consolidation, no definite pleural effusion seen. No typical findings of pulmonary edema. No pneumothorax.",No acute cardiopulmonary findings,True,sufficient,generate,Evidence is sufficient and context is consistent.,incomplete,clinical indication : pain generate a radiology report for this chest x - ray. findings : the lungs are clear without consolidation or edema. there is no pleural effusion or pneumothorax. the cardiomediastinal silhouette is normal. impression : no acute cardiopulmonary process.,clinical indication : pain generate a radiology report for this chest x - ray. findings : the lungs are clear without consolidation or edema. there is no pleural effusion or pneumothorax. the cardiomediastinal silhouette is normal. impression : no acute cardiopulmonary process.,False,278,278,4,4
IU_18,irrelevant,cross_case_context_swap,data\processed\iu_xray\images\IU_18_frontal.jpg,"XXXX, preop for abdominal aortic aneurysm repair","Heart size within normal limits. No focal alveolar consolidation, no definite pleural effusion seen. No typical findings of pulmonary edema. No pneumothorax.",No acute cardiopulmonary findings,True,irrelevant,discount_context,Provided clinical context is not relevant to the imaging task.,insufficient,"clinical indication : xxxx, preop for abdominal aortic aneurysm repair generate a radiology report for this chest x - ray. findings : the lungs are clear without focal consolidation, pleural effusion or pneumothorax. the heart is normal in size. the mediastinal contours are normal. impression : no acute cardiopulmonary process.",generate a radiology report for this chest x - ray. findings : the lungs are clear without consolidation or edema. there is no pleural effusion or pneumothorax. the cardiomediastinal silhouette is normal. impression : no acute cardiopulmonary process.,False,329,251,3,4
IU_18,conflicting,negative_finding_contradiction,data\processed\iu_xray\images\IU_18_frontal.jpg,Pulmonary edema is present.,"Heart size within normal limits. No focal alveolar consolidation, no definite pleural effusion seen. No typical findings of pulmonary edema. No pneumothorax.",No acute cardiopulmonary findings,True,conflicting,qualify_or_abstain,Clinical context conflicts with available evidence.,conflicting,clinical indication : pulmonary edema is present. generate a radiology report for this chest x - ray. findings : the lungs are clear without consolidation or edema. there is no pleural effusion or pneumothorax. the cardiomediastinal silhouette is normal. impression : no acute cardiopulmonary process.,[WARNING: Clinical context conflict detected] clinical indication : pulmonary edema is present. generate a radiology report for this chest x - ray. findings : the lungs are clear without consolidation or edema. there is no pleural effusion or pneumothorax. the cardiomediastinal silhouette is normal. impression : no acute cardiopulmonary process.,False,301,347,4,4
IU_18,insufficient,context_removed,data\processed\iu_xray\images\IU_18_frontal.jpg,,"Heart size within normal limits. No focal alveolar consolidation, no definite pleural effusion seen. No typical findings of pulmonary edema. No pneumothorax.",No acute cardiopulmonary findings,False,insufficient,abstain,Available evidence is insufficient for reliable generation.,none,generate a radiology report for this chest x - ray. findings : the lungs are clear without consolidation or edema. there is no pleural effusion or pneumothorax. the cardiomediastinal silhouette is normal. impression : no acute cardiopulmonary process.,[ABSTAIN: Insufficient evidence for report generation],False,251,54,4,0
IU_19,sufficient,none,data\processed\iu_xray\images\IU_19_frontal.jpg,"XXXX, preop for abdominal aortic aneurysm repair","Heart size is normal. There is tortuosity of the thoracic aorta, stable compared with prior. No focal airspace disease or effusion. No pleural effusions or pneumothoraces. Degenerative changes in the thoracic spine.",No acute cardiopulmonary process.,True,sufficient,generate,Evidence is sufficient and context is consistent.,sufficient,"clinical indication : xxxx, preop for abdominal aortic aneurysm repair generate a radiology report for this chest x - ray. findings : the lungs are clear without focal consolidation, pleural effusion, or pneumothorax. the pulmonary vasculature is not engorged. the cardiac silhouette is normal in size. the mediastinal and hilar contours are within normal limits. impression : no acute cardiopulmonary process.","clinical indication : xxxx, preop for abdominal aortic aneurysm repair generate a radiology report for this chest x - ray. findings : the lungs are clear without focal consolidation, pleural effusion, or pneumothorax. the pulmonary vasculature is not engorged. the cardiac silhouette is normal in size. the mediastinal and hilar contours are within normal limits. impression : no acute cardiopulmonary process.",False,410,410,3,3
IU_19,irrelevant,cross_case_context_swap,data\processed\iu_xray\images\IU_19_frontal.jpg,XXXX-year-old female with XXXX.,"Heart size is normal. There is tortuosity of the thoracic aorta, stable compared with prior. No focal airspace disease or effusion. No pleural effusions or pneumothoraces. Degenerative changes in the thoracic spine.",No acute cardiopulmonary process.,True,irrelevant,discount_context,Provided clinical context is not relevant to the imaging task.,insufficient,clinical indication : xxxx - year - old female with xxxx. generate a radiology report for this chest x - ray. findings : the lungs are well expanded and clear. there is no pleural abnormality. the heart is top - normal in size. the mediastinal and hilar contours are unremarkable. impression : no acute cardiopulmonary abnormality.,"generate a radiology report for this chest x - ray. findings : the lungs are well expanded and clear. there is no focal consolidation, effusion, or pneumothorax. cardiac and mediastinal contours are normal. impression : normal chest x - ray.",False,331,241,0,3
IU_19,conflicting,negative_finding_contradiction,data\processed\iu_xray\images\IU_19_frontal.jpg,Pleural effusion is present.,"Heart size is normal. There is tortuosity of the thoracic aorta, stable compared with prior. No focal airspace disease or effusion. No pleural effusions or pneumothoraces. Degenerative changes in the thoracic spine.",No acute cardiopulmonary process.,True,conflicting,qualify_or_abstain,Clinical context conflicts with available evidence.,conflicting,clinical indication : pleural effusion is present. generate a radiology report for this chest x - ray. findings : frontal and lateral chest radiographs demonstrate a normal cardiomediastinal silhouette and well - aerated lungs which are clear. there is no pleural effusion or pneumothorax. impression : normal chest radiograph.,[WARNING: Clinical context conflict detected] clinical indication : pleural effusion is present. generate a radiology report for this chest x - ray. findings : frontal and lateral chest radiographs demonstrate a normal cardiomediastinal silhouette and well - aerated lungs which are clear. there is no pleural effusion or pneumothorax. impression : normal chest radiograph.,False,327,373,2,2
IU_19,insufficient,context_removed,data\processed\iu_xray\images\IU_19_frontal.jpg,,"Heart size is normal. There is tortuosity of the thoracic aorta, stable compared with prior. No focal airspace disease or effusion. No pleural effusions or pneumothoraces. Degenerative changes in the thoracic spine.",No acute cardiopulmonary process.,False,insufficient,abstain,Available evidence is insufficient for reliable generation.,none,"generate a radiology report for this chest x - ray. findings : the lungs are well expanded and clear. there is no focal consolidation, effusion, or pneumothorax. cardiac and mediastinal contours are normal. impression : normal chest x - ray.",[ABSTAIN: Insufficient evidence for report generation],False,241,54,3,0
IU_20,sufficient,none,data\processed\iu_xray\images\IU_20_frontal.jpg,XXXX-year-old female with XXXX.,The cardiac and mediastinal silhouettes are unremarkable. The lungs are well expanded and clear. There are no focal air space opacities. There is no pneumothorax or effusion. There are mild degenerative changes of the thoracic spine.,No evidence of acute cardiopulmonary process. Stable appearance of the chest.,True,sufficient,generate,Evidence is sufficient and context is consistent.,sufficient,"clinical indication : xxxx - year - old female with xxxx. generate a radiology report for this chest x - ray. findings : frontal and lateral chest radiographs demonstrate a normal cardiomediastinal silhouette and well - aerated lungs which are clear. there is no focal consolidation, pleural effusion, or pneumothorax. the visualized upper abdomen is unremarkable. impression : normal chest radiograph.","clinical indication : xxxx - year - old female with xxxx. generate a radiology report for this chest x - ray. findings : frontal and lateral chest radiographs demonstrate a normal cardiomediastinal silhouette and well - aerated lungs which are clear. there is no focal consolidation, pleural effusion, or pneumothorax. the visualized upper abdomen is unremarkable. impression : normal chest radiograph.",False,402,402,3,3
IU_20,irrelevant,cross_case_context_swap,data\processed\iu_xray\images\IU_20_frontal.jpg,XXXX-year-old woman with XXXX for 3 weeks.,The cardiac and mediastinal silhouettes are unremarkable. The lungs are well expanded and clear. There are no focal air space opacities. There is no pneumothorax or effusion. There are mild degenerative changes of the thoracic spine.,No evidence of acute cardiopulmonary process. Stable appearance of the chest.,True,irrelevant,discount_context,Provided clinical context is not relevant to the imaging task.,insufficient,"clinical indication : xxxx - year - old woman with xxxx for 3 weeks. generate a radiology report for this chest x - ray. findings : the lungs are well inflated and clear. the cardiomediastinal silhouette, hilar contours, and pleural surfaces are normal. there is no pleural effusion or pneumothorax. impression : no acute cardiopulmonary process.",generate a radiology report for this chest x - ray. findings : the lungs are clear without consolidation or edema. there is no pleural effusion or pneumothorax. the cardiomediastinal silhouette is normal. impression : no acute cardiopulmonary process.,False,346,251,2,4
IU_20,conflicting,negative_finding_contradiction,data\processed\iu_xray\images\IU_20_frontal.jpg,A pneumothorax is present.,The cardiac and mediastinal silhouettes are unremarkable. The lungs are well expanded and clear. There are no focal air space opacities. There is no pneumothorax or effusion. There are mild degenerative changes of the thoracic spine.,No evidence of acute cardiopulmonary process. Stable appearance of the chest.,True,conflicting,qualify_or_abstain,Clinical context conflicts with available evidence.,conflicting,"clinical indication : a pneumothorax is present. generate a radiology report for this chest x - ray. findings : the heart size is normal. the hilar and mediastinal contours are within normal limits. there is no pneumothorax, focal consolidation, or pleural effusion. impression : no pneumothorax.","[WARNING: Clinical context conflict detected] clinical indication : a pneumothorax is present. generate a radiology report for this chest x - ray. findings : the heart size is normal. the hilar and mediastinal contours are within normal limits. there is no pneumothorax, focal consolidation, or pleural effusion. impression : no pneumothorax.",False,296,342,3,3
IU_20,insufficient,context_removed,data\processed\iu_xray\images\IU_20_frontal.jpg,,The cardiac and mediastinal silhouettes are unremarkable. The lungs are well expanded and clear. There are no focal air space opacities. There is no pneumothorax or effusion. There are mild degenerative changes of the thoracic spine.,No evidence of acute cardiopulmonary process. Stable appearance of the chest.,False,insufficient,abstain,Available evidence is insufficient for reliable generation.,none,generate a radiology report for this chest x - ray. findings : the lungs are clear without consolidation or edema. there is no pleural effusion or pneumothorax. the cardiomediastinal silhouette is normal. impression : no acute cardiopulmonary process.,[ABSTAIN: Insufficient evidence for report generation],False,251,54,4,0
IU_22,sufficient,none,data\processed\iu_xray\images\IU_22_frontal.jpg,XXXX-year-old woman with XXXX for 3 weeks.,"The lungs are clear, and without focal air space opacity. The cardiomediastinal silhouette is normal in size and contour, and stable. There is no pneumothorax large pleural effusion.",No acute cardiopulmonary abnormality.,True,sufficient,generate,Evidence is sufficient and context is consistent.,sufficient,clinical indication : xxxx - year - old woman with xxxx for 3 weeks. generate a radiology report for this chest x - ray. findings : normal cardiomediastinal and hilar contours. lungs are clear. no pleural effusion or pneumothorax. impression : normal chest radiograph.,clinical indication : xxxx - year - old woman with xxxx for 3 weeks. generate a radiology report for this chest x - ray. findings : normal cardiomediastinal and hilar contours. lungs are clear. no pleural effusion or pneumothorax. impression : normal chest radiograph.,False,268,268,2,2
IU_22,irrelevant,cross_case_context_swap,data\processed\iu_xray\images\IU_22_frontal.jpg,"Nausea, vomiting, preop for surgery","The lungs are clear, and without focal air space opacity. The cardiomediastinal silhouette is normal in size and contour, and stable. There is no pneumothorax large pleural effusion.",No acute cardiopulmonary abnormality.,True,irrelevant,discount_context,Provided clinical context is not relevant to the imaging task.,insufficient,"clinical indication : nausea, vomiting, preop for surgery generate a radiology report for this chest x - ray. findings : the lungs are clear without focal consolidation, pleural effusion, or pneumothorax. the heart is normal in size. the mediastinal contours are within normal limits. impression : no acute cardiopulmonary process.","generate a radiology report for this chest x - ray. findings : the lungs are clear without focal consolidation, pleural effusion, or pneumothorax. the heart size is normal. the cardiac, hilar, and mediastinal contours are within normal limits. impression : no acute cardiopulmonary abnormality.",False,331,294,3,3
IU_22,conflicting,negative_finding_contradiction,data\processed\iu_xray\images\IU_22_frontal.jpg,A pneumothorax is present.,"The lungs are clear, and without focal air space opacity. The cardiomediastinal silhouette is normal in size and contour, and stable. There is no pneumothorax large pleural effusion.",No acute cardiopulmonary abnormality.,True,conflicting,qualify_or_abstain,Clinical context conflicts with available evidence.,conflicting,"clinical indication : a pneumothorax is present. generate a radiology report for this chest x - ray. findings : the heart size is normal. the hilar and mediastinal contours are within normal limits. there is no pneumothorax, focal consolidation, or pleural effusion. impression : no pneumothorax.","[WARNING: Clinical context conflict detected] clinical indication : a pneumothorax is present. generate a radiology report for this chest x - ray. findings : the heart size is normal. the hilar and mediastinal contours are within normal limits. there is no pneumothorax, focal consolidation, or pleural effusion. impression : no pneumothorax.",False,296,342,3,3
IU_22,insufficient,context_removed,data\processed\iu_xray\images\IU_22_frontal.jpg,,"The lungs are clear, and without focal air space opacity. The cardiomediastinal silhouette is normal in size and contour, and stable. There is no pneumothorax large pleural effusion.",No acute cardiopulmonary abnormality.,False,insufficient,abstain,Available evidence is insufficient for reliable generation.,none,"generate a radiology report for this chest x - ray. findings : the lungs are clear without focal consolidation, pleural effusion, or pneumothorax. the heart size is normal. the cardiac, hilar, and mediastinal contours are within normal limits. impression : no acute cardiopulmonary abnormality.",[ABSTAIN: Insufficient evidence for report generation],False,294,54,3,0
IU_23,sufficient,none,data\processed\iu_xray\images\IU_23_frontal.jpg,"Nausea, vomiting, preop for surgery",The heart size and pulmonary vascularity appear within normal limits. The lungs are free of focal airspace disease. No pleural effusion or pneumothorax is seen.,No evidence of active disease.,True,sufficient,generate,Evidence is sufficient and context is consistent.,sufficient,"clinical indication : nausea, vomiting, preop for surgery generate a radiology report for this chest x - ray. findings : the lungs are clear without focal consolidation, pleural effusion, or pneumothorax. the heart size is normal. the cardiac, hilar, and mediastinal contours are within normal limits. impression : no acute cardiopulmonary process.","clinical indication : nausea, vomiting, preop for surgery generate a radiology report for this chest x - ray. findings : the lungs are clear without focal consolidation, pleural effusion, or pneumothorax. the heart size is normal. the cardiac, hilar, and mediastinal contours are within normal limits. impression : no acute cardiopulmonary process.",False,348,348,3,3
IU_23,incomplete,partial_context_reduction,data\processed\iu_xray\images\IU_23_frontal.jpg,preop for surgery,The heart size and pulmonary vascularity appear within normal limits. The lungs are free of focal airspace disease. No pleural effusion or pneumothorax is seen.,No evidence of active disease.,True,sufficient,generate,Evidence is sufficient and context is consistent.,incomplete,"clinical indication : preop for surgery generate a radiology report for this chest x - ray. findings : the lungs are clear without focal consolidation, pleural effusion, or pneumothorax. the heart is normal in size. the mediastinal contours are normal. impression : no acute cardiopulmonary process.","clinical indication : preop for surgery generate a radiology report for this chest x - ray. findings : the lungs are clear without focal consolidation, pleural effusion, or pneumothorax. the heart is normal in size. the mediastinal contours are normal. impression : no acute cardiopulmonary process.",False,299,299,3,3
IU_23,irrelevant,cross_case_context_swap,data\processed\iu_xray\images\IU_23_frontal.jpg,Positive TB test,The heart size and pulmonary vascularity appear within normal limits. The lungs are free of focal airspace disease. No pleural effusion or pneumothorax is seen.,No evidence of active disease.,True,irrelevant,discount_context,Provided clinical context is not relevant to the imaging task.,insufficient,"clinical indication : positive tb test generate a radiology report for this chest x - ray. findings : the lungs are clear without focal consolidation, pleural effusion, or pneumothorax. the heart is normal in size. the mediastinal contours are normal. impression : no acute cardiopulmonary process.",generate a radiology report for this chest x - ray. findings : the lungs are clear without consolidation or edema. there is no pleural effusion or pneumothorax. the cardiomediastinal silhouette is normal. impression : no acute cardiopulmonary process.,False,298,251,3,4
IU_23,conflicting,negative_finding_contradiction,data\processed\iu_xray\images\IU_23_frontal.jpg,A pleural effusion is present.,The heart size and pulmonary vascularity appear within normal limits. The lungs are free of focal airspace disease. No pleural effusion or pneumothorax is seen.,No evidence of active disease.,True,conflicting,qualify_or_abstain,Clinical context conflicts with available evidence.,conflicting,clinical indication : a pleural effusion is present. generate a radiology report for this chest x - ray. findings : the lungs are clear. the heart size is normal. the mediastinal contours are normal. there are no pleural effusions. no pneumothorax is seen. impression : no acute cardiac or pulmonary process.,[WARNING: Clinical context conflict detected] clinical indication : a pleural effusion is present. generate a radiology report for this chest x - ray. findings : the lungs are clear. the heart size is normal. the mediastinal contours are normal. there are no pleural effusions. no pneumothorax is seen. impression : no acute cardiac or pulmonary process.,False,308,354,2,2
IU_23,insufficient,context_removed,data\processed\iu_xray\images\IU_23_frontal.jpg,,The heart size and pulmonary vascularity appear within normal limits. The lungs are free of focal airspace disease. No pleural effusion or pneumothorax is seen.,No evidence of active disease.,False,insufficient,abstain,Available evidence is insufficient for reliable generation.,none,generate a radiology report for this chest x - ray. findings : the lungs are clear without consolidation or edema. there is no pleural effusion or pneumothorax. the cardiomediastinal silhouette is normal. impression : no acute cardiopulmonary process.,[ABSTAIN: Insufficient evidence for report generation],False,251,54,4,0
