sample_id,condition,system,report_length_chars,claim_count,claim_count_per_report,has_supported_claim,has_omission,has_extra_negation,has_ungrounded_affirmation,has_unsupported_affirmation,has_contradiction,has_unclear_claim
IU_1,sufficient,baseline,298,3,3.0,True,True,False,False,False,False,False
IU_1,irrelevant,baseline,305,3,3.0,True,True,False,False,False,False,False
IU_1,conflicting,baseline,373,2,2.0,True,True,False,False,False,False,False
IU_1,insufficient,baseline,251,4,4.0,True,False,False,False,False,False,False
IU_2,sufficient,baseline,305,3,3.0,False,True,True,False,False,False,False
IU_2,irrelevant,baseline,327,2,2.0,False,True,True,False,False,False,False
IU_2,conflicting,baseline,392,3,3.0,False,True,True,False,False,False,False
IU_2,insufficient,baseline,251,4,4.0,False,True,True,False,False,False,False
IU_4,sufficient,baseline,299,2,2.0,True,True,False,False,False,False,False
IU_4,irrelevant,baseline,365,4,4.0,True,True,False,True,False,False,False
IU_4,insufficient,baseline,252,4,4.0,True,True,True,False,False,False,False
IU_5,sufficient,baseline,335,2,2.0,True,True,False,False,False,False,False
IU_5,incomplete,baseline,338,2,2.0,True,True,False,False,False,False,False
IU_5,irrelevant,baseline,330,2,2.0,True,True,False,False,False,False,False
IU_5,conflicting,baseline,327,2,2.0,True,True,False,False,False,False,False
IU_5,insufficient,baseline,251,4,4.0,True,True,True,False,False,False,False
IU_6,sufficient,baseline,286,2,2.0,True,True,False,False,False,False,False
IU_6,irrelevant,baseline,302,3,3.0,True,True,False,False,False,False,False
IU_6,conflicting,baseline,318,2,2.0,True,True,False,False,False,False,False
IU_6,insufficient,baseline,251,4,4.0,True,True,True,False,False,False,False
IU_7,sufficient,baseline,326,3,3.0,True,True,True,False,False,False,False
IU_7,irrelevant,baseline,381,2,2.0,True,True,True,False,False,False,False
IU_7,conflicting,baseline,306,4,4.0,True,True,True,False,False,False,False
IU_7,insufficient,baseline,251,4,4.0,True,True,True,False,False,False,False
IU_8,sufficient,baseline,377,2,2.0,True,True,False,False,False,False,False
IU_8,incomplete,baseline,307,4,4.0,True,True,True,False,False,False,False
IU_8,irrelevant,baseline,341,3,3.0,True,True,True,False,False,False,False
IU_8,conflicting,baseline,314,2,2.0,True,True,False,False,False,False,False
IU_8,insufficient,baseline,239,4,4.0,True,True,True,False,False,False,False
IU_9,sufficient,baseline,337,3,3.0,True,True,False,False,False,False,False
IU_9,incomplete,baseline,358,3,3.0,True,True,False,False,False,False,False
IU_9,irrelevant,baseline,318,2,2.0,True,True,False,False,False,False,False
IU_9,insufficient,baseline,251,4,4.0,True,True,True,False,False,False,False
IU_10,sufficient,baseline,289,2,2.0,True,True,False,False,False,False,False
IU_10,incomplete,baseline,295,2,2.0,True,True,False,False,False,False,False
IU_10,irrelevant,baseline,317,3,3.0,True,True,True,False,False,False,False
IU_10,conflicting,baseline,327,2,2.0,True,True,False,False,False,False,False
IU_10,insufficient,baseline,251,4,4.0,True,True,True,False,False,False,False
IU_11,sufficient,baseline,310,4,4.0,True,False,True,False,False,False,False
IU_11,incomplete,baseline,303,3,3.0,True,False,True,False,False,False,False
IU_11,irrelevant,baseline,304,2,2.0,True,False,False,False,False,False,False
IU_11,conflicting,baseline,327,2,2.0,True,False,False,False,False,False,False
IU_11,insufficient,baseline,239,4,4.0,True,False,True,False,False,False,False
IU_12,irrelevant,baseline,387,3,3.0,True,False,True,False,False,False,False
IU_12,insufficient,baseline,251,4,4.0,True,False,True,False,False,False,False
IU_13,irrelevant,baseline,290,2,2.0,True,True,False,False,False,False,False
IU_13,insufficient,baseline,251,4,4.0,True,True,True,False,False,False,False
IU_14,sufficient,baseline,302,2,2.0,True,True,True,False,False,False,False
IU_14,incomplete,baseline,309,2,2.0,True,True,True,False,False,False,False
IU_14,irrelevant,baseline,258,2,2.0,True,True,True,False,False,False,False
IU_14,conflicting,baseline,301,4,4.0,True,True,True,False,False,False,False
IU_14,insufficient,baseline,239,4,4.0,True,True,True,False,False,False,False
IU_15,irrelevant,baseline,268,2,2.0,True,True,False,False,False,False,False
IU_15,insufficient,baseline,292,4,4.0,True,True,True,False,False,False,False
IU_17,sufficient,baseline,320,2,2.0,True,True,False,False,False,False,False
IU_17,incomplete,baseline,285,4,4.0,True,True,True,False,False,False,False
IU_17,irrelevant,baseline,275,2,2.0,True,True,False,False,False,False,False
IU_17,conflicting,baseline,327,2,2.0,True,True,False,False,False,False,False
IU_17,insufficient,baseline,251,4,4.0,True,True,True,False,False,False,False
IU_18,sufficient,baseline,275,2,2.0,True,True,False,False,False,False,False
IU_18,incomplete,baseline,278,4,4.0,True,False,False,False,False,False,False
IU_18,irrelevant,baseline,329,3,3.0,True,True,False,False,False,False,False
IU_18,conflicting,baseline,301,4,4.0,True,False,False,False,False,False,False
IU_18,insufficient,baseline,251,4,4.0,True,False,False,False,False,False,False
IU_19,sufficient,baseline,410,3,3.0,True,True,True,False,False,False,False
IU_19,irrelevant,baseline,331,0,0.0,False,True,False,False,False,False,False
IU_19,conflicting,baseline,327,2,2.0,True,True,False,False,False,False,False
IU_19,insufficient,baseline,241,3,3.0,True,True,True,False,False,False,False
IU_20,sufficient,baseline,402,3,3.0,True,True,True,False,False,False,False
IU_20,irrelevant,baseline,346,2,2.0,True,True,False,False,False,False,False
IU_20,conflicting,baseline,296,3,3.0,True,True,True,False,False,False,False
IU_20,insufficient,baseline,251,4,4.0,True,True,True,False,False,False,False
IU_22,sufficient,baseline,268,2,2.0,True,True,False,False,False,False,False
IU_22,irrelevant,baseline,331,3,3.0,True,True,True,False,False,False,False
IU_22,conflicting,baseline,296,3,3.0,True,True,True,False,False,False,False
IU_22,insufficient,baseline,294,3,3.0,True,True,True,False,False,False,False
IU_23,sufficient,baseline,348,3,3.0,True,True,True,False,False,False,False
IU_23,incomplete,baseline,299,3,3.0,True,True,True,False,False,False,False
IU_23,irrelevant,baseline,298,3,3.0,True,True,True,False,False,False,False
IU_23,conflicting,baseline,308,2,2.0,True,True,False,False,False,False,False
IU_23,insufficient,baseline,251,4,4.0,True,True,True,False,False,False,False
IU_1,sufficient,gated,298,3,3.0,True,True,False,False,False,False,False
IU_1,irrelevant,gated,251,4,4.0,True,False,False,False,False,False,False
IU_1,conflicting,gated,419,2,2.0,True,True,False,False,False,False,False
IU_1,insufficient,gated,292,4,4.0,True,False,False,False,False,False,False
IU_2,sufficient,gated,305,3,3.0,False,True,True,False,False,False,False
IU_2,irrelevant,gated,251,4,4.0,False,True,True,False,False,False,False
IU_2,conflicting,gated,438,3,3.0,False,True,True,False,False,False,False
IU_2,insufficient,gated,292,4,4.0,False,True,True,False,False,False,False
IU_4,sufficient,gated,299,2,2.0,True,True,False,False,False,False,False
IU_4,irrelevant,gated,252,4,4.0,True,True,True,False,False,False,False
IU_4,insufficient,gated,293,4,4.0,True,True,True,False,False,False,False
IU_5,sufficient,gated,335,2,2.0,True,True,False,False,False,False,False
IU_5,incomplete,gated,338,2,2.0,True,True,False,False,False,False,False
IU_5,irrelevant,gated,251,4,4.0,True,True,True,False,False,False,False
IU_5,conflicting,gated,373,2,2.0,True,True,False,False,False,False,False
IU_5,insufficient,gated,292,4,4.0,True,True,True,False,False,False,False
IU_6,sufficient,gated,286,2,2.0,True,True,False,False,False,False,False
IU_6,irrelevant,gated,251,4,4.0,True,True,True,False,False,False,False
IU_6,conflicting,gated,364,2,2.0,True,True,False,False,False,False,False
IU_6,insufficient,gated,292,4,4.0,True,True,True,False,False,False,False
IU_7,sufficient,gated,326,3,3.0,True,True,True,False,False,False,False
IU_7,irrelevant,gated,251,4,4.0,True,True,True,False,False,False,False
IU_7,conflicting,gated,352,4,4.0,True,True,True,False,False,False,False
IU_7,insufficient,gated,292,4,4.0,True,True,True,False,False,False,False
IU_8,sufficient,gated,377,2,2.0,True,True,False,False,False,False,False
IU_8,incomplete,gated,307,4,4.0,True,True,True,False,False,False,False
IU_8,irrelevant,gated,239,4,4.0,True,True,True,False,False,False,False
IU_8,conflicting,gated,360,2,2.0,True,True,False,False,False,False,False
IU_8,insufficient,gated,280,4,4.0,True,True,True,False,False,False,False
IU_9,sufficient,gated,337,3,3.0,True,True,False,False,False,False,False
IU_9,incomplete,gated,358,3,3.0,True,True,False,False,False,False,False
IU_9,irrelevant,gated,251,4,4.0,True,True,True,False,False,False,False
IU_9,insufficient,gated,292,4,4.0,True,True,True,False,False,False,False
IU_10,sufficient,gated,289,2,2.0,True,True,False,False,False,False,False
IU_10,incomplete,gated,295,2,2.0,True,True,False,False,False,False,False
IU_10,irrelevant,gated,251,4,4.0,True,True,True,False,False,False,False
IU_10,conflicting,gated,373,2,2.0,True,True,False,False,False,False,False
IU_10,insufficient,gated,292,4,4.0,True,True,True,False,False,False,False
IU_11,sufficient,gated,310,4,4.0,True,False,True,False,False,False,False
IU_11,incomplete,gated,303,3,3.0,True,False,True,False,False,False,False
IU_11,irrelevant,gated,239,4,4.0,True,False,True,False,False,False,False
IU_11,conflicting,gated,373,2,2.0,True,False,False,False,False,False,False
IU_11,insufficient,gated,280,4,4.0,True,False,True,False,False,False,False
IU_12,irrelevant,gated,251,4,4.0,True,False,True,False,False,False,False
IU_12,insufficient,gated,292,4,4.0,True,False,True,False,False,False,False
IU_13,irrelevant,gated,251,4,4.0,True,True,True,False,False,False,False
IU_13,insufficient,gated,292,4,4.0,True,True,True,False,False,False,False
IU_14,sufficient,gated,302,2,2.0,True,True,True,False,False,False,False
IU_14,incomplete,gated,309,2,2.0,True,True,True,False,False,False,False
IU_14,irrelevant,gated,239,4,4.0,True,True,True,False,False,False,False
IU_14,conflicting,gated,347,4,4.0,True,True,True,False,False,False,False
IU_14,insufficient,gated,280,4,4.0,True,True,True,False,False,False,False
IU_15,irrelevant,gated,292,4,4.0,True,True,True,False,False,False,False
IU_15,insufficient,gated,333,4,4.0,True,True,True,False,False,False,False
IU_17,sufficient,gated,320,2,2.0,True,True,False,False,False,False,False
IU_17,incomplete,gated,285,4,4.0,True,True,True,False,False,False,False
IU_17,irrelevant,gated,251,4,4.0,True,True,True,False,False,False,False
IU_17,conflicting,gated,373,2,2.0,True,True,False,False,False,False,False
IU_17,insufficient,gated,292,4,4.0,True,True,True,False,False,False,False
IU_18,sufficient,gated,275,2,2.0,True,True,False,False,False,False,False
IU_18,incomplete,gated,278,4,4.0,True,False,False,False,False,False,False
IU_18,irrelevant,gated,251,4,4.0,True,False,False,False,False,False,False
IU_18,conflicting,gated,347,4,4.0,True,False,False,False,False,False,False
IU_18,insufficient,gated,292,4,4.0,True,False,False,False,False,False,False
IU_19,sufficient,gated,410,3,3.0,True,True,True,False,False,False,False
IU_19,irrelevant,gated,241,3,3.0,True,True,True,False,False,False,False
IU_19,conflicting,gated,373,2,2.0,True,True,False,False,False,False,False
IU_19,insufficient,gated,282,3,3.0,True,True,True,False,False,False,False
IU_20,sufficient,gated,402,3,3.0,True,True,True,False,False,False,False
IU_20,irrelevant,gated,251,4,4.0,True,True,True,False,False,False,False
IU_20,conflicting,gated,342,3,3.0,True,True,True,False,False,False,False
IU_20,insufficient,gated,292,4,4.0,True,True,True,False,False,False,False
IU_22,sufficient,gated,268,2,2.0,True,True,False,False,False,False,False
IU_22,irrelevant,gated,294,3,3.0,True,True,True,False,False,False,False
IU_22,conflicting,gated,342,3,3.0,True,True,True,False,False,False,False
IU_22,insufficient,gated,335,3,3.0,True,True,True,False,False,False,False
IU_23,sufficient,gated,348,3,3.0,True,True,True,False,False,False,False
IU_23,incomplete,gated,299,3,3.0,True,True,True,False,False,False,False
IU_23,irrelevant,gated,251,4,4.0,True,True,True,False,False,False,False
IU_23,conflicting,gated,354,2,2.0,True,True,False,False,False,False,False
IU_23,insufficient,gated,292,4,4.0,True,True,True,False,False,False,False
