summary_level,scope_value,report_type,record_count,total_reference_candidates,reference_candidate_comparisons,total_generated_candidates,unsupported_claim_rate_denominator,comparison_candidate_count,supported,omission,extra_negation,ungrounded_affirmation,unsupported_affirmation,contradiction,unclear,unsupported_claim_count,unsupported_claim_rate
overall,all,baseline,576,306,1800,1578,1582,2657,830,854,614,18,2,100,18,120,0.07585335018963338
overall,all,gated,576,306,1800,1460,1471,2657,717,982,625,17,2,87,23,106,0.07205982324949015
benchmark_condition,conflicting,baseline,96,306,300,260,260,395,145,135,90,5,2,16,2,23,0.08846153846153847
benchmark_condition,conflicting,gated,96,306,300,260,260,395,145,135,90,5,2,16,2,23,0.08846153846153847
benchmark_condition,evidentiary_incomplete,baseline,96,306,300,239,239,389,132,150,84,5,0,16,2,21,0.08786610878661087
benchmark_condition,evidentiary_incomplete,gated,96,306,300,239,239,389,132,150,84,5,0,16,2,21,0.08786610878661087
benchmark_condition,insufficient,baseline,96,306,300,362,362,495,156,124,183,3,0,18,2,21,0.058011049723756904
benchmark_condition,insufficient,gated,96,306,300,0,9,495,0,300,0,0,0,0,9,0,0.0
benchmark_condition,irrelevant,baseline,96,306,300,236,238,495,138,144,76,4,0,15,5,19,0.07983193277310924
benchmark_condition,irrelevant,gated,96,306,300,362,362,495,156,124,183,3,0,18,2,21,0.058011049723756904
benchmark_condition,sufficient,baseline,96,306,300,237,239,388,128,149,85,1,0,19,6,20,0.08368200836820083
benchmark_condition,sufficient,gated,96,306,300,237,239,388,128,149,85,1,0,19,6,20,0.08368200836820083
benchmark_condition,syntactic_incomplete,baseline,96,306,300,244,244,495,131,152,96,0,0,16,1,16,0.06557377049180328
benchmark_condition,syntactic_incomplete,gated,96,306,300,362,362,495,156,124,183,3,0,18,2,21,0.058011049723756904
analyzer_evidence_state,conflicting,baseline,96,306,300,260,260,395,145,135,90,5,2,16,2,23,0.08846153846153847
analyzer_evidence_state,conflicting,gated,96,306,300,260,260,395,145,135,90,5,2,16,2,23,0.08846153846153847
analyzer_evidence_state,incomplete,baseline,96,306,300,244,244,495,131,152,96,0,0,16,1,16,0.06557377049180328
analyzer_evidence_state,incomplete,gated,96,306,300,362,362,495,156,124,183,3,0,18,2,21,0.058011049723756904
analyzer_evidence_state,insufficient,baseline,96,306,300,362,362,495,156,124,183,3,0,18,2,21,0.058011049723756904
analyzer_evidence_state,insufficient,gated,96,306,300,0,9,495,0,300,0,0,0,0,9,0,0.0
analyzer_evidence_state,irrelevant,baseline,96,306,300,236,238,495,138,144,76,4,0,15,5,19,0.07983193277310924
analyzer_evidence_state,irrelevant,gated,96,306,300,362,362,495,156,124,183,3,0,18,2,21,0.058011049723756904
analyzer_evidence_state,sufficient,baseline,192,306,600,476,478,777,260,299,169,6,0,35,8,41,0.08577405857740586
analyzer_evidence_state,sufficient,gated,192,306,600,476,478,777,260,299,169,6,0,35,8,41,0.08577405857740586
