sample_id,condition,baseline_claim_count,gated_claim_count,supported,omission,extra_negation,ungrounded_affirmation,unsupported_affirmation,contradiction,unclear
IU_1,sufficient,3,3,3,1,0,0,0,0,0
IU_1,irrelevant,3,4,4,0,0,0,0,0,0
IU_1,conflicting,2,2,2,2,0,0,0,0,0
IU_1,insufficient,4,0,0,4,0,0,0,0,0
IU_2,sufficient,3,3,0,1,3,0,0,0,0
IU_2,irrelevant,2,4,0,1,4,0,0,0,0
IU_2,conflicting,3,3,0,1,3,0,0,0,0
IU_2,insufficient,4,0,0,1,0,0,0,0,0
IU_4,sufficient,2,2,2,3,0,0,0,0,0
IU_4,irrelevant,4,4,2,3,2,0,0,0,0
IU_4,insufficient,4,0,0,5,0,0,0,0,0
IU_5,sufficient,2,2,2,3,0,0,0,0,0
IU_5,incomplete,2,2,2,3,0,0,0,0,0
IU_5,irrelevant,2,4,3,2,1,0,0,0,0
IU_5,conflicting,2,2,2,3,0,0,0,0,0
IU_5,insufficient,4,0,0,5,0,0,0,0,0
IU_6,sufficient,2,2,2,3,0,0,0,0,0
IU_6,irrelevant,3,4,3,2,1,0,0,0,0
IU_6,conflicting,2,2,2,3,0,0,0,0,0
IU_6,insufficient,4,0,0,5,0,0,0,0,0
IU_7,sufficient,3,3,2,1,1,0,0,0,0
IU_7,irrelevant,2,4,2,1,2,0,0,0,0
IU_7,conflicting,4,4,2,1,2,0,0,0,0
IU_7,insufficient,4,0,0,3,0,0,0,0,0
IU_8,sufficient,2,2,2,2,0,0,0,0,0
IU_8,incomplete,4,4,2,2,2,0,0,0,0
IU_8,irrelevant,3,4,2,2,2,0,0,0,0
IU_8,conflicting,2,2,2,2,0,0,0,0,0
IU_8,insufficient,4,0,0,4,0,0,0,0,0
IU_9,sufficient,3,3,3,1,0,0,0,0,0
IU_9,incomplete,3,3,3,1,0,0,0,0,0
IU_9,irrelevant,2,4,3,1,1,0,0,0,0
IU_9,insufficient,4,0,0,4,0,0,0,0,0
IU_10,sufficient,2,2,2,2,0,0,0,0,0
IU_10,incomplete,2,2,2,2,0,0,0,0,0
IU_10,irrelevant,3,4,2,2,2,0,0,0,0
IU_10,conflicting,2,2,2,2,0,0,0,0,0
IU_10,insufficient,4,0,0,4,0,0,0,0,0
IU_11,sufficient,4,4,2,0,2,0,0,0,0
IU_11,incomplete,3,3,2,0,1,0,0,0,0
IU_11,irrelevant,2,4,2,0,2,0,0,0,0
IU_11,conflicting,2,2,2,0,0,0,0,0,0
IU_11,insufficient,4,0,0,2,0,0,0,0,0
IU_12,irrelevant,3,4,2,0,2,0,0,0,0
IU_12,insufficient,4,0,0,2,0,0,0,0,0
IU_13,irrelevant,2,4,2,2,2,0,0,0,0
IU_13,insufficient,4,0,0,4,0,0,0,0,0
IU_14,sufficient,2,2,1,4,1,0,0,0,0
IU_14,incomplete,2,2,1,4,1,0,0,0,0
IU_14,irrelevant,2,4,3,2,1,0,0,0,0
IU_14,conflicting,4,4,3,2,1,0,0,0,0
IU_14,insufficient,4,0,0,5,0,0,0,0,0
IU_15,irrelevant,2,4,2,1,2,0,0,0,0
IU_15,insufficient,4,0,0,3,0,0,0,0,0
IU_17,sufficient,2,2,2,2,0,0,0,0,0
IU_17,incomplete,4,4,3,1,1,0,0,0,0
IU_17,irrelevant,2,4,3,1,1,0,0,0,0
IU_17,conflicting,2,2,2,2,0,0,0,0,0
IU_17,insufficient,4,0,0,4,0,0,0,0,0
IU_18,sufficient,2,2,2,2,0,0,0,0,0
IU_18,incomplete,4,4,4,0,0,0,0,0,0
IU_18,irrelevant,3,4,4,0,0,0,0,0,0
IU_18,conflicting,4,4,4,0,0,0,0,0,0
IU_18,insufficient,4,0,0,4,0,0,0,0,0
IU_19,sufficient,3,3,2,2,1,0,0,0,0
IU_19,irrelevant,0,3,2,2,1,0,0,0,0
IU_19,conflicting,2,2,2,2,0,0,0,0,0
IU_19,insufficient,3,0,0,4,0,0,0,0,0
IU_20,sufficient,3,3,2,2,1,0,0,0,0
IU_20,irrelevant,2,4,2,2,2,0,0,0,0
IU_20,conflicting,3,3,2,2,1,0,0,0,0
IU_20,insufficient,4,0,0,4,0,0,0,0,0
IU_22,sufficient,2,2,2,1,0,0,0,0,0
IU_22,irrelevant,3,3,2,1,1,0,0,0,0
IU_22,conflicting,3,3,2,1,1,0,0,0,0
IU_22,insufficient,3,0,0,3,0,0,0,0,0
IU_23,sufficient,3,3,2,1,1,0,0,0,0
IU_23,incomplete,3,3,2,1,1,0,0,0,0
IU_23,irrelevant,3,4,2,1,2,0,0,0,0
IU_23,conflicting,2,2,2,1,0,0,0,0,0
IU_23,insufficient,4,0,0,3,0,0,0,0,0
