sample_id,condition,baseline_radgraph_precision,baseline_radgraph_recall,baseline_radgraph_f1,gated_radgraph_precision,gated_radgraph_recall,gated_radgraph_f1,delta_radgraph_f1
IU_1,sufficient,0.4516,0.3871,0.2424,0.4516,0.3871,0.2424,0.0
IU_1,irrelevant,0.4516,0.3871,0.2424,0.4828,0.3448,0.2,-0.0424
IU_1,conflicting,0.4,0.4,0.25,0.4,0.4,0.25,0.0
IU_1,insufficient,0.4828,0.3448,0.2,0.0,0.0,0.0,-0.2
IU_2,sufficient,0.1481,0.1429,0.1379,0.1481,0.1429,0.1379,0.0
IU_2,irrelevant,0.16,0.1538,0.1333,0.16,0.1538,0.1538,0.0205
IU_2,conflicting,0.0714,0.069,0.1333,0.0714,0.069,0.1333,0.0
IU_2,insufficient,0.16,0.1538,0.1538,0.0,0.0,0.0,-0.1538
IU_4,sufficient,0.1633,0.1538,0.1212,0.1633,0.1538,0.1212,0.0
IU_4,irrelevant,0.383,0.3529,0.2857,0.2449,0.2308,0.1905,-0.0952
IU_4,insufficient,0.2449,0.2308,0.1905,0.0,0.0,0.0,-0.1905
IU_5,sufficient,0.4737,0.4737,0.4103,0.4737,0.4737,0.4103,0.0
IU_5,incomplete,0.35,0.35,0.2326,0.35,0.35,0.2326,0.0
IU_5,irrelevant,0.4737,0.4737,0.4103,0.5128,0.4615,0.4,-0.0103
IU_5,conflicting,0.3684,0.3684,0.35,0.3784,0.3784,0.359,0.009
IU_5,insufficient,0.5128,0.4615,0.4,0.0,0.0,0.0,-0.4
IU_6,sufficient,0.3333,0.3333,0.25,0.3333,0.3333,0.25,0.0
IU_6,irrelevant,0.5128,0.5128,0.439,0.3784,0.3784,0.2105,-0.2285
IU_6,conflicting,0.4103,0.4103,0.381,0.3684,0.3684,0.3415,-0.0395
IU_6,insufficient,0.3784,0.3784,0.2105,0.0,0.0,0.0,-0.2105
IU_7,sufficient,0.3889,0.3243,0.2,0.3889,0.3243,0.2,0.0
IU_7,irrelevant,0.3529,0.3429,0.2162,0.3871,0.3125,0.25,0.0338
IU_7,conflicting,0.4242,0.3529,0.2941,0.4242,0.3529,0.2941,0.0
IU_7,insufficient,0.3871,0.3125,0.25,0.0,0.0,0.0,-0.25
IU_8,sufficient,0.2162,0.2162,0.1395,0.2162,0.2162,0.1395,0.0
IU_8,incomplete,0.3429,0.3429,0.2105,0.3429,0.3429,0.2105,0.0
IU_8,irrelevant,0.4324,0.4324,0.2927,0.2353,0.2286,0.1579,-0.1348
IU_8,conflicting,0.3077,0.3077,0.2273,0.3243,0.3243,0.2381,0.0108
IU_8,insufficient,0.2353,0.2286,0.1579,0.0,0.0,0.0,-0.1579
IU_9,sufficient,0.1905,0.1429,0.1277,0.1905,0.1429,0.1277,0.0
IU_9,incomplete,0.2174,0.1739,0.1455,0.2174,0.1739,0.1455,0.0
IU_9,irrelevant,0.1579,0.1538,0.1333,0.25,0.2,0.1364,0.003
IU_9,insufficient,0.25,0.2,0.1364,0.0,0.0,0.0,-0.1364
IU_10,sufficient,0.3,0.3,0.2727,0.3,0.3,0.2727,0.0
IU_10,incomplete,0.3,0.3,0.2667,0.3,0.3,0.2667,0.0
IU_10,irrelevant,0.5238,0.4762,0.3636,0.5,0.5,0.4878,0.1242
IU_10,conflicting,0.359,0.359,0.3415,0.3684,0.3684,0.35,0.0085
IU_10,insufficient,0.5,0.5,0.4878,0.0,0.0,0.0,-0.4878
IU_11,sufficient,0.3871,0.3125,0.1667,0.3871,0.3125,0.1667,0.0
IU_11,incomplete,0.375,0.303,0.1579,0.375,0.303,0.1579,0.0
IU_11,irrelevant,0.3871,0.3125,0.2703,0.4286,0.3333,0.3125,0.0422
IU_11,conflicting,0.4286,0.3448,0.3125,0.4444,0.3571,0.3226,0.0101
IU_11,insufficient,0.4286,0.3333,0.3125,0.0,0.0,0.0,-0.3125
IU_12,irrelevant,0.4242,0.4118,0.2632,0.4828,0.4667,0.2941,0.031
IU_12,insufficient,0.4828,0.4667,0.2941,0.0,0.0,0.0,-0.2941
IU_13,irrelevant,0.303,0.303,0.1667,0.3636,0.3636,0.1818,0.0152
IU_13,insufficient,0.3636,0.3636,0.1818,0.0,0.0,0.0,-0.1818
IU_14,sufficient,0.2222,0.2222,0.1951,0.2222,0.2222,0.1951,0.0
IU_14,incomplete,0.1765,0.1765,0.1081,0.1765,0.1765,0.1081,0.0
IU_14,irrelevant,0.1714,0.1143,0.0488,0.2857,0.2222,0.1053,0.0565
IU_14,conflicting,0.3333,0.2222,0.1053,0.3333,0.2222,0.1053,0.0
IU_14,insufficient,0.2857,0.2222,0.1053,0.0,0.0,0.0,-0.1053
IU_15,irrelevant,0.4286,0.4138,0.375,0.3529,0.3429,0.2564,-0.1186
IU_15,insufficient,0.3529,0.3429,0.2564,0.0,0.0,0.0,-0.2564
IU_17,sufficient,0.1333,0.129,0.1212,0.1333,0.129,0.1212,0.0
IU_17,incomplete,0.375,0.3125,0.1875,0.375,0.3125,0.1875,0.0
IU_17,irrelevant,0.1333,0.1333,0.1212,0.375,0.3125,0.1875,0.0663
IU_17,conflicting,0.1935,0.1935,0.125,0.2,0.2,0.129,0.004
IU_17,insufficient,0.375,0.3125,0.1875,0.0,0.0,0.0,-0.1875
IU_18,sufficient,0.24,0.24,0.2143,0.24,0.24,0.2143,0.0
IU_18,incomplete,0.5926,0.4444,0.2963,0.5926,0.4444,0.2963,0.0
IU_18,irrelevant,0.6207,0.5517,0.4667,0.5926,0.4444,0.2963,-0.1704
IU_18,conflicting,0.5926,0.4444,0.2963,0.5926,0.4444,0.2963,0.0
IU_18,insufficient,0.5926,0.4444,0.2963,0.0,0.0,0.0,-0.2963
IU_19,sufficient,0.381,0.2857,0.1739,0.381,0.2857,0.1739,0.0
IU_19,irrelevant,0.2778,0.2778,0.2,0.1765,0.1765,0.0526,-0.1474
IU_19,conflicting,0.1875,0.125,0.0588,0.1935,0.129,0.0606,0.0018
IU_19,insufficient,0.1765,0.1765,0.0526,0.0,0.0,0.0,-0.0526
IU_20,sufficient,0.359,0.3077,0.1905,0.359,0.3077,0.1905,0.0
IU_20,irrelevant,0.4103,0.359,0.2791,0.3889,0.3333,0.3158,0.0367
IU_20,conflicting,0.2222,0.1667,0.0976,0.2222,0.1667,0.0976,0.0
IU_20,insufficient,0.3889,0.3333,0.3158,0.0,0.0,0.0,-0.3158
IU_22,sufficient,0.4828,0.4828,0.4375,0.4828,0.4828,0.4375,0.0
IU_22,irrelevant,0.5714,0.5714,0.3333,0.5946,0.5946,0.381,0.0476
IU_22,conflicting,0.3871,0.3871,0.1765,0.3871,0.3871,0.1765,0.0
IU_22,insufficient,0.5946,0.5946,0.381,0.0,0.0,0.0,-0.381
IU_23,sufficient,0.5882,0.5143,0.4,0.5882,0.5143,0.4,0.0
IU_23,incomplete,0.5333,0.5161,0.4375,0.5333,0.5161,0.4375,0.0
IU_23,irrelevant,0.5333,0.5161,0.4375,0.3571,0.3448,0.2759,-0.1616
IU_23,conflicting,0.4828,0.4,0.375,0.4828,0.4,0.375,0.0
IU_23,insufficient,0.3571,0.3448,0.2759,0.0,0.0,0.0,-0.2759
