sample_id,condition,baseline_accepted,gated_accepted,baseline_unsupported_claim_rate,gated_unsupported_claim_rate,gated_gate_action
IU_1,sufficient,True,True,0.0,0.0,generate
IU_1,irrelevant,True,True,0.0,0.0,discount_context
IU_1,conflicting,True,True,0.0,0.0,qualify_or_abstain
IU_1,insufficient,True,False,0.0,0.0,abstain
IU_2,sufficient,True,True,0.0,0.0,generate
IU_2,irrelevant,True,True,0.0,0.0,discount_context
IU_2,conflicting,True,True,0.0,0.0,qualify_or_abstain
IU_2,insufficient,True,False,0.0,0.0,abstain
IU_4,sufficient,True,True,0.0,0.0,generate
IU_4,irrelevant,True,True,0.25,0.0,discount_context
IU_4,insufficient,True,False,0.0,0.0,abstain
IU_5,sufficient,True,True,0.0,0.0,generate
IU_5,incomplete,True,True,0.0,0.0,generate
IU_5,irrelevant,True,True,0.0,0.0,discount_context
IU_5,conflicting,True,True,0.0,0.0,qualify_or_abstain
IU_5,insufficient,True,False,0.0,0.0,abstain
IU_6,sufficient,True,True,0.0,0.0,generate
IU_6,irrelevant,True,True,0.0,0.0,discount_context
IU_6,conflicting,True,True,0.0,0.0,qualify_or_abstain
IU_6,insufficient,True,False,0.0,0.0,abstain
IU_7,sufficient,True,True,0.0,0.0,generate
IU_7,irrelevant,True,True,0.0,0.0,discount_context
IU_7,conflicting,True,True,0.0,0.0,qualify_or_abstain
IU_7,insufficient,True,False,0.0,0.0,abstain
IU_8,sufficient,True,True,0.0,0.0,generate
IU_8,incomplete,True,True,0.0,0.0,generate
IU_8,irrelevant,True,True,0.0,0.0,discount_context
IU_8,conflicting,True,True,0.0,0.0,qualify_or_abstain
IU_8,insufficient,True,False,0.0,0.0,abstain
IU_9,sufficient,True,True,0.0,0.0,generate
IU_9,incomplete,True,True,0.0,0.0,generate
IU_9,irrelevant,True,True,0.0,0.0,discount_context
IU_9,insufficient,True,False,0.0,0.0,abstain
IU_10,sufficient,True,True,0.0,0.0,generate
IU_10,incomplete,True,True,0.0,0.0,generate
IU_10,irrelevant,True,True,0.0,0.0,discount_context
IU_10,conflicting,True,True,0.0,0.0,qualify_or_abstain
IU_10,insufficient,True,False,0.0,0.0,abstain
IU_11,sufficient,True,True,0.0,0.0,generate
IU_11,incomplete,True,True,0.0,0.0,generate
IU_11,irrelevant,True,True,0.0,0.0,discount_context
IU_11,conflicting,True,True,0.0,0.0,qualify_or_abstain
IU_11,insufficient,True,False,0.0,0.0,abstain
IU_12,irrelevant,True,True,0.0,0.0,discount_context
IU_12,insufficient,True,False,0.0,0.0,abstain
IU_13,irrelevant,True,True,0.0,0.0,discount_context
IU_13,insufficient,True,False,0.0,0.0,abstain
IU_14,sufficient,True,True,0.0,0.0,generate
IU_14,incomplete,True,True,0.0,0.0,generate
IU_14,irrelevant,True,True,0.0,0.0,discount_context
IU_14,conflicting,True,True,0.0,0.0,qualify_or_abstain
IU_14,insufficient,True,False,0.0,0.0,abstain
IU_15,irrelevant,True,True,0.0,0.0,discount_context
IU_15,insufficient,True,False,0.0,0.0,abstain
IU_17,sufficient,True,True,0.0,0.0,generate
IU_17,incomplete,True,True,0.0,0.0,generate
IU_17,irrelevant,True,True,0.0,0.0,discount_context
IU_17,conflicting,True,True,0.0,0.0,qualify_or_abstain
IU_17,insufficient,True,False,0.0,0.0,abstain
IU_18,sufficient,True,True,0.0,0.0,generate
IU_18,incomplete,True,True,0.0,0.0,generate
IU_18,irrelevant,True,True,0.0,0.0,discount_context
IU_18,conflicting,True,True,0.0,0.0,qualify_or_abstain
IU_18,insufficient,True,False,0.0,0.0,abstain
IU_19,sufficient,True,True,0.0,0.0,generate
IU_19,irrelevant,True,True,0.0,0.0,discount_context
IU_19,conflicting,True,True,0.0,0.0,qualify_or_abstain
IU_19,insufficient,True,False,0.0,0.0,abstain
IU_20,sufficient,True,True,0.0,0.0,generate
IU_20,irrelevant,True,True,0.0,0.0,discount_context
IU_20,conflicting,True,True,0.0,0.0,qualify_or_abstain
IU_20,insufficient,True,False,0.0,0.0,abstain
IU_22,sufficient,True,True,0.0,0.0,generate
IU_22,irrelevant,True,True,0.0,0.0,discount_context
IU_22,conflicting,True,True,0.0,0.0,qualify_or_abstain
IU_22,insufficient,True,False,0.0,0.0,abstain
IU_23,sufficient,True,True,0.0,0.0,generate
IU_23,incomplete,True,True,0.0,0.0,generate
IU_23,irrelevant,True,True,0.0,0.0,discount_context
IU_23,conflicting,True,True,0.0,0.0,qualify_or_abstain
IU_23,insufficient,True,False,0.0,0.0,abstain
