study_id,split
32,evaluation
36,evaluation
44,evaluation
49,evaluation
53,evaluation
66,evaluation
67,evaluation
175,evaluation
185,evaluation
190,evaluation
195,development
227,development
247,evaluation
253,development
254,evaluation
270,evaluation
275,evaluation
282,development
287,evaluation
290,development
297,evaluation
303,evaluation
304,evaluation
313,evaluation
317,development
329,evaluation
340,evaluation
341,evaluation
372,evaluation
382,evaluation
388,evaluation
400,evaluation
417,evaluation
437,evaluation
451,evaluation
458,development
460,evaluation
461,evaluation
463,evaluation
475,evaluation
486,evaluation
493,evaluation
494,development
498,evaluation
502,evaluation
519,evaluation
527,evaluation
551,evaluation
567,evaluation
577,development
581,evaluation
585,evaluation
586,evaluation
590,evaluation
594,evaluation
595,evaluation
600,evaluation
604,evaluation
628,evaluation
633,evaluation
645,evaluation
653,evaluation
655,evaluation
688,evaluation
702,evaluation
729,evaluation
753,evaluation
772,evaluation
782,evaluation
783,development
784,evaluation
793,development
806,evaluation
814,evaluation
827,evaluation
854,evaluation
871,evaluation
927,evaluation
936,development
960,development
963,evaluation
965,development
975,evaluation
989,evaluation
991,evaluation
1001,evaluation
1008,evaluation
1025,development
1034,evaluation
1059,evaluation
1097,evaluation
1114,evaluation
1165,development
1172,evaluation
1173,evaluation
1205,evaluation
