condition,lambda,unsupported_claim_count,unsupported_claim_rate,radgraph_f1_mean,radgraph_f1_median,chexpert_f1_mean,chexpert_f1_median
conflicting,0.0,46,0.3357664233576642,0.0978327988807631,0.0769230769230769,0.2070833333333333,0.0
conflicting,0.25,50,0.3333333333333333,0.0979705152582646,0.0842198581560283,0.195,0.0
evidentiary_incomplete,0.0,33,0.1609756097560975,0.1581536251062385,0.1428571428571428,0.3080357142857143,0.0
evidentiary_incomplete,0.25,29,0.1686046511627907,0.1568575227514798,0.1558704453441295,0.2552380952380952,0.0
insufficient,0.0,16,0.3333333333333333,0.0301784386630257,0.0,0.2734523809523809,0.0
insufficient,0.25,16,0.3333333333333333,0.0301784386630257,0.0,0.2734523809523809,0.0
irrelevant,0.0,25,0.1358695652173913,0.1560376475310078,0.1304964539007092,0.2017857142857143,0.0
irrelevant,0.25,23,0.1161616161616161,0.1429805322686007,0.1519230769230769,0.2248809523809523,0.0
sufficient,0.0,31,0.1623036649214659,0.1479270909974854,0.1428571428571428,0.2583928571428571,0.0
sufficient,0.25,23,0.1197916666666666,0.1602453353476112,0.148170731707317,0.2572619047619048,0.0
syntactic_incomplete,0.0,20,0.1176470588235294,0.1192809553818057,0.1091269841269841,0.2385714285714285,0.0
syntactic_incomplete,0.25,27,0.1578947368421052,0.1345686114404944,0.1291666666666666,0.2531547619047619,0.0
